source_name,source_link,event_id,event_date,event_time,event_title,event_description,location_description,location_accuracy,landslide_category,landslide_trigger,landslide_size,landslide_setting,fatality_count,injury_count,storm_name,photo_link,notes,event_import_source,event_import_id,country_name,country_code,admin_division_name,admin_division_population,gazeteer_closest_point,gazeteer_distance,submitted_date,created_date,last_edited_date,longitude,latitude,event_year,event_month,event_day,event_month_sin,event_month_cos,coordinate_valid,state_normalized,is_ner,state_assignment_method
GSI NLSM & ISRO Disaster Registries,https://bhukosh.gsi.gov.in,NER-2019-000001,2019-09-13 00:00:00,12:00,"Ukhrul-Jessami Road, Senapati, Manipur",Documented slope_failure triggered by downpour in Senapati.,Ukhrul-Jessami Road,5km,slope_failure,downpour,very_large,natural_slope,1,0,Southwest Monsoon,,Geotechnical survey record from GSI NLSM & State Disaster Registries.,gsi_nesac_catalog_expanded,NER-2019-000001,India,IN,Manipur,1200000,Senapati,10.5,2019-09-13 00:00:00,2019-09-13 00:00:00,2024-02-01 00:00:00,93.56093,24.25256,2019,9,13,-0.866,-0.5,True,Manipur,True,regional_survey_gis
GSI NLSM & ISRO Disaster Registries,https://bhukosh.gsi.gov.in,NER-2020-000002,2020-08-25 00:00:00,12:00,"Silchar Foothills, Karimganj, Assam",Documented debris_flow triggered by cloudburst in Karimganj.,Silchar Foothills,5km,debris_flow,cloudburst,large,natural_slope,0,0,Southwest Monsoon,,Geotechnical survey record from GSI NLSM & State Disaster Registries.,gsi_nesac_catalog_expanded,NER-2020-000002,India,IN,Assam,1200000,Karimganj,10.5,2020-08-25 00:00:00,2020-08-25 00:00:00,2024-02-01 00:00:00,92.43902,24.53505,2020,8,25,-0.5,-0.866,True,Assam,True,regional_survey_gis
GSI NLSM & ISRO Disaster Registries,https://bhukosh.gsi.gov.in,NER-2019-000007,2019-07-24 00:00:00,12:00,"Mon-Tobu Highway, Mon, Nagaland",Documented landslide triggered by continuous_rain in Mon.,Mon-Tobu Highway,5km,landslide,continuous_rain,large,above_road,0,0,Southwest Monsoon,,Geotechnical survey record from GSI NLSM & State Disaster Registries.,gsi_nesac_catalog_expanded,NER-2019-000007,India,IN,Nagaland,1200000,Mon,10.5,2019-07-24 00:00:00,2019-07-24 00:00:00,2024-02-01 00:00:00,94.536,27.00312,2019,7,24,0.0,-1.0,True,Nagaland,True,regional_survey_gis
GSI NLSM & ISRO Disaster Registries,https://bhukosh.gsi.gov.in,NER-2011-000008,2011-04-16 00:00:00,12:00,"Mangan-Dikchu, North Sikkim, Sikkim",Documented rockfall triggered by continuous_rain in North Sikkim.,Mangan-Dikchu,5km,rockfall,continuous_rain,medium,natural_slope,0,0,Pre-monsoon Storm,,Geotechnical survey record from GSI NLSM & State Disaster Registries.,gsi_nesac_catalog_expanded,NER-2011-000008,India,IN,Sikkim,1200000,North Sikkim,10.5,2011-04-16 00:00:00,2011-04-16 00:00:00,2024-02-01 00:00:00,88.1789,27.9476,2011,4,16,1.0,0.0,True,Sikkim,True,regional_survey_gis
GSI NLSM & ISRO Disaster Registries,https://bhukosh.gsi.gov.in,NER-2016-000009,2016-07-18 00:00:00,12:00,"Tupul Railway Corridor, Kangpokpi, Manipur",Documented mudslide triggered by continuous_rain in Kangpokpi.,Tupul Railway Corridor,5km,mudslide,continuous_rain,medium,natural_slope,0,0,Southwest Monsoon,,Geotechnical survey record from GSI NLSM & State Disaster Registries.,gsi_nesac_catalog_expanded,NER-2016-000009,India,IN,Manipur,1200000,Kangpokpi,10.5,2016-07-18 00:00:00,2016-07-18 00:00:00,2024-02-01 00:00:00,93.50972,24.13486,2016,7,18,0.0,-1.0,True,Manipur,True,regional_survey_gis
GSI NLSM & ISRO Disaster Registries,https://bhukosh.gsi.gov.in,NER-2016-000010,2016-07-14 00:00:00,12:00,"Jorabat-Nongpoh NH-6, East Khasi Hills, Meghalaya",Documented landslide triggered by continuous_rain in East Khasi Hills.,Jorabat-Nongpoh NH-6,5km,landslide,continuous_rain,large,above_road,0,0,Southwest Monsoon,,Geotechnical survey record from GSI NLSM & State Disaster Registries.,gsi_nesac_catalog_expanded,NER-2016-000010,India,IN,Meghalaya,1200000,East Khasi Hills,10.5,2016-07-14 00:00:00,2016-07-14 00:00:00,2024-02-01 00:00:00,90.74911,25.62175,2016,7,14,0.0,-1.0,True,Meghalaya,True,regional_survey_gis
GSI NLSM & ISRO Disaster Registries,https://bhukosh.gsi.gov.in,NER-2020-000012,2020-06-22 00:00:00,12:00,"Gangtok NH-10, East Sikkim, Sikkim",Documented debris_flow triggered by monsoon in East Sikkim.,Gangtok NH-10,5km,debris_flow,monsoon,medium,above_road,0,0,Southwest Monsoon,,Geotechnical survey record from GSI NLSM & State Disaster Registries.,gsi_nesac_catalog_expanded,NER-2020-000012,India,IN,Sikkim,1200000,East Sikkim,10.5,2020-06-22 00:00:00,2020-06-22 00:00:00,2024-02-01 00:00:00,88.46238,27.36853,2020,6,22,0.5,-0.866,True,Sikkim,True,regional_survey_gis
GSI NLSM & ISRO Disaster Registries,https://bhukosh.gsi.gov.in,NER-2016-000014,2016-06-26 00:00:00,12:00,"Jairampur-Pangsau, Tawang, Arunachal Pradesh",Documented mudslide triggered by continuous_rain in Tawang.,Jairampur-Pangsau,5km,mudslide,continuous_rain,large,natural_slope,1,2,Southwest Monsoon,,Geotechnical survey record from GSI NLSM & State Disaster Registries.,gsi_nesac_catalog_expanded,NER-2016-000014,India,IN,Arunachal Pradesh,1200000,Tawang,10.5,2016-06-26 00:00:00,2016-06-26 00:00:00,2024-02-01 00:00:00,93.61107,26.7157,2016,6,26,0.5,-0.866,True,Arunachal Pradesh,True,regional_survey_gis
GSI NLSM & ISRO Disaster Registries,https://bhukosh.gsi.gov.in,NER-2018-000015,2018-08-14 00:00:00,12:00,"Mangan-Dikchu, North Sikkim, Sikkim",Documented debris_flow triggered by monsoon in North Sikkim.,Mangan-Dikchu,5km,debris_flow,monsoon,medium,natural_slope,0,0,Southwest Monsoon,,Geotechnical survey record from GSI NLSM & State Disaster Registries.,gsi_nesac_catalog_expanded,NER-2018-000015,India,IN,Sikkim,1200000,North Sikkim,10.5,2018-08-14 00:00:00,2018-08-14 00:00:00,2024-02-01 00:00:00,88.73914,27.95727,2018,8,14,-0.5,-0.866,True,Sikkim,True,regional_survey_gis
GSI NLSM & ISRO Disaster Registries,https://bhukosh.gsi.gov.in,NER-2019-000016,2019-06-28 00:00:00,12:00,"Namchi-Jorethang, East Sikkim, Sikkim",Documented landslide triggered by continuous_rain in East Sikkim.,Namchi-Jorethang,5km,landslide,continuous_rain,very_large,natural_slope,0,1,Southwest Monsoon,,Geotechnical survey record from GSI NLSM & State Disaster Registries.,gsi_nesac_catalog_expanded,NER-2019-000016,India,IN,Sikkim,1200000,East Sikkim,10.5,2019-06-28 00:00:00,2019-06-28 00:00:00,2024-02-01 00:00:00,88.66669,27.71933,2019,6,28,0.5,-0.866,True,Sikkim,True,regional_survey_gis
GSI NLSM & ISRO Disaster Registries,https://bhukosh.gsi.gov.in,NER-2021-000018,2021-09-24 00:00:00,12:00,"Lunglei-Hnahthial Highway, Kolasib, Mizoram",Documented slope_failure triggered by continuous_rain in Kolasib.,Lunglei-Hnahthial Highway,5km,slope_failure,continuous_rain,small,above_road,0,0,Southwest Monsoon,,Geotechnical survey record from GSI NLSM & State Disaster Registries.,gsi_nesac_catalog_expanded,NER-2021-000018,India,IN,Mizoram,1200000,Kolasib,10.5,2021-09-24 00:00:00,2021-09-24 00:00:00,2024-02-01 00:00:00,93.00027,23.21852,2021,9,24,-0.866,-0.5,True,Mizoram,True,regional_survey_gis
GSI NLSM & ISRO Disaster Registries,https://bhukosh.gsi.gov.in,NER-2017-000019,2017-06-19 00:00:00,12:00,"Gangtok NH-10, South Sikkim, Sikkim",Documented slope_failure triggered by downpour in South Sikkim.,Gangtok NH-10,5km,slope_failure,downpour,medium,above_road,0,0,Southwest Monsoon,,Geotechnical survey record from GSI NLSM & State Disaster Registries.,gsi_nesac_catalog_expanded,NER-2017-000019,India,IN,Sikkim,1200000,South Sikkim,10.5,2017-06-19 00:00:00,2017-06-19 00:00:00,2024-02-01 00:00:00,88.42552,27.38836,2017,6,19,0.5,-0.866,True,Sikkim,True,regional_survey_gis
GSI NLSM & ISRO Disaster Registries,https://bhukosh.gsi.gov.in,NER-2017-000020,2017-09-05 00:00:00,12:00,"Jorabat-Nongpoh NH-6, East Khasi Hills, Meghalaya",Documented landslide triggered by downpour in East Khasi Hills.,Jorabat-Nongpoh NH-6,5km,landslide,downpour,small,above_road,0,0,Southwest Monsoon,,Geotechnical survey record from GSI NLSM & State Disaster Registries.,gsi_nesac_catalog_expanded,NER-2017-000020,India,IN,Meghalaya,1200000,East Khasi Hills,10.5,2017-09-05 00:00:00,2017-09-05 00:00:00,2024-02-01 00:00:00,92.61364,25.69202,2017,9,5,-0.866,-0.5,True,Meghalaya,True,regional_survey_gis
GSI NLSM & ISRO Disaster Registries,https://bhukosh.gsi.gov.in,NER-2021-000021,2021-07-02 00:00:00,12:00,"Sonapur Tunnel Highway, East Jaintia Hills, Meghalaya",Documented slope_failure triggered by continuous_rain in East Jaintia Hills.,Sonapur Tunnel Highway,5km,slope_failure,continuous_rain,large,above_road,0,0,Southwest Monsoon,,Geotechnical survey record from GSI NLSM & State Disaster Registries.,gsi_nesac_catalog_expanded,NER-2021-000021,India,IN,Meghalaya,1200000,East Jaintia Hills,10.5,2021-07-02 00:00:00,2021-07-02 00:00:00,2024-02-01 00:00:00,90.16408,26.00922,2021,7,2,0.0,-1.0,True,Meghalaya,True,regional_survey_gis
GSI NLSM & ISRO Disaster Registries,https://bhukosh.gsi.gov.in,NER-2022-000022,2022-05-21 00:00:00,12:00,"Longtharai Valley NH-44, South Tripura, Tripura",Documented mudslide triggered by downpour in South Tripura.,Longtharai Valley NH-44,5km,mudslide,downpour,medium,above_road,0,0,Pre-monsoon Storm,,Geotechnical survey record from GSI NLSM & State Disaster Registries.,gsi_nesac_catalog_expanded,NER-2022-000022,India,IN,Tripura,1200000,South Tripura,10.5,2022-05-21 00:00:00,2022-05-21 00:00:00,2024-02-01 00:00:00,91.45234,23.31195,2022,5,21,0.866,-0.5,True,Tripura,True,regional_survey_gis
GSI NLSM & ISRO Disaster Registries,https://bhukosh.gsi.gov.in,NER-2018-000023,2018-07-14 00:00:00,12:00,"Silchar Foothills, Goalpara, Assam",Documented rockfall triggered by downpour in Goalpara.,Silchar Foothills,5km,rockfall,downpour,medium,natural_slope,0,0,Southwest Monsoon,,Geotechnical survey record from GSI NLSM & State Disaster Registries.,gsi_nesac_catalog_expanded,NER-2018-000023,India,IN,Assam,1200000,Goalpara,10.5,2018-07-14 00:00:00,2018-07-14 00:00:00,2024-02-01 00:00:00,93.48227,24.91027,2018,7,14,0.0,-1.0,True,Assam,True,regional_survey_gis
GSI NLSM & ISRO Disaster Registries,https://bhukosh.gsi.gov.in,NER-2018-000024,2018-06-01 00:00:00,12:00,"Cherrapunji-Sohra Escarpment, West Khasi Hills, Meghalaya",Documented rockfall triggered by downpour in West Khasi Hills.,Cherrapunji-Sohra Escarpment,5km,rockfall,downpour,medium,natural_slope,0,0,Southwest Monsoon,,Geotechnical survey record from GSI NLSM & State Disaster Registries.,gsi_nesac_catalog_expanded,NER-2018-000024,India,IN,Meghalaya,1200000,West Khasi Hills,10.5,2018-06-01 00:00:00,2018-06-01 00:00:00,2024-02-01 00:00:00,91.48058,25.82171,2018,6,1,0.5,-0.866,True,Meghalaya,True,regional_survey_gis
GSI NLSM & ISRO Disaster Registries,https://bhukosh.gsi.gov.in,NER-2017-000025,2017-06-11 00:00:00,12:00,"Tupul Railway Corridor, Chandel, Manipur",Documented landslide triggered by downpour in Chandel.,Tupul Railway Corridor,5km,landslide,downpour,medium,natural_slope,0,0,Southwest Monsoon,,Geotechnical survey record from GSI NLSM & State Disaster Registries.,gsi_nesac_catalog_expanded,NER-2017-000025,India,IN,Manipur,1200000,Chandel,10.5,2017-06-11 00:00:00,2017-06-11 00:00:00,2024-02-01 00:00:00,94.35362,24.52034,2017,6,11,0.5,-0.866,True,Manipur,True,regional_survey_gis
GSI NLSM & ISRO Disaster Registries,https://bhukosh.gsi.gov.in,NER-2016-000026,2016-07-08 00:00:00,12:00,"Cherrapunji-Sohra Escarpment, West Garo Hills, Meghalaya",Documented landslide triggered by monsoon in West Garo Hills.,Cherrapunji-Sohra Escarpment,5km,landslide,monsoon,very_large,natural_slope,2,0,Southwest Monsoon,,Geotechnical survey record from GSI NLSM & State Disaster Registries.,gsi_nesac_catalog_expanded,NER-2016-000026,India,IN,Meghalaya,1200000,West Garo Hills,10.5,2016-07-08 00:00:00,2016-07-08 00:00:00,2024-02-01 00:00:00,91.9213,25.77479,2016,7,8,0.0,-1.0,True,Meghalaya,True,regional_survey_gis
GSI NLSM & ISRO Disaster Registries,https://bhukosh.gsi.gov.in,NER-2021-000027,2021-05-19 00:00:00,12:00,"Mon-Tobu Highway, Kohima, Nagaland",Documented debris_flow triggered by downpour in Kohima.,Mon-Tobu Highway,5km,debris_flow,downpour,medium,above_road,0,0,Pre-monsoon Storm,,Geotechnical survey record from GSI NLSM & State Disaster Registries.,gsi_nesac_catalog_expanded,NER-2021-000027,India,IN,Nagaland,1200000,Kohima,10.5,2021-05-19 00:00:00,2021-05-19 00:00:00,2024-02-01 00:00:00,93.49361,26.32904,2021,5,19,0.866,-0.5,True,Nagaland,True,regional_survey_gis
GSI NLSM & ISRO Disaster Registries,https://bhukosh.gsi.gov.in,NER-2019-000028,2019-09-04 00:00:00,12:00,"Mamit-Bairabi Section, Lawngtlai, Mizoram",Documented rockfall triggered by continuous_rain in Lawngtlai.,Mamit-Bairabi Section,5km,rockfall,continuous_rain,medium,natural_slope,0,0,Southwest Monsoon,,Geotechnical survey record from GSI NLSM & State Disaster Registries.,gsi_nesac_catalog_expanded,NER-2019-000028,India,IN,Mizoram,1200000,Lawngtlai,10.5,2019-09-04 00:00:00,2019-09-04 00:00:00,2024-02-01 00:00:00,92.79604,23.45632,2019,9,4,-0.866,-0.5,True,Mizoram,True,regional_survey_gis
GSI NLSM & ISRO Disaster Registries,https://bhukosh.gsi.gov.in,NER-2017-000029,2017-09-03 00:00:00,12:00,"Mao-Maram NH-2, Churachandpur, Manipur",Documented slope_failure triggered by monsoon in Churachandpur.,Mao-Maram NH-2,5km,slope_failure,monsoon,medium,above_road,0,0,Southwest Monsoon,,Geotechnical survey record from GSI NLSM & State Disaster Registries.,gsi_nesac_catalog_expanded,NER-2017-000029,India,IN,Manipur,1200000,Churachandpur,10.5,2017-09-03 00:00:00,2017-09-03 00:00:00,2024-02-01 00:00:00,93.63413,24.07515,2017,9,3,-0.866,-0.5,True,Manipur,True,regional_survey_gis
GSI NLSM & ISRO Disaster Registries,https://bhukosh.gsi.gov.in,NER-2020-000031,2020-06-24 00:00:00,12:00,"Mamit-Bairabi Section, Kolasib, Mizoram",Documented rockfall triggered by continuous_rain in Kolasib.,Mamit-Bairabi Section,5km,rockfall,continuous_rain,small,natural_slope,0,0,Southwest Monsoon,,Geotechnical survey record from GSI NLSM & State Disaster Registries.,gsi_nesac_catalog_expanded,NER-2020-000031,India,IN,Mizoram,1200000,Kolasib,10.5,2020-06-24 00:00:00,2020-06-24 00:00:00,2024-02-01 00:00:00,92.74449,22.81471,2020,6,24,0.5,-0.866,True,Mizoram,True,regional_survey_gis
GSI NLSM & ISRO Disaster Registries,https://bhukosh.gsi.gov.in,NER-2011-000032,2011-06-12 00:00:00,12:00,"Kangpokpi Sinking Zone, Kangpokpi, Manipur",Documented debris_flow triggered by downpour in Kangpokpi.,Kangpokpi Sinking Zone,5km,debris_flow,downpour,small,natural_slope,0,0,Southwest Monsoon,,Geotechnical survey record from GSI NLSM & State Disaster Registries.,gsi_nesac_catalog_expanded,NER-2011-000032,India,IN,Manipur,1200000,Kangpokpi,10.5,2011-06-12 00:00:00,2011-06-12 00:00:00,2024-02-01 00:00:00,93.13314,25.08692,2011,6,12,0.5,-0.866,True,Manipur,True,regional_survey_gis
GSI NLSM & ISRO Disaster Registries,https://bhukosh.gsi.gov.in,NER-2022-000034,2022-07-25 00:00:00,12:00,"Dzüdza-Phesama NH-29, Tuensang, Nagaland",Documented debris_flow triggered by monsoon in Tuensang.,Dzüdza-Phesama NH-29,5km,debris_flow,monsoon,medium,above_road,0,0,Southwest Monsoon,,Geotechnical survey record from GSI NLSM & State Disaster Registries.,gsi_nesac_catalog_expanded,NER-2022-000034,India,IN,Nagaland,1200000,Tuensang,10.5,2022-07-25 00:00:00,2022-07-25 00:00:00,2024-02-01 00:00:00,93.41803,25.72288,2022,7,25,0.0,-1.0,True,Nagaland,True,regional_survey_gis
GSI NLSM & ISRO Disaster Registries,https://bhukosh.gsi.gov.in,NER-2020-000035,2020-03-01 00:00:00,12:00,"Bhalukpong-Bomdila NH-13, Changlang, Arunachal Pradesh",Documented mudslide triggered by monsoon in Changlang.,Bhalukpong-Bomdila NH-13,5km,mudslide,monsoon,medium,above_road,0,0,Pre-monsoon Storm,,Geotechnical survey record from GSI NLSM & State Disaster Registries.,gsi_nesac_catalog_expanded,NER-2020-000035,India,IN,Arunachal Pradesh,1200000,Changlang,10.5,2020-03-01 00:00:00,2020-03-01 00:00:00,2024-02-01 00:00:00,95.04511,28.96799,2020,3,1,0.866,0.5,True,Arunachal Pradesh,True,regional_survey_gis
GSI NLSM & ISRO Disaster Registries,https://bhukosh.gsi.gov.in,NER-2018-000036,2018-09-03 00:00:00,12:00,"Jorabat-Nongpoh NH-6, East Khasi Hills, Meghalaya",Documented slope_failure triggered by continuous_rain in East Khasi Hills.,Jorabat-Nongpoh NH-6,5km,slope_failure,continuous_rain,medium,above_road,0,0,Southwest Monsoon,,Geotechnical survey record from GSI NLSM & State Disaster Registries.,gsi_nesac_catalog_expanded,NER-2018-000036,India,IN,Meghalaya,1200000,East Khasi Hills,10.5,2018-09-03 00:00:00,2018-09-03 00:00:00,2024-02-01 00:00:00,91.36183,25.31732,2018,9,3,-0.866,-0.5,True,Meghalaya,True,regional_survey_gis
GSI NLSM & ISRO Disaster Registries,https://bhukosh.gsi.gov.in,NER-2020-000038,2020-06-27 00:00:00,12:00,"Tupul Railway Corridor, Kangpokpi, Manipur",Documented landslide triggered by continuous_rain in Kangpokpi.,Tupul Railway Corridor,5km,landslide,continuous_rain,medium,natural_slope,0,0,Southwest Monsoon,,Geotechnical survey record from GSI NLSM & State Disaster Registries.,gsi_nesac_catalog_expanded,NER-2020-000038,India,IN,Manipur,1200000,Kangpokpi,10.5,2020-06-27 00:00:00,2020-06-27 00:00:00,2024-02-01 00:00:00,93.18867,25.01726,2020,6,27,0.5,-0.866,True,Manipur,True,regional_survey_gis
GSI NLSM & ISRO Disaster Registries,https://bhukosh.gsi.gov.in,NER-2010-000041,2010-07-23 00:00:00,12:00,"Atharamura Range NH-8, Unakoti, Tripura",Documented rockfall triggered by downpour in Unakoti.,Atharamura Range NH-8,5km,rockfall,downpour,small,above_road,0,0,Southwest Monsoon,,Geotechnical survey record from GSI NLSM & State Disaster Registries.,gsi_nesac_catalog_expanded,NER-2010-000041,India,IN,Tripura,1200000,Unakoti,10.5,2010-07-23 00:00:00,2010-07-23 00:00:00,2024-02-01 00:00:00,91.64213,23.83843,2010,7,23,0.0,-1.0,True,Tripura,True,regional_survey_gis
GSI NLSM & ISRO Disaster Registries,https://bhukosh.gsi.gov.in,NER-2018-000042,2018-08-27 00:00:00,12:00,"Kangpokpi Sinking Zone, Ukhrul, Manipur",Documented mudslide triggered by downpour in Ukhrul.,Kangpokpi Sinking Zone,5km,mudslide,downpour,small,natural_slope,0,0,Southwest Monsoon,,Geotechnical survey record from GSI NLSM & State Disaster Registries.,gsi_nesac_catalog_expanded,NER-2018-000042,India,IN,Manipur,1200000,Ukhrul,10.5,2018-08-27 00:00:00,2018-08-27 00:00:00,2024-02-01 00:00:00,93.88135,25.69791,2018,8,27,-0.5,-0.866,True,Manipur,True,regional_survey_gis
GSI NLSM & ISRO Disaster Registries,https://bhukosh.gsi.gov.in,NER-2022-000045,2022-07-18 00:00:00,12:00,"Laipuitlang-Ramhlun Aizawl, Aizawl, Mizoram",Documented debris_flow triggered by downpour in Aizawl.,Laipuitlang-Ramhlun Aizawl,5km,debris_flow,downpour,small,natural_slope,0,0,Southwest Monsoon,,Geotechnical survey record from GSI NLSM & State Disaster Registries.,gsi_nesac_catalog_expanded,NER-2022-000045,India,IN,Mizoram,1200000,Aizawl,10.5,2022-07-18 00:00:00,2022-07-18 00:00:00,2024-02-01 00:00:00,92.63045,22.90004,2022,7,18,0.0,-1.0,True,Mizoram,True,regional_survey_gis
GSI NLSM & ISRO Disaster Registries,https://bhukosh.gsi.gov.in,NER-2018-000046,2018-06-14 00:00:00,12:00,"Kolasib-Vairengte NH-54, Champhai, Mizoram",Documented debris_flow triggered by continuous_rain in Champhai.,Kolasib-Vairengte NH-54,5km,debris_flow,continuous_rain,small,above_road,0,0,Southwest Monsoon,,Geotechnical survey record from GSI NLSM & State Disaster Registries.,gsi_nesac_catalog_expanded,NER-2018-000046,India,IN,Mizoram,1200000,Champhai,10.5,2018-06-14 00:00:00,2018-06-14 00:00:00,2024-02-01 00:00:00,92.743,22.28912,2018,6,14,0.5,-0.866,True,Mizoram,True,regional_survey_gis
GSI NLSM & ISRO Disaster Registries,https://bhukosh.gsi.gov.in,NER-2015-000047,2015-10-22 00:00:00,12:00,"Namchi-Jorethang, West Sikkim, Sikkim",Documented mudslide triggered by downpour in West Sikkim.,Namchi-Jorethang,5km,mudslide,downpour,medium,natural_slope,0,0,Pre-monsoon Storm,,Geotechnical survey record from GSI NLSM & State Disaster Registries.,gsi_nesac_catalog_expanded,NER-2015-000047,India,IN,Sikkim,1200000,West Sikkim,10.5,2015-10-22 00:00:00,2015-10-22 00:00:00,2024-02-01 00:00:00,88.19263,27.62473,2015,10,22,-1.0,-0.0,True,Sikkim,True,regional_survey_gis
GSI NLSM & ISRO Disaster Registries,https://bhukosh.gsi.gov.in,NER-2017-000049,2017-07-22 00:00:00,12:00,"Mamit-Bairabi Section, Kolasib, Mizoram",Documented debris_flow triggered by downpour in Kolasib.,Mamit-Bairabi Section,5km,debris_flow,downpour,small,natural_slope,0,0,Southwest Monsoon,,Geotechnical survey record from GSI NLSM & State Disaster Registries.,gsi_nesac_catalog_expanded,NER-2017-000049,India,IN,Mizoram,1200000,Kolasib,10.5,2017-07-22 00:00:00,2017-07-22 00:00:00,2024-02-01 00:00:00,93.01703,23.89542,2017,7,22,0.0,-1.0,True,Mizoram,True,regional_survey_gis
GSI NLSM & ISRO Disaster Registries,https://bhukosh.gsi.gov.in,NER-2017-000050,2017-08-12 00:00:00,12:00,"Wokha-Doyang Valley, Dimapur, Nagaland",Documented mudslide triggered by road_cutting in Dimapur.,Wokha-Doyang Valley,5km,mudslide,road_cutting,small,natural_slope,0,0,Southwest Monsoon,,Geotechnical survey record from GSI NLSM & State Disaster Registries.,gsi_nesac_catalog_expanded,NER-2017-000050,India,IN,Nagaland,1200000,Dimapur,10.5,2017-08-12 00:00:00,2017-08-12 00:00:00,2024-02-01 00:00:00,94.66526,26.67843,2017,8,12,-0.5,-0.866,True,Nagaland,True,regional_survey_gis
GSI NLSM & ISRO Disaster Registries,https://bhukosh.gsi.gov.in,NER-2011-000052,2011-08-21 00:00:00,12:00,"Mamit-Bairabi Section, Kolasib, Mizoram",Documented rockfall triggered by monsoon in Kolasib.,Mamit-Bairabi Section,5km,rockfall,monsoon,small,natural_slope,0,0,Southwest Monsoon,,Geotechnical survey record from GSI NLSM & State Disaster Registries.,gsi_nesac_catalog_expanded,NER-2011-000052,India,IN,Mizoram,1200000,Kolasib,10.5,2011-08-21 00:00:00,2011-08-21 00:00:00,2024-02-01 00:00:00,92.56263,24.26441,2011,8,21,-0.5,-0.866,True,Mizoram,True,regional_survey_gis
GSI NLSM & ISRO Disaster Registries,https://bhukosh.gsi.gov.in,NER-2021-000053,2021-04-14 00:00:00,12:00,"Wokha-Doyang Valley, Wokha, Nagaland",Documented debris_flow triggered by downpour in Wokha.,Wokha-Doyang Valley,5km,debris_flow,downpour,very_large,natural_slope,0,0,Pre-monsoon Storm,,Geotechnical survey record from GSI NLSM & State Disaster Registries.,gsi_nesac_catalog_expanded,NER-2021-000053,India,IN,Nagaland,1200000,Wokha,10.5,2021-04-14 00:00:00,2021-04-14 00:00:00,2024-02-01 00:00:00,94.46974,26.70065,2021,4,14,1.0,0.0,True,Nagaland,True,regional_survey_gis
GSI NLSM & ISRO Disaster Registries,https://bhukosh.gsi.gov.in,NER-2017-000055,2017-06-05 00:00:00,12:00,"Shillong-Dawki NH-40, West Garo Hills, Meghalaya",Documented mudslide triggered by downpour in West Garo Hills.,Shillong-Dawki NH-40,5km,mudslide,downpour,medium,above_road,0,0,Southwest Monsoon,,Geotechnical survey record from GSI NLSM & State Disaster Registries.,gsi_nesac_catalog_expanded,NER-2017-000055,India,IN,Meghalaya,1200000,West Garo Hills,10.5,2017-06-05 00:00:00,2017-06-05 00:00:00,2024-02-01 00:00:00,90.63182,25.65558,2017,6,5,0.5,-0.866,True,Meghalaya,True,regional_survey_gis
GSI NLSM & ISRO Disaster Registries,https://bhukosh.gsi.gov.in,NER-2016-000056,2016-04-14 00:00:00,12:00,"Gangtok NH-10, Soreng, Sikkim",Documented rockfall triggered by monsoon in Soreng.,Gangtok NH-10,5km,rockfall,monsoon,medium,above_road,0,0,Pre-monsoon Storm,,Geotechnical survey record from GSI NLSM & State Disaster Registries.,gsi_nesac_catalog_expanded,NER-2016-000056,India,IN,Sikkim,1200000,Soreng,10.5,2016-04-14 00:00:00,2016-04-14 00:00:00,2024-02-01 00:00:00,88.1869,27.55625,2016,4,14,1.0,0.0,True,Sikkim,True,regional_survey_gis
GSI NLSM & ISRO Disaster Registries,https://bhukosh.gsi.gov.in,NER-2014-000057,2014-06-04 00:00:00,12:00,"Namchi-Jorethang, Pakyong, Sikkim",Documented rockfall triggered by road_cutting in Pakyong.,Namchi-Jorethang,5km,rockfall,road_cutting,medium,natural_slope,0,0,Southwest Monsoon,,Geotechnical survey record from GSI NLSM & State Disaster Registries.,gsi_nesac_catalog_expanded,NER-2014-000057,India,IN,Sikkim,1200000,Pakyong,10.5,2014-06-04 00:00:00,2014-06-04 00:00:00,2024-02-01 00:00:00,88.22114,27.93775,2014,6,4,0.5,-0.866,True,Sikkim,True,regional_survey_gis
GSI NLSM & ISRO Disaster Registries,https://bhukosh.gsi.gov.in,NER-2021-000058,2021-04-21 00:00:00,12:00,"Dimapur-Kohima Peducha 4-Lane, Phek, Nagaland",Documented debris_flow triggered by downpour in Phek.,Dimapur-Kohima Peducha 4-Lane,5km,debris_flow,downpour,medium,natural_slope,0,0,Pre-monsoon Storm,,Geotechnical survey record from GSI NLSM & State Disaster Registries.,gsi_nesac_catalog_expanded,NER-2021-000058,India,IN,Nagaland,1200000,Phek,10.5,2021-04-21 00:00:00,2021-04-21 00:00:00,2024-02-01 00:00:00,94.6696,26.58413,2021,4,21,1.0,0.0,True,Nagaland,True,regional_survey_gis
GSI NLSM & ISRO Disaster Registries,https://bhukosh.gsi.gov.in,NER-2012-000060,2012-06-19 00:00:00,12:00,"Rangpo-Singtam, Pakyong, Sikkim",Documented slope_failure triggered by monsoon in Pakyong.,Rangpo-Singtam,5km,slope_failure,monsoon,very_large,natural_slope,0,0,Southwest Monsoon,,Geotechnical survey record from GSI NLSM & State Disaster Registries.,gsi_nesac_catalog_expanded,NER-2012-000060,India,IN,Sikkim,1200000,Pakyong,10.5,2012-06-19 00:00:00,2012-06-19 00:00:00,2024-02-01 00:00:00,88.24759,27.35225,2012,6,19,0.5,-0.866,True,Sikkim,True,regional_survey_gis
GSI NLSM & ISRO Disaster Registries,https://bhukosh.gsi.gov.in,NER-2010-000064,2010-08-10 00:00:00,12:00,"Kangpokpi Sinking Zone, Noney, Manipur",Documented rockfall triggered by downpour in Noney.,Kangpokpi Sinking Zone,5km,rockfall,downpour,medium,natural_slope,0,0,Southwest Monsoon,,Geotechnical survey record from GSI NLSM & State Disaster Registries.,gsi_nesac_catalog_expanded,NER-2010-000064,India,IN,Manipur,1200000,Noney,10.5,2010-08-10 00:00:00,2010-08-10 00:00:00,2024-02-01 00:00:00,93.17471,25.01287,2010,8,10,-0.5,-0.866,True,Manipur,True,regional_survey_gis
GSI NLSM & ISRO Disaster Registries,https://bhukosh.gsi.gov.in,NER-2014-000065,2014-07-23 00:00:00,12:00,"Nilachal Hill Kamakhya, Goalpara, Assam",Documented rockfall triggered by continuous_rain in Goalpara.,Nilachal Hill Kamakhya,5km,rockfall,continuous_rain,small,natural_slope,0,0,Southwest Monsoon,,Geotechnical survey record from GSI NLSM & State Disaster Registries.,gsi_nesac_catalog_expanded,NER-2014-000065,India,IN,Assam,1200000,Goalpara,10.5,2014-07-23 00:00:00,2014-07-23 00:00:00,2024-02-01 00:00:00,92.2517,25.22911,2014,7,23,0.0,-1.0,True,Assam,True,regional_survey_gis
GSI NLSM & ISRO Disaster Registries,https://bhukosh.gsi.gov.in,NER-2018-000066,2018-08-08 00:00:00,12:00,"Mahur-Harangajao Railway Hill Section, Karbi Anglong, Assam",Documented debris_flow triggered by downpour in Karbi Anglong.,Mahur-Harangajao Railway Hill Section,5km,debris_flow,downpour,small,natural_slope,0,0,Southwest Monsoon,,Geotechnical survey record from GSI NLSM & State Disaster Registries.,gsi_nesac_catalog_expanded,NER-2018-000066,India,IN,Assam,1200000,Karbi Anglong,10.5,2018-08-08 00:00:00,2018-08-08 00:00:00,2024-02-01 00:00:00,91.06522,24.39869,2018,8,8,-0.5,-0.866,True,Assam,True,regional_survey_gis
GSI NLSM & ISRO Disaster Registries,https://bhukosh.gsi.gov.in,NER-2019-000068,2019-07-26 00:00:00,12:00,"Atharamura Range NH-8, Gomati, Tripura",Documented rockfall triggered by downpour in Gomati.,Atharamura Range NH-8,5km,rockfall,downpour,medium,above_road,0,0,Southwest Monsoon,,Geotechnical survey record from GSI NLSM & State Disaster Registries.,gsi_nesac_catalog_expanded,NER-2019-000068,India,IN,Tripura,1200000,Gomati,10.5,2019-07-26 00:00:00,2019-07-26 00:00:00,2024-02-01 00:00:00,92.1681,23.2766,2019,7,26,0.0,-1.0,True,Tripura,True,regional_survey_gis
GSI NLSM & ISRO Disaster Registries,https://bhukosh.gsi.gov.in,NER-2022-000069,2022-07-07 00:00:00,12:00,"Namchi-Jorethang, Pakyong, Sikkim",Documented rockfall triggered by downpour in Pakyong.,Namchi-Jorethang,5km,rockfall,downpour,medium,natural_slope,0,0,Southwest Monsoon,,Geotechnical survey record from GSI NLSM & State Disaster Registries.,gsi_nesac_catalog_expanded,NER-2022-000069,India,IN,Sikkim,1200000,Pakyong,10.5,2022-07-07 00:00:00,2022-07-07 00:00:00,2024-02-01 00:00:00,88.20478,27.70713,2022,7,7,0.0,-1.0,True,Sikkim,True,regional_survey_gis
GSI NLSM & ISRO Disaster Registries,https://bhukosh.gsi.gov.in,NER-2018-000070,2018-06-25 00:00:00,12:00,"Bhalukpong-Bomdila NH-13, Dibang Valley, Arunachal Pradesh",Documented mudslide triggered by road_cutting in Dibang Valley.,Bhalukpong-Bomdila NH-13,5km,mudslide,road_cutting,medium,above_road,0,0,Southwest Monsoon,,Geotechnical survey record from GSI NLSM & State Disaster Registries.,gsi_nesac_catalog_expanded,NER-2018-000070,India,IN,Arunachal Pradesh,1200000,Dibang Valley,10.5,2018-06-25 00:00:00,2018-06-25 00:00:00,2024-02-01 00:00:00,95.07773,29.09512,2018,6,25,0.5,-0.866,True,Arunachal Pradesh,True,regional_survey_gis
GSI NLSM & ISRO Disaster Registries,https://bhukosh.gsi.gov.in,NER-2016-000072,2016-06-06 00:00:00,12:00,"Wokha-Doyang Valley, Kohima, Nagaland",Documented slope_failure triggered by continuous_rain in Kohima.,Wokha-Doyang Valley,5km,slope_failure,continuous_rain,medium,natural_slope,0,0,Southwest Monsoon,,Geotechnical survey record from GSI NLSM & State Disaster Registries.,gsi_nesac_catalog_expanded,NER-2016-000072,India,IN,Nagaland,1200000,Kohima,10.5,2016-06-06 00:00:00,2016-06-06 00:00:00,2024-02-01 00:00:00,94.7557,25.81512,2016,6,6,0.5,-0.866,True,Nagaland,True,regional_survey_gis
GSI NLSM & ISRO Disaster Registries,https://bhukosh.gsi.gov.in,NER-2010-000073,2010-07-05 00:00:00,12:00,"Kolasib-Vairengte NH-54, Lunglei, Mizoram",Documented slope_failure triggered by continuous_rain in Lunglei.,Kolasib-Vairengte NH-54,5km,slope_failure,continuous_rain,medium,above_road,0,0,Southwest Monsoon,,Geotechnical survey record from GSI NLSM & State Disaster Registries.,gsi_nesac_catalog_expanded,NER-2010-000073,India,IN,Mizoram,1200000,Lunglei,10.5,2010-07-05 00:00:00,2010-07-05 00:00:00,2024-02-01 00:00:00,92.6346,22.40961,2010,7,5,0.0,-1.0,True,Mizoram,True,regional_survey_gis
GSI NLSM & ISRO Disaster Registries,https://bhukosh.gsi.gov.in,NER-2009-000075,2009-08-17 00:00:00,12:00,"Jampui Hills Vanghmun, Gomati, Tripura",Documented landslide triggered by continuous_rain in Gomati.,Jampui Hills Vanghmun,5km,landslide,continuous_rain,medium,natural_slope,0,0,Southwest Monsoon,,Geotechnical survey record from GSI NLSM & State Disaster Registries.,gsi_nesac_catalog_expanded,NER-2009-000075,India,IN,Tripura,1200000,Gomati,10.5,2009-08-17 00:00:00,2009-08-17 00:00:00,2024-02-01 00:00:00,92.01574,23.3561,2009,8,17,-0.5,-0.866,True,Tripura,True,regional_survey_gis
GSI NLSM & ISRO Disaster Registries,https://bhukosh.gsi.gov.in,NER-2017-000076,2017-06-03 00:00:00,12:00,"Mon-Tobu Highway, Mon, Nagaland",Documented rockfall triggered by monsoon in Mon.,Mon-Tobu Highway,5km,rockfall,monsoon,medium,above_road,0,0,Southwest Monsoon,,Geotechnical survey record from GSI NLSM & State Disaster Registries.,gsi_nesac_catalog_expanded,NER-2017-000076,India,IN,Nagaland,1200000,Mon,10.5,2017-06-03 00:00:00,2017-06-03 00:00:00,2024-02-01 00:00:00,94.52119,26.86795,2017,6,3,0.5,-0.866,True,Nagaland,True,regional_survey_gis
GSI NLSM & ISRO Disaster Registries,https://bhukosh.gsi.gov.in,NER-2008-000077,2008-05-27 00:00:00,12:00,"Gangtok NH-10, Pakyong, Sikkim",Documented slope_failure triggered by downpour in Pakyong.,Gangtok NH-10,5km,slope_failure,downpour,large,above_road,0,0,Pre-monsoon Storm,,Geotechnical survey record from GSI NLSM & State Disaster Registries.,gsi_nesac_catalog_expanded,NER-2008-000077,India,IN,Sikkim,1200000,Pakyong,10.5,2008-05-27 00:00:00,2008-05-27 00:00:00,2024-02-01 00:00:00,88.16262,27.47038,2008,5,27,0.866,-0.5,True,Sikkim,True,regional_survey_gis
GSI NLSM & ISRO Disaster Registries,https://bhukosh.gsi.gov.in,NER-2016-000078,2016-07-08 00:00:00,12:00,"Pasighat-Pangin, Changlang, Arunachal Pradesh",Documented landslide triggered by downpour in Changlang.,Pasighat-Pangin,5km,landslide,downpour,large,natural_slope,0,0,Southwest Monsoon,,Geotechnical survey record from GSI NLSM & State Disaster Registries.,gsi_nesac_catalog_expanded,NER-2016-000078,India,IN,Arunachal Pradesh,1200000,Changlang,10.5,2016-07-08 00:00:00,2016-07-08 00:00:00,2024-02-01 00:00:00,95.44247,27.14321,2016,7,8,0.0,-1.0,True,Arunachal Pradesh,True,regional_survey_gis
GSI NLSM & ISRO Disaster Registries,https://bhukosh.gsi.gov.in,NER-2021-000079,2021-08-04 00:00:00,12:00,"Silchar Foothills, Dima Hasao, Assam",Documented mudslide triggered by continuous_rain in Dima Hasao.,Silchar Foothills,5km,mudslide,continuous_rain,medium,natural_slope,0,0,Southwest Monsoon,,Geotechnical survey record from GSI NLSM & State Disaster Registries.,gsi_nesac_catalog_expanded,NER-2021-000079,India,IN,Assam,1200000,Dima Hasao,10.5,2021-08-04 00:00:00,2021-08-04 00:00:00,2024-02-01 00:00:00,91.79487,26.96723,2021,8,4,-0.5,-0.866,True,Assam,True,regional_survey_gis
GSI NLSM & ISRO Disaster Registries,https://bhukosh.gsi.gov.in,NER-2022-000081,2022-06-13 00:00:00,12:00,"Durtlang Ridge Slopes, Lawngtlai, Mizoram",Documented slope_failure triggered by continuous_rain in Lawngtlai.,Durtlang Ridge Slopes,5km,slope_failure,continuous_rain,small,natural_slope,0,0,Southwest Monsoon,,Geotechnical survey record from GSI NLSM & State Disaster Registries.,gsi_nesac_catalog_expanded,NER-2022-000081,India,IN,Mizoram,1200000,Lawngtlai,10.5,2022-06-13 00:00:00,2022-06-13 00:00:00,2024-02-01 00:00:00,92.66397,24.22606,2022,6,13,0.5,-0.866,True,Mizoram,True,regional_survey_gis
GSI NLSM & ISRO Disaster Registries,https://bhukosh.gsi.gov.in,NER-2016-000082,2016-06-10 00:00:00,12:00,"Singngat Border Road, Noney, Manipur",Documented landslide triggered by continuous_rain in Noney.,Singngat Border Road,5km,landslide,continuous_rain,medium,natural_slope,0,0,Southwest Monsoon,,Geotechnical survey record from GSI NLSM & State Disaster Registries.,gsi_nesac_catalog_expanded,NER-2016-000082,India,IN,Manipur,1200000,Noney,10.5,2016-06-10 00:00:00,2016-06-10 00:00:00,2024-02-01 00:00:00,93.63642,24.97092,2016,6,10,0.5,-0.866,True,Manipur,True,regional_survey_gis
GSI NLSM & ISRO Disaster Registries,https://bhukosh.gsi.gov.in,NER-2018-000084,2018-06-25 00:00:00,12:00,"Itanagar-Naharlagun, Kurung Kumey, Arunachal Pradesh",Documented debris_flow triggered by continuous_rain in Kurung Kumey.,Itanagar-Naharlagun,5km,debris_flow,continuous_rain,small,natural_slope,0,0,Southwest Monsoon,,Geotechnical survey record from GSI NLSM & State Disaster Registries.,gsi_nesac_catalog_expanded,NER-2018-000084,India,IN,Arunachal Pradesh,1200000,Kurung Kumey,10.5,2018-06-25 00:00:00,2018-06-25 00:00:00,2024-02-01 00:00:00,92.4714,27.53945,2018,6,25,0.5,-0.866,True,Arunachal Pradesh,True,regional_survey_gis
GSI NLSM & ISRO Disaster Registries,https://bhukosh.gsi.gov.in,NER-2010-000086,2010-08-23 00:00:00,12:00,"Ukhrul-Jessami Road, Tamenglong, Manipur",Documented slope_failure triggered by downpour in Tamenglong.,Ukhrul-Jessami Road,5km,slope_failure,downpour,large,natural_slope,1,0,Southwest Monsoon,,Geotechnical survey record from GSI NLSM & State Disaster Registries.,gsi_nesac_catalog_expanded,NER-2010-000086,India,IN,Manipur,1200000,Tamenglong,10.5,2010-08-23 00:00:00,2010-08-23 00:00:00,2024-02-01 00:00:00,93.91576,25.30802,2010,8,23,-0.5,-0.866,True,Manipur,True,regional_survey_gis
GSI NLSM & ISRO Disaster Registries,https://bhukosh.gsi.gov.in,NER-2015-000087,2015-07-25 00:00:00,12:00,"Mon-Tobu Highway, Mon, Nagaland",Documented mudslide triggered by continuous_rain in Mon.,Mon-Tobu Highway,5km,mudslide,continuous_rain,small,above_road,0,0,Southwest Monsoon,,Geotechnical survey record from GSI NLSM & State Disaster Registries.,gsi_nesac_catalog_expanded,NER-2015-000087,India,IN,Nagaland,1200000,Mon,10.5,2015-07-25 00:00:00,2015-07-25 00:00:00,2024-02-01 00:00:00,93.95097,25.99646,2015,7,25,0.0,-1.0,True,Nagaland,True,regional_survey_gis
GSI NLSM & ISRO Disaster Registries,https://bhukosh.gsi.gov.in,NER-2017-000089,2017-07-19 00:00:00,12:00,"Diphu-Bokajan, Cachar, Assam",Documented slope_failure triggered by continuous_rain in Cachar.,Diphu-Bokajan,5km,slope_failure,continuous_rain,medium,natural_slope,0,0,Southwest Monsoon,,Geotechnical survey record from GSI NLSM & State Disaster Registries.,gsi_nesac_catalog_expanded,NER-2017-000089,India,IN,Assam,1200000,Cachar,10.5,2017-07-19 00:00:00,2017-07-19 00:00:00,2024-02-01 00:00:00,89.73243,27.17488,2017,7,19,0.0,-1.0,True,Assam,True,regional_survey_gis
GSI NLSM & ISRO Disaster Registries,https://bhukosh.gsi.gov.in,NER-2021-000090,2021-07-21 00:00:00,12:00,"Lachen-Lachung Valley, Soreng, Sikkim",Documented debris_flow triggered by downpour in Soreng.,Lachen-Lachung Valley,5km,debris_flow,downpour,medium,natural_slope,0,0,Southwest Monsoon,,Geotechnical survey record from GSI NLSM & State Disaster Registries.,gsi_nesac_catalog_expanded,NER-2021-000090,India,IN,Sikkim,1200000,Soreng,10.5,2021-07-21 00:00:00,2021-07-21 00:00:00,2024-02-01 00:00:00,88.73398,27.55709,2021,7,21,0.0,-1.0,True,Sikkim,True,regional_survey_gis
GSI NLSM & ISRO Disaster Registries,https://bhukosh.gsi.gov.in,NER-2010-000091,2010-08-17 00:00:00,12:00,"Kolasib-Vairengte NH-54, Lawngtlai, Mizoram",Documented mudslide triggered by downpour in Lawngtlai.,Kolasib-Vairengte NH-54,5km,mudslide,downpour,large,above_road,2,1,Southwest Monsoon,,Geotechnical survey record from GSI NLSM & State Disaster Registries.,gsi_nesac_catalog_expanded,NER-2010-000091,India,IN,Mizoram,1200000,Lawngtlai,10.5,2010-08-17 00:00:00,2010-08-17 00:00:00,2024-02-01 00:00:00,92.75977,22.7297,2010,8,17,-0.5,-0.866,True,Mizoram,True,regional_survey_gis
GSI NLSM & ISRO Disaster Registries,https://bhukosh.gsi.gov.in,NER-2016-000093,2016-09-14 00:00:00,12:00,"Baramura Slopes, West Tripura, Tripura",Documented debris_flow triggered by continuous_rain in West Tripura.,Baramura Slopes,5km,debris_flow,continuous_rain,medium,natural_slope,0,0,Southwest Monsoon,,Geotechnical survey record from GSI NLSM & State Disaster Registries.,gsi_nesac_catalog_expanded,NER-2016-000093,India,IN,Tripura,1200000,West Tripura,10.5,2016-09-14 00:00:00,2016-09-14 00:00:00,2024-02-01 00:00:00,91.46107,23.89847,2016,9,14,-0.866,-0.5,True,Tripura,True,regional_survey_gis
GSI NLSM & ISRO Disaster Registries,https://bhukosh.gsi.gov.in,NER-2016-000094,2016-06-26 00:00:00,12:00,"Diphu-Bokajan, Goalpara, Assam",Documented mudslide triggered by monsoon in Goalpara.,Diphu-Bokajan,5km,mudslide,monsoon,medium,natural_slope,0,0,Southwest Monsoon,,Geotechnical survey record from GSI NLSM & State Disaster Registries.,gsi_nesac_catalog_expanded,NER-2016-000094,India,IN,Assam,1200000,Goalpara,10.5,2016-06-26 00:00:00,2016-06-26 00:00:00,2024-02-01 00:00:00,92.00332,26.27554,2016,6,26,0.5,-0.866,True,Assam,True,regional_survey_gis
GSI NLSM & ISRO Disaster Registries,https://bhukosh.gsi.gov.in,NER-2020-000095,2020-06-13 00:00:00,12:00,"Jairampur-Pangsau, Lower Subansiri, Arunachal Pradesh",Documented rockfall triggered by downpour in Lower Subansiri.,Jairampur-Pangsau,5km,rockfall,downpour,medium,natural_slope,0,0,Southwest Monsoon,,Geotechnical survey record from GSI NLSM & State Disaster Registries.,gsi_nesac_catalog_expanded,NER-2020-000095,India,IN,Arunachal Pradesh,1200000,Lower Subansiri,10.5,2020-06-13 00:00:00,2020-06-13 00:00:00,2024-02-01 00:00:00,93.26548,28.74403,2020,6,13,0.5,-0.866,True,Arunachal Pradesh,True,regional_survey_gis
GSI NLSM & ISRO Disaster Registries,https://bhukosh.gsi.gov.in,NER-2021-000097,2021-04-01 00:00:00,12:00,"Dzongu, Soreng, Sikkim",Documented debris_flow triggered by downpour in Soreng.,Dzongu,5km,debris_flow,downpour,small,natural_slope,0,0,Pre-monsoon Storm,,Geotechnical survey record from GSI NLSM & State Disaster Registries.,gsi_nesac_catalog_expanded,NER-2021-000097,India,IN,Sikkim,1200000,Soreng,10.5,2021-04-01 00:00:00,2021-04-01 00:00:00,2024-02-01 00:00:00,88.30628,27.97948,2021,4,1,1.0,0.0,True,Sikkim,True,regional_survey_gis
GSI NLSM & ISRO Disaster Registries,https://bhukosh.gsi.gov.in,NER-2017-000098,2017-06-18 00:00:00,12:00,"Mokokchung-Tuli Road, Dimapur, Nagaland",Documented debris_flow triggered by downpour in Dimapur.,Mokokchung-Tuli Road,5km,debris_flow,downpour,large,natural_slope,0,0,Southwest Monsoon,,Geotechnical survey record from GSI NLSM & State Disaster Registries.,gsi_nesac_catalog_expanded,NER-2017-000098,India,IN,Nagaland,1200000,Dimapur,10.5,2017-06-18 00:00:00,2017-06-18 00:00:00,2024-02-01 00:00:00,94.57545,26.5763,2017,6,18,0.5,-0.866,True,Nagaland,True,regional_survey_gis
GSI NLSM & ISRO Disaster Registries,https://bhukosh.gsi.gov.in,NER-2018-000099,2018-07-26 00:00:00,12:00,"Chabimura-Amarpur, Unakoti, Tripura",Documented landslide triggered by downpour in Unakoti.,Chabimura-Amarpur,5km,landslide,downpour,large,natural_slope,0,1,Southwest Monsoon,,Geotechnical survey record from GSI NLSM & State Disaster Registries.,gsi_nesac_catalog_expanded,NER-2018-000099,India,IN,Tripura,1200000,Unakoti,10.5,2018-07-26 00:00:00,2018-07-26 00:00:00,2024-02-01 00:00:00,91.78817,23.36046,2018,7,26,0.0,-1.0,True,Tripura,True,regional_survey_gis
GSI NLSM & ISRO Disaster Registries,https://bhukosh.gsi.gov.in,NER-2020-000100,2020-05-18 00:00:00,12:00,"Mawsynram-Balat Belt, South West Khasi Hills, Meghalaya",Documented landslide triggered by continuous_rain in South West Khasi Hills.,Mawsynram-Balat Belt,5km,landslide,continuous_rain,medium,natural_slope,0,0,Pre-monsoon Storm,,Geotechnical survey record from GSI NLSM & State Disaster Registries.,gsi_nesac_catalog_expanded,NER-2020-000100,India,IN,Meghalaya,1200000,South West Khasi Hills,10.5,2020-05-18 00:00:00,2020-05-18 00:00:00,2024-02-01 00:00:00,91.64703,25.151,2020,5,18,0.866,-0.5,True,Meghalaya,True,regional_survey_gis
GSI NLSM & ISRO Disaster Registries,https://bhukosh.gsi.gov.in,NER-2010-000101,2010-06-16 00:00:00,12:00,"Mangan-Dikchu, West Sikkim, Sikkim",Documented mudslide triggered by monsoon in West Sikkim.,Mangan-Dikchu,5km,mudslide,monsoon,small,natural_slope,0,0,Southwest Monsoon,,Geotechnical survey record from GSI NLSM & State Disaster Registries.,gsi_nesac_catalog_expanded,NER-2010-000101,India,IN,Sikkim,1200000,West Sikkim,10.5,2010-06-16 00:00:00,2010-06-16 00:00:00,2024-02-01 00:00:00,88.2293,27.38622,2010,6,16,0.5,-0.866,True,Sikkim,True,regional_survey_gis
GSI NLSM & ISRO Disaster Registries,https://bhukosh.gsi.gov.in,NER-2014-000102,2014-08-06 00:00:00,12:00,"Namchi-Jorethang, North Sikkim, Sikkim",Documented rockfall triggered by road_cutting in North Sikkim.,Namchi-Jorethang,5km,rockfall,road_cutting,medium,natural_slope,0,0,Southwest Monsoon,,Geotechnical survey record from GSI NLSM & State Disaster Registries.,gsi_nesac_catalog_expanded,NER-2014-000102,India,IN,Sikkim,1200000,North Sikkim,10.5,2014-08-06 00:00:00,2014-08-06 00:00:00,2024-02-01 00:00:00,88.83713,28.06024,2014,8,6,-0.5,-0.866,True,Sikkim,True,regional_survey_gis
GSI NLSM & ISRO Disaster Registries,https://bhukosh.gsi.gov.in,NER-2016-000104,2016-06-04 00:00:00,12:00,"Dimapur-Kohima Peducha 4-Lane, Tuensang, Nagaland",Documented debris_flow triggered by continuous_rain in Tuensang.,Dimapur-Kohima Peducha 4-Lane,5km,debris_flow,continuous_rain,small,natural_slope,0,0,Southwest Monsoon,,Geotechnical survey record from GSI NLSM & State Disaster Registries.,gsi_nesac_catalog_expanded,NER-2016-000104,India,IN,Nagaland,1200000,Tuensang,10.5,2016-06-04 00:00:00,2016-06-04 00:00:00,2024-02-01 00:00:00,94.59031,26.00551,2016,6,4,0.5,-0.866,True,Nagaland,True,regional_survey_gis
GSI NLSM & ISRO Disaster Registries,https://bhukosh.gsi.gov.in,NER-2019-000105,2019-06-13 00:00:00,12:00,"Namchi-Jorethang, Soreng, Sikkim",Documented rockfall triggered by cloudburst in Soreng.,Namchi-Jorethang,5km,rockfall,cloudburst,medium,natural_slope,0,0,Southwest Monsoon,,Geotechnical survey record from GSI NLSM & State Disaster Registries.,gsi_nesac_catalog_expanded,NER-2019-000105,India,IN,Sikkim,1200000,Soreng,10.5,2019-06-13 00:00:00,2019-06-13 00:00:00,2024-02-01 00:00:00,88.80463,28.01926,2019,6,13,0.5,-0.866,True,Sikkim,True,regional_survey_gis
GSI NLSM & ISRO Disaster Registries,https://bhukosh.gsi.gov.in,NER-2017-000107,2017-04-28 00:00:00,12:00,"Cherrapunji-Sohra Escarpment, South West Khasi Hills, Meghalaya",Documented debris_flow triggered by continuous_rain in South West Khasi Hills.,Cherrapunji-Sohra Escarpment,5km,debris_flow,continuous_rain,medium,natural_slope,0,0,Pre-monsoon Storm,,Geotechnical survey record from GSI NLSM & State Disaster Registries.,gsi_nesac_catalog_expanded,NER-2017-000107,India,IN,Meghalaya,1200000,South West Khasi Hills,10.5,2017-04-28 00:00:00,2017-04-28 00:00:00,2024-02-01 00:00:00,91.82815,25.77251,2017,4,28,1.0,0.0,True,Meghalaya,True,regional_survey_gis
GSI NLSM & ISRO Disaster Registries,https://bhukosh.gsi.gov.in,NER-2016-000108,2016-08-19 00:00:00,12:00,"Phek-Pfutsero Pass, Phek, Nagaland",Documented rockfall triggered by monsoon in Phek.,Phek-Pfutsero Pass,5km,rockfall,monsoon,medium,natural_slope,0,0,Southwest Monsoon,,Geotechnical survey record from GSI NLSM & State Disaster Registries.,gsi_nesac_catalog_expanded,NER-2016-000108,India,IN,Nagaland,1200000,Phek,10.5,2016-08-19 00:00:00,2016-08-19 00:00:00,2024-02-01 00:00:00,93.47864,25.65023,2016,8,19,-0.5,-0.866,True,Nagaland,True,regional_survey_gis
GSI NLSM & ISRO Disaster Registries,https://bhukosh.gsi.gov.in,NER-2014-000109,2014-06-22 00:00:00,12:00,"Baramura Slopes, Gomati, Tripura",Documented debris_flow triggered by monsoon in Gomati.,Baramura Slopes,5km,debris_flow,monsoon,medium,natural_slope,0,0,Southwest Monsoon,,Geotechnical survey record from GSI NLSM & State Disaster Registries.,gsi_nesac_catalog_expanded,NER-2014-000109,India,IN,Tripura,1200000,Gomati,10.5,2014-06-22 00:00:00,2014-06-22 00:00:00,2024-02-01 00:00:00,91.25959,24.29929,2014,6,22,0.5,-0.866,True,Tripura,True,regional_survey_gis
GSI NLSM & ISRO Disaster Registries,https://bhukosh.gsi.gov.in,NER-2022-000112,2022-08-11 00:00:00,12:00,"Mamit-Bairabi Section, Kolasib, Mizoram",Documented landslide triggered by continuous_rain in Kolasib.,Mamit-Bairabi Section,5km,landslide,continuous_rain,medium,natural_slope,0,0,Southwest Monsoon,,Geotechnical survey record from GSI NLSM & State Disaster Registries.,gsi_nesac_catalog_expanded,NER-2022-000112,India,IN,Mizoram,1200000,Kolasib,10.5,2022-08-11 00:00:00,2022-08-11 00:00:00,2024-02-01 00:00:00,93.22794,22.73745,2022,8,11,-0.5,-0.866,True,Mizoram,True,regional_survey_gis
GSI NLSM & ISRO Disaster Registries,https://bhukosh.gsi.gov.in,NER-2018-000113,2018-08-14 00:00:00,12:00,"Phek-Pfutsero Pass, Mokokchung, Nagaland",Documented slope_failure triggered by continuous_rain in Mokokchung.,Phek-Pfutsero Pass,5km,slope_failure,continuous_rain,medium,natural_slope,0,0,Southwest Monsoon,,Geotechnical survey record from GSI NLSM & State Disaster Registries.,gsi_nesac_catalog_expanded,NER-2018-000113,India,IN,Nagaland,1200000,Mokokchung,10.5,2018-08-14 00:00:00,2018-08-14 00:00:00,2024-02-01 00:00:00,93.54552,25.7066,2018,8,14,-0.5,-0.866,True,Nagaland,True,regional_survey_gis
GSI NLSM & ISRO Disaster Registries,https://bhukosh.gsi.gov.in,NER-2018-000114,2018-07-15 00:00:00,12:00,"Jorabat-Nongpoh NH-6, West Khasi Hills, Meghalaya",Documented slope_failure triggered by monsoon in West Khasi Hills.,Jorabat-Nongpoh NH-6,5km,slope_failure,monsoon,medium,above_road,0,0,Southwest Monsoon,,Geotechnical survey record from GSI NLSM & State Disaster Registries.,gsi_nesac_catalog_expanded,NER-2018-000114,India,IN,Meghalaya,1200000,West Khasi Hills,10.5,2018-07-15 00:00:00,2018-07-15 00:00:00,2024-02-01 00:00:00,91.97375,25.10171,2018,7,15,0.0,-1.0,True,Meghalaya,True,regional_survey_gis
GSI NLSM & ISRO Disaster Registries,https://bhukosh.gsi.gov.in,NER-2013-000115,2013-06-01 00:00:00,12:00,"Sonapur Tunnel Highway, East Jaintia Hills, Meghalaya",Documented rockfall triggered by continuous_rain in East Jaintia Hills.,Sonapur Tunnel Highway,5km,rockfall,continuous_rain,medium,above_road,0,0,Southwest Monsoon,,Geotechnical survey record from GSI NLSM & State Disaster Registries.,gsi_nesac_catalog_expanded,NER-2013-000115,India,IN,Meghalaya,1200000,East Jaintia Hills,10.5,2013-06-01 00:00:00,2013-06-01 00:00:00,2024-02-01 00:00:00,92.61529,25.62144,2013,6,1,0.5,-0.866,True,Meghalaya,True,regional_survey_gis
GSI NLSM & ISRO Disaster Registries,https://bhukosh.gsi.gov.in,NER-2018-000116,2018-07-16 00:00:00,12:00,"Durtlang Ridge Slopes, Kolasib, Mizoram",Documented rockfall triggered by continuous_rain in Kolasib.,Durtlang Ridge Slopes,5km,rockfall,continuous_rain,medium,natural_slope,0,0,Southwest Monsoon,,Geotechnical survey record from GSI NLSM & State Disaster Registries.,gsi_nesac_catalog_expanded,NER-2018-000116,India,IN,Mizoram,1200000,Kolasib,10.5,2018-07-16 00:00:00,2018-07-16 00:00:00,2024-02-01 00:00:00,92.95902,22.41586,2018,7,16,0.0,-1.0,True,Mizoram,True,regional_survey_gis
GSI NLSM & ISRO Disaster Registries,https://bhukosh.gsi.gov.in,NER-2019-000117,2019-07-08 00:00:00,12:00,"Cherrapunji-Sohra Escarpment, South West Khasi Hills, Meghalaya",Documented slope_failure triggered by continuous_rain in South West Khasi Hills.,Cherrapunji-Sohra Escarpment,5km,slope_failure,continuous_rain,medium,natural_slope,0,0,Southwest Monsoon,,Geotechnical survey record from GSI NLSM & State Disaster Registries.,gsi_nesac_catalog_expanded,NER-2019-000117,India,IN,Meghalaya,1200000,South West Khasi Hills,10.5,2019-07-08 00:00:00,2019-07-08 00:00:00,2024-02-01 00:00:00,91.59409,25.43385,2019,7,8,0.0,-1.0,True,Meghalaya,True,regional_survey_gis
GSI NLSM & ISRO Disaster Registries,https://bhukosh.gsi.gov.in,NER-2020-000120,2020-07-27 00:00:00,12:00,"Sela Pass-Tawang, West Kameng, Arunachal Pradesh",Documented landslide triggered by road_cutting in West Kameng.,Sela Pass-Tawang,5km,landslide,road_cutting,medium,natural_slope,0,0,Southwest Monsoon,,Geotechnical survey record from GSI NLSM & State Disaster Registries.,gsi_nesac_catalog_expanded,NER-2020-000120,India,IN,Arunachal Pradesh,1200000,West Kameng,10.5,2020-07-27 00:00:00,2020-07-27 00:00:00,2024-02-01 00:00:00,92.24771,27.1284,2020,7,27,0.0,-1.0,True,Arunachal Pradesh,True,regional_survey_gis
GSI NLSM & ISRO Disaster Registries,https://bhukosh.gsi.gov.in,NER-2016-000122,2016-08-09 00:00:00,12:00,"Longtharai Valley NH-44, West Tripura, Tripura",Documented mudslide triggered by downpour in West Tripura.,Longtharai Valley NH-44,5km,mudslide,downpour,small,above_road,0,0,Southwest Monsoon,,Geotechnical survey record from GSI NLSM & State Disaster Registries.,gsi_nesac_catalog_expanded,NER-2016-000122,India,IN,Tripura,1200000,West Tripura,10.5,2016-08-09 00:00:00,2016-08-09 00:00:00,2024-02-01 00:00:00,91.13948,23.80162,2016,8,9,-0.5,-0.866,True,Tripura,True,regional_survey_gis
GSI NLSM & ISRO Disaster Registries,https://bhukosh.gsi.gov.in,NER-2020-000123,2020-06-25 00:00:00,12:00,"Mokokchung-Tuli Road, Mon, Nagaland",Documented slope_failure triggered by continuous_rain in Mon.,Mokokchung-Tuli Road,5km,slope_failure,continuous_rain,medium,natural_slope,0,0,Southwest Monsoon,,Geotechnical survey record from GSI NLSM & State Disaster Registries.,gsi_nesac_catalog_expanded,NER-2020-000123,India,IN,Nagaland,1200000,Mon,10.5,2020-06-25 00:00:00,2020-06-25 00:00:00,2024-02-01 00:00:00,94.60969,26.6229,2020,6,25,0.5,-0.866,True,Nagaland,True,regional_survey_gis
GSI NLSM & ISRO Disaster Registries,https://bhukosh.gsi.gov.in,NER-2022-000125,2022-07-24 00:00:00,12:00,"Pasighat-Pangin, West Kameng, Arunachal Pradesh",Documented landslide triggered by continuous_rain in West Kameng.,Pasighat-Pangin,5km,landslide,continuous_rain,medium,natural_slope,0,0,Southwest Monsoon,,Geotechnical survey record from GSI NLSM & State Disaster Registries.,gsi_nesac_catalog_expanded,NER-2022-000125,India,IN,Arunachal Pradesh,1200000,West Kameng,10.5,2022-07-24 00:00:00,2022-07-24 00:00:00,2024-02-01 00:00:00,93.52366,29.29088,2022,7,24,0.0,-1.0,True,Arunachal Pradesh,True,regional_survey_gis
GSI NLSM & ISRO Disaster Registries,https://bhukosh.gsi.gov.in,NER-2022-000126,2022-06-13 00:00:00,12:00,"Haflong-Jatinga NH-54E, Karbi Anglong, Assam",Documented rockfall triggered by downpour in Karbi Anglong.,Haflong-Jatinga NH-54E,5km,rockfall,downpour,medium,above_road,0,0,Southwest Monsoon,,Geotechnical survey record from GSI NLSM & State Disaster Registries.,gsi_nesac_catalog_expanded,NER-2022-000126,India,IN,Assam,1200000,Karbi Anglong,10.5,2022-06-13 00:00:00,2022-06-13 00:00:00,2024-02-01 00:00:00,93.41633,24.99,2022,6,13,0.5,-0.866,True,Assam,True,regional_survey_gis
GSI NLSM & ISRO Disaster Registries,https://bhukosh.gsi.gov.in,NER-2019-000127,2019-06-26 00:00:00,12:00,"Pasighat-Pangin, Kurung Kumey, Arunachal Pradesh",Documented debris_flow triggered by monsoon in Kurung Kumey.,Pasighat-Pangin,5km,debris_flow,monsoon,medium,natural_slope,0,0,Southwest Monsoon,,Geotechnical survey record from GSI NLSM & State Disaster Registries.,gsi_nesac_catalog_expanded,NER-2019-000127,India,IN,Arunachal Pradesh,1200000,Kurung Kumey,10.5,2019-06-26 00:00:00,2019-06-26 00:00:00,2024-02-01 00:00:00,93.47471,29.40452,2019,6,26,0.5,-0.866,True,Arunachal Pradesh,True,regional_survey_gis
GSI NLSM & ISRO Disaster Registries,https://bhukosh.gsi.gov.in,NER-2022-000128,2022-08-20 00:00:00,12:00,"Mokokchung-Tuli Road, Mon, Nagaland",Documented debris_flow triggered by road_cutting in Mon.,Mokokchung-Tuli Road,5km,debris_flow,road_cutting,medium,natural_slope,0,0,Southwest Monsoon,,Geotechnical survey record from GSI NLSM & State Disaster Registries.,gsi_nesac_catalog_expanded,NER-2022-000128,India,IN,Nagaland,1200000,Mon,10.5,2022-08-20 00:00:00,2022-08-20 00:00:00,2024-02-01 00:00:00,94.64471,26.55027,2022,8,20,-0.5,-0.866,True,Nagaland,True,regional_survey_gis
GSI NLSM & ISRO Disaster Registries,https://bhukosh.gsi.gov.in,NER-2020-000129,2020-05-18 00:00:00,12:00,"Mokokchung-Tuli Road, Tuensang, Nagaland",Documented mudslide triggered by monsoon in Tuensang.,Mokokchung-Tuli Road,5km,mudslide,monsoon,medium,natural_slope,0,0,Pre-monsoon Storm,,Geotechnical survey record from GSI NLSM & State Disaster Registries.,gsi_nesac_catalog_expanded,NER-2020-000129,India,IN,Nagaland,1200000,Tuensang,10.5,2020-05-18 00:00:00,2020-05-18 00:00:00,2024-02-01 00:00:00,93.87686,25.93183,2020,5,18,0.866,-0.5,True,Nagaland,True,regional_survey_gis
GSI NLSM & ISRO Disaster Registries,https://bhukosh.gsi.gov.in,NER-2017-000130,2017-08-26 00:00:00,12:00,"Tura Peak Slopes, West Garo Hills, Meghalaya",Documented slope_failure triggered by downpour in West Garo Hills.,Tura Peak Slopes,5km,slope_failure,downpour,large,natural_slope,2,0,Southwest Monsoon,,Geotechnical survey record from GSI NLSM & State Disaster Registries.,gsi_nesac_catalog_expanded,NER-2017-000130,India,IN,Meghalaya,1200000,West Garo Hills,10.5,2017-08-26 00:00:00,2017-08-26 00:00:00,2024-02-01 00:00:00,91.62652,25.93769,2017,8,26,-0.5,-0.866,True,Meghalaya,True,regional_survey_gis
GSI NLSM & ISRO Disaster Registries,https://bhukosh.gsi.gov.in,NER-2018-000131,2018-04-20 00:00:00,12:00,"Jorabat-Nongpoh NH-6, East Jaintia Hills, Meghalaya",Documented debris_flow triggered by continuous_rain in East Jaintia Hills.,Jorabat-Nongpoh NH-6,5km,debris_flow,continuous_rain,small,above_road,0,0,Pre-monsoon Storm,,Geotechnical survey record from GSI NLSM & State Disaster Registries.,gsi_nesac_catalog_expanded,NER-2018-000131,India,IN,Meghalaya,1200000,East Jaintia Hills,10.5,2018-04-20 00:00:00,2018-04-20 00:00:00,2024-02-01 00:00:00,91.61699,25.91672,2018,4,20,1.0,0.0,True,Meghalaya,True,regional_survey_gis
GSI NLSM & ISRO Disaster Registries,https://bhukosh.gsi.gov.in,NER-2016-000132,2016-07-10 00:00:00,12:00,"Pasighat-Pangin, West Kameng, Arunachal Pradesh",Documented debris_flow triggered by continuous_rain in West Kameng.,Pasighat-Pangin,5km,debris_flow,continuous_rain,medium,natural_slope,0,0,Southwest Monsoon,,Geotechnical survey record from GSI NLSM & State Disaster Registries.,gsi_nesac_catalog_expanded,NER-2016-000132,India,IN,Arunachal Pradesh,1200000,West Kameng,10.5,2016-07-10 00:00:00,2016-07-10 00:00:00,2024-02-01 00:00:00,95.7061,29.0175,2016,7,10,0.0,-1.0,True,Arunachal Pradesh,True,regional_survey_gis
GSI NLSM & ISRO Disaster Registries,https://bhukosh.gsi.gov.in,NER-2016-000133,2016-01-11 00:00:00,12:00,"Rangpo-Singtam, North Sikkim, Sikkim",Documented mudslide triggered by downpour in North Sikkim.,Rangpo-Singtam,5km,mudslide,downpour,medium,natural_slope,0,0,Pre-monsoon Storm,,Geotechnical survey record from GSI NLSM & State Disaster Registries.,gsi_nesac_catalog_expanded,NER-2016-000133,India,IN,Sikkim,1200000,North Sikkim,10.5,2016-01-11 00:00:00,2016-01-11 00:00:00,2024-02-01 00:00:00,88.1897,27.761,2016,1,11,0.0,1.0,True,Sikkim,True,regional_survey_gis
GSI NLSM & ISRO Disaster Registries,https://bhukosh.gsi.gov.in,NER-2021-000134,2021-07-07 00:00:00,12:00,"Mokokchung-Tuli Road, Kohima, Nagaland",Documented rockfall triggered by downpour in Kohima.,Mokokchung-Tuli Road,5km,rockfall,downpour,medium,natural_slope,0,0,Southwest Monsoon,,Geotechnical survey record from GSI NLSM & State Disaster Registries.,gsi_nesac_catalog_expanded,NER-2021-000134,India,IN,Nagaland,1200000,Kohima,10.5,2021-07-07 00:00:00,2021-07-07 00:00:00,2024-02-01 00:00:00,93.53492,25.57078,2021,7,7,0.0,-1.0,True,Nagaland,True,regional_survey_gis
GSI NLSM & ISRO Disaster Registries,https://bhukosh.gsi.gov.in,NER-2021-000135,2021-06-13 00:00:00,12:00,"Kailashahar Hill Tracts, Dhalai, Tripura",Documented landslide triggered by downpour in Dhalai.,Kailashahar Hill Tracts,5km,landslide,downpour,small,natural_slope,0,0,Southwest Monsoon,,Geotechnical survey record from GSI NLSM & State Disaster Registries.,gsi_nesac_catalog_expanded,NER-2021-000135,India,IN,Tripura,1200000,Dhalai,10.5,2021-06-13 00:00:00,2021-06-13 00:00:00,2024-02-01 00:00:00,91.51751,23.83921,2021,6,13,0.5,-0.866,True,Tripura,True,regional_survey_gis
GSI NLSM & ISRO Disaster Registries,https://bhukosh.gsi.gov.in,NER-2019-000137,2019-07-28 00:00:00,12:00,"Jairampur-Pangsau, Papum Pare, Arunachal Pradesh",Documented slope_failure triggered by continuous_rain in Papum Pare.,Jairampur-Pangsau,5km,slope_failure,continuous_rain,small,natural_slope,0,0,Southwest Monsoon,,Geotechnical survey record from GSI NLSM & State Disaster Registries.,gsi_nesac_catalog_expanded,NER-2019-000137,India,IN,Arunachal Pradesh,1200000,Papum Pare,10.5,2019-07-28 00:00:00,2019-07-28 00:00:00,2024-02-01 00:00:00,95.58448,28.82325,2019,7,28,0.0,-1.0,True,Arunachal Pradesh,True,regional_survey_gis
GSI NLSM & ISRO Disaster Registries,https://bhukosh.gsi.gov.in,NER-2018-000138,2018-05-10 00:00:00,12:00,"Mawsynram-Balat Belt, West Garo Hills, Meghalaya",Documented rockfall triggered by continuous_rain in West Garo Hills.,Mawsynram-Balat Belt,5km,rockfall,continuous_rain,medium,natural_slope,0,0,Pre-monsoon Storm,,Geotechnical survey record from GSI NLSM & State Disaster Registries.,gsi_nesac_catalog_expanded,NER-2018-000138,India,IN,Meghalaya,1200000,West Garo Hills,10.5,2018-05-10 00:00:00,2018-05-10 00:00:00,2024-02-01 00:00:00,91.57666,25.72034,2018,5,10,0.866,-0.5,True,Meghalaya,True,regional_survey_gis
GSI NLSM & ISRO Disaster Registries,https://bhukosh.gsi.gov.in,NER-2022-000139,2022-08-08 00:00:00,12:00,"Phek-Pfutsero Pass, Tuensang, Nagaland",Documented slope_failure triggered by continuous_rain in Tuensang.,Phek-Pfutsero Pass,5km,slope_failure,continuous_rain,medium,natural_slope,0,0,Southwest Monsoon,,Geotechnical survey record from GSI NLSM & State Disaster Registries.,gsi_nesac_catalog_expanded,NER-2022-000139,India,IN,Nagaland,1200000,Tuensang,10.5,2022-08-08 00:00:00,2022-08-08 00:00:00,2024-02-01 00:00:00,94.51101,26.81283,2022,8,8,-0.5,-0.866,True,Nagaland,True,regional_survey_gis
GSI NLSM & ISRO Disaster Registries,https://bhukosh.gsi.gov.in,NER-2022-000140,2022-05-07 00:00:00,12:00,"Jairampur-Pangsau, Tawang, Arunachal Pradesh",Documented landslide triggered by continuous_rain in Tawang.,Jairampur-Pangsau,5km,landslide,continuous_rain,large,natural_slope,1,2,Pre-monsoon Storm,,Geotechnical survey record from GSI NLSM & State Disaster Registries.,gsi_nesac_catalog_expanded,NER-2022-000140,India,IN,Arunachal Pradesh,1200000,Tawang,10.5,2022-05-07 00:00:00,2022-05-07 00:00:00,2024-02-01 00:00:00,94.64046,28.25322,2022,5,7,0.866,-0.5,True,Arunachal Pradesh,True,regional_survey_gis
GSI NLSM & ISRO Disaster Registries,https://bhukosh.gsi.gov.in,NER-2010-000141,2010-08-05 00:00:00,12:00,"Ukhrul-Jessami Road, Kangpokpi, Manipur",Documented landslide triggered by continuous_rain in Kangpokpi.,Ukhrul-Jessami Road,5km,landslide,continuous_rain,large,natural_slope,0,0,Southwest Monsoon,,Geotechnical survey record from GSI NLSM & State Disaster Registries.,gsi_nesac_catalog_expanded,NER-2010-000141,India,IN,Manipur,1200000,Kangpokpi,10.5,2010-08-05 00:00:00,2010-08-05 00:00:00,2024-02-01 00:00:00,93.35316,24.09976,2010,8,5,-0.5,-0.866,True,Manipur,True,regional_survey_gis
GSI NLSM & ISRO Disaster Registries,https://bhukosh.gsi.gov.in,NER-2022-000143,2022-05-18 00:00:00,12:00,"Jampui Hills Vanghmun, Gomati, Tripura",Documented rockfall triggered by downpour in Gomati.,Jampui Hills Vanghmun,5km,rockfall,downpour,large,natural_slope,6,0,Pre-monsoon Storm,,Geotechnical survey record from GSI NLSM & State Disaster Registries.,gsi_nesac_catalog_expanded,NER-2022-000143,India,IN,Tripura,1200000,Gomati,10.5,2022-05-18 00:00:00,2022-05-18 00:00:00,2024-02-01 00:00:00,91.68241,23.80583,2022,5,18,0.866,-0.5,True,Tripura,True,regional_survey_gis
GSI NLSM & ISRO Disaster Registries,https://bhukosh.gsi.gov.in,NER-2012-000144,2012-04-09 00:00:00,12:00,"Sela Pass-Tawang, East Siang, Arunachal Pradesh",Documented landslide triggered by continuous_rain in East Siang.,Sela Pass-Tawang,5km,landslide,continuous_rain,medium,natural_slope,0,0,Pre-monsoon Storm,,Geotechnical survey record from GSI NLSM & State Disaster Registries.,gsi_nesac_catalog_expanded,NER-2012-000144,India,IN,Arunachal Pradesh,1200000,East Siang,10.5,2012-04-09 00:00:00,2012-04-09 00:00:00,2024-02-01 00:00:00,93.59574,29.28429,2012,4,9,1.0,0.0,True,Arunachal Pradesh,True,regional_survey_gis
GSI NLSM & ISRO Disaster Registries,https://bhukosh.gsi.gov.in,NER-2017-000145,2017-07-15 00:00:00,12:00,"Mahur-Harangajao Railway Hill Section, Cachar, Assam",Documented mudslide triggered by downpour in Cachar.,Mahur-Harangajao Railway Hill Section,5km,mudslide,downpour,large,natural_slope,0,0,Southwest Monsoon,,Geotechnical survey record from GSI NLSM & State Disaster Registries.,gsi_nesac_catalog_expanded,NER-2017-000145,India,IN,Assam,1200000,Cachar,10.5,2017-07-15 00:00:00,2017-07-15 00:00:00,2024-02-01 00:00:00,92.90673,26.7021,2017,7,15,0.0,-1.0,True,Assam,True,regional_survey_gis
GSI NLSM & ISRO Disaster Registries,https://bhukosh.gsi.gov.in,NER-2016-000146,2016-07-06 00:00:00,12:00,"Mahur-Harangajao Railway Hill Section, Kamrup Metro, Assam",Documented rockfall triggered by continuous_rain in Kamrup Metro.,Mahur-Harangajao Railway Hill Section,5km,rockfall,continuous_rain,medium,natural_slope,0,0,Southwest Monsoon,,Geotechnical survey record from GSI NLSM & State Disaster Registries.,gsi_nesac_catalog_expanded,NER-2016-000146,India,IN,Assam,1200000,Kamrup Metro,10.5,2016-07-06 00:00:00,2016-07-06 00:00:00,2024-02-01 00:00:00,90.97988,24.26641,2016,7,6,0.0,-1.0,True,Assam,True,regional_survey_gis
GSI NLSM & ISRO Disaster Registries,https://bhukosh.gsi.gov.in,NER-2016-000147,2016-05-20 00:00:00,12:00,"Jorabat-Nongpoh NH-6, West Khasi Hills, Meghalaya",Documented landslide triggered by continuous_rain in West Khasi Hills.,Jorabat-Nongpoh NH-6,5km,landslide,continuous_rain,medium,above_road,0,0,Pre-monsoon Storm,,Geotechnical survey record from GSI NLSM & State Disaster Registries.,gsi_nesac_catalog_expanded,NER-2016-000147,India,IN,Meghalaya,1200000,West Khasi Hills,10.5,2016-05-20 00:00:00,2016-05-20 00:00:00,2024-02-01 00:00:00,92.13691,25.66835,2016,5,20,0.866,-0.5,True,Meghalaya,True,regional_survey_gis
GSI NLSM & ISRO Disaster Registries,https://bhukosh.gsi.gov.in,NER-2019-000148,2019-07-03 00:00:00,12:00,"Dzüdza-Phesama NH-29, Wokha, Nagaland",Documented landslide triggered by cloudburst in Wokha.,Dzüdza-Phesama NH-29,5km,landslide,cloudburst,medium,above_road,0,0,Southwest Monsoon,,Geotechnical survey record from GSI NLSM & State Disaster Registries.,gsi_nesac_catalog_expanded,NER-2019-000148,India,IN,Nagaland,1200000,Wokha,10.5,2019-07-03 00:00:00,2019-07-03 00:00:00,2024-02-01 00:00:00,94.47265,27.06909,2019,7,3,0.0,-1.0,True,Nagaland,True,regional_survey_gis
GSI NLSM & ISRO Disaster Registries,https://bhukosh.gsi.gov.in,NER-2010-000150,2010-07-13 00:00:00,12:00,"Cherrapunji-Sohra Escarpment, West Garo Hills, Meghalaya",Documented slope_failure triggered by cloudburst in West Garo Hills.,Cherrapunji-Sohra Escarpment,5km,slope_failure,cloudburst,small,natural_slope,0,0,Southwest Monsoon,,Geotechnical survey record from GSI NLSM & State Disaster Registries.,gsi_nesac_catalog_expanded,NER-2010-000150,India,IN,Meghalaya,1200000,West Garo Hills,10.5,2010-07-13 00:00:00,2010-07-13 00:00:00,2024-02-01 00:00:00,91.74952,25.83955,2010,7,13,0.0,-1.0,True,Meghalaya,True,regional_survey_gis
GSI NLSM & ISRO Disaster Registries,https://bhukosh.gsi.gov.in,NER-2021-000151,2021-08-04 00:00:00,12:00,"Tupul Railway Corridor, Chandel, Manipur",Documented landslide triggered by monsoon in Chandel.,Tupul Railway Corridor,5km,landslide,monsoon,small,natural_slope,0,0,Southwest Monsoon,,Geotechnical survey record from GSI NLSM & State Disaster Registries.,gsi_nesac_catalog_expanded,NER-2021-000151,India,IN,Manipur,1200000,Chandel,10.5,2021-08-04 00:00:00,2021-08-04 00:00:00,2024-02-01 00:00:00,93.51737,24.27307,2021,8,4,-0.5,-0.866,True,Manipur,True,regional_survey_gis
GSI NLSM & ISRO Disaster Registries,https://bhukosh.gsi.gov.in,NER-2018-000152,2018-07-09 00:00:00,12:00,"Mamit-Bairabi Section, Lunglei, Mizoram",Documented landslide triggered by downpour in Lunglei.,Mamit-Bairabi Section,5km,landslide,downpour,medium,natural_slope,0,0,Southwest Monsoon,,Geotechnical survey record from GSI NLSM & State Disaster Registries.,gsi_nesac_catalog_expanded,NER-2018-000152,India,IN,Mizoram,1200000,Lunglei,10.5,2018-07-09 00:00:00,2018-07-09 00:00:00,2024-02-01 00:00:00,92.29248,23.39929,2018,7,9,0.0,-1.0,True,Mizoram,True,regional_survey_gis
GSI NLSM & ISRO Disaster Registries,https://bhukosh.gsi.gov.in,NER-2016-000154,2016-07-04 00:00:00,12:00,"Durtlang Ridge Slopes, Kolasib, Mizoram",Documented landslide triggered by downpour in Kolasib.,Durtlang Ridge Slopes,5km,landslide,downpour,medium,natural_slope,0,0,Southwest Monsoon,,Geotechnical survey record from GSI NLSM & State Disaster Registries.,gsi_nesac_catalog_expanded,NER-2016-000154,India,IN,Mizoram,1200000,Kolasib,10.5,2016-07-04 00:00:00,2016-07-04 00:00:00,2024-02-01 00:00:00,92.64,22.9505,2016,7,4,0.0,-1.0,True,Mizoram,True,regional_survey_gis
GSI NLSM & ISRO Disaster Registries,https://bhukosh.gsi.gov.in,NER-2018-000155,2018-08-08 00:00:00,12:00,"Tupul Railway Corridor, Senapati, Manipur",Documented landslide triggered by downpour in Senapati.,Tupul Railway Corridor,5km,landslide,downpour,medium,natural_slope,0,0,Southwest Monsoon,,Geotechnical survey record from GSI NLSM & State Disaster Registries.,gsi_nesac_catalog_expanded,NER-2018-000155,India,IN,Manipur,1200000,Senapati,10.5,2018-08-08 00:00:00,2018-08-08 00:00:00,2024-02-01 00:00:00,93.63453,25.25604,2018,8,8,-0.5,-0.866,True,Manipur,True,regional_survey_gis
GSI NLSM & ISRO Disaster Registries,https://bhukosh.gsi.gov.in,NER-2021-000156,2021-06-07 00:00:00,12:00,"Dzüdza-Phesama NH-29, Tuensang, Nagaland",Documented rockfall triggered by continuous_rain in Tuensang.,Dzüdza-Phesama NH-29,5km,rockfall,continuous_rain,large,above_road,0,0,Southwest Monsoon,,Geotechnical survey record from GSI NLSM & State Disaster Registries.,gsi_nesac_catalog_expanded,NER-2021-000156,India,IN,Nagaland,1200000,Tuensang,10.5,2021-06-07 00:00:00,2021-06-07 00:00:00,2024-02-01 00:00:00,94.66229,26.01253,2021,6,7,0.5,-0.866,True,Nagaland,True,regional_survey_gis
GSI NLSM & ISRO Disaster Registries,https://bhukosh.gsi.gov.in,NER-2020-000158,2020-03-04 00:00:00,12:00,"Itanagar-Naharlagun, Papum Pare, Arunachal Pradesh",Documented slope_failure triggered by monsoon in Papum Pare.,Itanagar-Naharlagun,5km,slope_failure,monsoon,medium,natural_slope,0,0,Pre-monsoon Storm,,Geotechnical survey record from GSI NLSM & State Disaster Registries.,gsi_nesac_catalog_expanded,NER-2020-000158,India,IN,Arunachal Pradesh,1200000,Papum Pare,10.5,2020-03-04 00:00:00,2020-03-04 00:00:00,2024-02-01 00:00:00,92.18863,26.93452,2020,3,4,0.866,0.5,True,Arunachal Pradesh,True,regional_survey_gis
GSI NLSM & ISRO Disaster Registries,https://bhukosh.gsi.gov.in,NER-2021-000159,2021-05-12 00:00:00,12:00,"Laipuitlang-Ramhlun Aizawl, Aizawl, Mizoram",Documented mudslide triggered by continuous_rain in Aizawl.,Laipuitlang-Ramhlun Aizawl,5km,mudslide,continuous_rain,large,natural_slope,0,1,Pre-monsoon Storm,,Geotechnical survey record from GSI NLSM & State Disaster Registries.,gsi_nesac_catalog_expanded,NER-2021-000159,India,IN,Mizoram,1200000,Aizawl,10.5,2021-05-12 00:00:00,2021-05-12 00:00:00,2024-02-01 00:00:00,92.45379,22.861,2021,5,12,0.866,-0.5,True,Mizoram,True,regional_survey_gis
GSI NLSM & ISRO Disaster Registries,https://bhukosh.gsi.gov.in,NER-2022-000160,2022-06-22 00:00:00,12:00,"Cherrapunji-Sohra Escarpment, East Khasi Hills, Meghalaya",Documented debris_flow triggered by downpour in East Khasi Hills.,Cherrapunji-Sohra Escarpment,5km,debris_flow,downpour,large,natural_slope,2,0,Southwest Monsoon,,Geotechnical survey record from GSI NLSM & State Disaster Registries.,gsi_nesac_catalog_expanded,NER-2022-000160,India,IN,Meghalaya,1200000,East Khasi Hills,10.5,2022-06-22 00:00:00,2022-06-22 00:00:00,2024-02-01 00:00:00,91.54697,25.70915,2022,6,22,0.5,-0.866,True,Meghalaya,True,regional_survey_gis
GSI NLSM & ISRO Disaster Registries,https://bhukosh.gsi.gov.in,NER-2019-000161,2019-07-13 00:00:00,12:00,"Dzüdza-Phesama NH-29, Mon, Nagaland",Documented slope_failure triggered by downpour in Mon.,Dzüdza-Phesama NH-29,5km,slope_failure,downpour,medium,above_road,0,0,Southwest Monsoon,,Geotechnical survey record from GSI NLSM & State Disaster Registries.,gsi_nesac_catalog_expanded,NER-2019-000161,India,IN,Nagaland,1200000,Mon,10.5,2019-07-13 00:00:00,2019-07-13 00:00:00,2024-02-01 00:00:00,93.70796,25.51105,2019,7,13,0.0,-1.0,True,Nagaland,True,regional_survey_gis
GSI NLSM & ISRO Disaster Registries,https://bhukosh.gsi.gov.in,NER-2017-000162,2017-06-21 00:00:00,12:00,"Nilachal Hill Kamakhya, Kamrup Metro, Assam",Documented slope_failure triggered by continuous_rain in Kamrup Metro.,Nilachal Hill Kamakhya,5km,slope_failure,continuous_rain,large,natural_slope,0,0,Southwest Monsoon,,Geotechnical survey record from GSI NLSM & State Disaster Registries.,gsi_nesac_catalog_expanded,NER-2017-000162,India,IN,Assam,1200000,Kamrup Metro,10.5,2017-06-21 00:00:00,2017-06-21 00:00:00,2024-02-01 00:00:00,93.67375,26.15067,2017,6,21,0.5,-0.866,True,Assam,True,regional_survey_gis
GSI NLSM & ISRO Disaster Registries,https://bhukosh.gsi.gov.in,NER-2022-000163,2022-08-02 00:00:00,12:00,"Jorabat-Nongpoh NH-6, West Garo Hills, Meghalaya",Documented mudslide triggered by monsoon in West Garo Hills.,Jorabat-Nongpoh NH-6,5km,mudslide,monsoon,medium,above_road,0,0,Southwest Monsoon,,Geotechnical survey record from GSI NLSM & State Disaster Registries.,gsi_nesac_catalog_expanded,NER-2022-000163,India,IN,Meghalaya,1200000,West Garo Hills,10.5,2022-08-02 00:00:00,2022-08-02 00:00:00,2024-02-01 00:00:00,90.8723,25.51885,2022,8,2,-0.5,-0.866,True,Meghalaya,True,regional_survey_gis
GSI NLSM & ISRO Disaster Registries,https://bhukosh.gsi.gov.in,NER-2020-000166,2020-08-05 00:00:00,12:00,"Dzongu, Soreng, Sikkim",Documented rockfall triggered by downpour in Soreng.,Dzongu,5km,rockfall,downpour,small,natural_slope,0,0,Southwest Monsoon,,Geotechnical survey record from GSI NLSM & State Disaster Registries.,gsi_nesac_catalog_expanded,NER-2020-000166,India,IN,Sikkim,1200000,Soreng,10.5,2020-08-05 00:00:00,2020-08-05 00:00:00,2024-02-01 00:00:00,88.78157,27.9388,2020,8,5,-0.5,-0.866,True,Sikkim,True,regional_survey_gis
GSI NLSM & ISRO Disaster Registries,https://bhukosh.gsi.gov.in,NER-2020-000167,2020-08-20 00:00:00,12:00,"Durtlang Ridge Slopes, Aizawl, Mizoram",Documented slope_failure triggered by cloudburst in Aizawl.,Durtlang Ridge Slopes,5km,slope_failure,cloudburst,medium,natural_slope,0,0,Southwest Monsoon,,Geotechnical survey record from GSI NLSM & State Disaster Registries.,gsi_nesac_catalog_expanded,NER-2020-000167,India,IN,Mizoram,1200000,Aizawl,10.5,2020-08-20 00:00:00,2020-08-20 00:00:00,2024-02-01 00:00:00,92.90674,22.48042,2020,8,20,-0.5,-0.866,True,Mizoram,True,regional_survey_gis
GSI NLSM & ISRO Disaster Registries,https://bhukosh.gsi.gov.in,NER-2011-000168,2011-07-04 00:00:00,12:00,"Kolasib-Vairengte NH-54, Aizawl, Mizoram",Documented rockfall triggered by continuous_rain in Aizawl.,Kolasib-Vairengte NH-54,5km,rockfall,continuous_rain,large,above_road,0,0,Southwest Monsoon,,Geotechnical survey record from GSI NLSM & State Disaster Registries.,gsi_nesac_catalog_expanded,NER-2011-000168,India,IN,Mizoram,1200000,Aizawl,10.5,2011-07-04 00:00:00,2011-07-04 00:00:00,2024-02-01 00:00:00,93.09441,22.26567,2011,7,4,0.0,-1.0,True,Mizoram,True,regional_survey_gis
GSI NLSM & ISRO Disaster Registries,https://bhukosh.gsi.gov.in,NER-2016-000169,2016-08-02 00:00:00,12:00,"Laipuitlang-Ramhlun Aizawl, Champhai, Mizoram",Documented mudslide triggered by continuous_rain in Champhai.,Laipuitlang-Ramhlun Aizawl,5km,mudslide,continuous_rain,medium,natural_slope,0,0,Southwest Monsoon,,Geotechnical survey record from GSI NLSM & State Disaster Registries.,gsi_nesac_catalog_expanded,NER-2016-000169,India,IN,Mizoram,1200000,Champhai,10.5,2016-08-02 00:00:00,2016-08-02 00:00:00,2024-02-01 00:00:00,92.99706,22.57385,2016,8,2,-0.5,-0.866,True,Mizoram,True,regional_survey_gis
GSI NLSM & ISRO Disaster Registries,https://bhukosh.gsi.gov.in,NER-2018-000170,2018-05-04 00:00:00,12:00,"Dzongu, Pakyong, Sikkim",Documented mudslide triggered by continuous_rain in Pakyong.,Dzongu,5km,mudslide,continuous_rain,medium,natural_slope,0,0,Pre-monsoon Storm,,Geotechnical survey record from GSI NLSM & State Disaster Registries.,gsi_nesac_catalog_expanded,NER-2018-000170,India,IN,Sikkim,1200000,Pakyong,10.5,2018-05-04 00:00:00,2018-05-04 00:00:00,2024-02-01 00:00:00,88.26441,27.41989,2018,5,4,0.866,-0.5,True,Sikkim,True,regional_survey_gis
GSI NLSM & ISRO Disaster Registries,https://bhukosh.gsi.gov.in,NER-2018-000171,2018-05-07 00:00:00,12:00,"Pasighat-Pangin, West Kameng, Arunachal Pradesh",Documented rockfall triggered by downpour in West Kameng.,Pasighat-Pangin,5km,rockfall,downpour,medium,natural_slope,0,0,Pre-monsoon Storm,,Geotechnical survey record from GSI NLSM & State Disaster Registries.,gsi_nesac_catalog_expanded,NER-2018-000171,India,IN,Arunachal Pradesh,1200000,West Kameng,10.5,2018-05-07 00:00:00,2018-05-07 00:00:00,2024-02-01 00:00:00,94.91378,28.96561,2018,5,7,0.866,-0.5,True,Arunachal Pradesh,True,regional_survey_gis
GSI NLSM & ISRO Disaster Registries,https://bhukosh.gsi.gov.in,NER-2016-000172,2016-05-21 00:00:00,12:00,"Jampui Hills Vanghmun, Gomati, Tripura",Documented mudslide triggered by downpour in Gomati.,Jampui Hills Vanghmun,5km,mudslide,downpour,medium,natural_slope,0,0,Pre-monsoon Storm,,Geotechnical survey record from GSI NLSM & State Disaster Registries.,gsi_nesac_catalog_expanded,NER-2016-000172,India,IN,Tripura,1200000,Gomati,10.5,2016-05-21 00:00:00,2016-05-21 00:00:00,2024-02-01 00:00:00,92.14946,23.25628,2016,5,21,0.866,-0.5,True,Tripura,True,regional_survey_gis
GSI NLSM & ISRO Disaster Registries,https://bhukosh.gsi.gov.in,NER-2018-000173,2018-05-09 00:00:00,12:00,"Ukhrul-Jessami Road, Kangpokpi, Manipur",Documented slope_failure triggered by downpour in Kangpokpi.,Ukhrul-Jessami Road,5km,slope_failure,downpour,medium,natural_slope,0,0,Pre-monsoon Storm,,Geotechnical survey record from GSI NLSM & State Disaster Registries.,gsi_nesac_catalog_expanded,NER-2018-000173,India,IN,Manipur,1200000,Kangpokpi,10.5,2018-05-09 00:00:00,2018-05-09 00:00:00,2024-02-01 00:00:00,94.25365,24.08715,2018,5,9,0.866,-0.5,True,Manipur,True,regional_survey_gis
GSI NLSM & ISRO Disaster Registries,https://bhukosh.gsi.gov.in,NER-2017-000174,2017-07-03 00:00:00,12:00,"Jampui Hills Vanghmun, Dhalai, Tripura",Documented mudslide triggered by road_cutting in Dhalai.,Jampui Hills Vanghmun,5km,mudslide,road_cutting,very_large,natural_slope,0,4,Southwest Monsoon,,Geotechnical survey record from GSI NLSM & State Disaster Registries.,gsi_nesac_catalog_expanded,NER-2017-000174,India,IN,Tripura,1200000,Dhalai,10.5,2017-07-03 00:00:00,2017-07-03 00:00:00,2024-02-01 00:00:00,92.14064,23.12354,2017,7,3,0.0,-1.0,True,Tripura,True,regional_survey_gis
GSI NLSM & ISRO Disaster Registries,https://bhukosh.gsi.gov.in,NER-2022-000175,2022-07-27 00:00:00,12:00,"Mon-Tobu Highway, Wokha, Nagaland",Documented slope_failure triggered by cloudburst in Wokha.,Mon-Tobu Highway,5km,slope_failure,cloudburst,small,above_road,0,0,Southwest Monsoon,,Geotechnical survey record from GSI NLSM & State Disaster Registries.,gsi_nesac_catalog_expanded,NER-2022-000175,India,IN,Nagaland,1200000,Wokha,10.5,2022-07-27 00:00:00,2022-07-27 00:00:00,2024-02-01 00:00:00,94.6815,25.77555,2022,7,27,0.0,-1.0,True,Nagaland,True,regional_survey_gis
GSI NLSM & ISRO Disaster Registries,https://bhukosh.gsi.gov.in,NER-2018-000178,2018-06-27 00:00:00,12:00,"Lunglei-Hnahthial Highway, Mamit, Mizoram",Documented rockfall triggered by downpour in Mamit.,Lunglei-Hnahthial Highway,5km,rockfall,downpour,medium,above_road,0,0,Southwest Monsoon,,Geotechnical survey record from GSI NLSM & State Disaster Registries.,gsi_nesac_catalog_expanded,NER-2018-000178,India,IN,Mizoram,1200000,Mamit,10.5,2018-06-27 00:00:00,2018-06-27 00:00:00,2024-02-01 00:00:00,92.49961,22.94512,2018,6,27,0.5,-0.866,True,Mizoram,True,regional_survey_gis
GSI NLSM & ISRO Disaster Registries,https://bhukosh.gsi.gov.in,NER-2020-000179,2020-08-03 00:00:00,12:00,"Durtlang Ridge Slopes, Mamit, Mizoram",Documented debris_flow triggered by downpour in Mamit.,Durtlang Ridge Slopes,5km,debris_flow,downpour,small,natural_slope,0,0,Southwest Monsoon,,Geotechnical survey record from GSI NLSM & State Disaster Registries.,gsi_nesac_catalog_expanded,NER-2020-000179,India,IN,Mizoram,1200000,Mamit,10.5,2020-08-03 00:00:00,2020-08-03 00:00:00,2024-02-01 00:00:00,92.75893,22.27774,2020,8,3,-0.5,-0.866,True,Mizoram,True,regional_survey_gis
GSI NLSM & ISRO Disaster Registries,https://bhukosh.gsi.gov.in,NER-2019-000180,2019-07-21 00:00:00,12:00,"Tupul Railway Corridor, Senapati, Manipur",Documented landslide triggered by monsoon in Senapati.,Tupul Railway Corridor,5km,landslide,monsoon,small,natural_slope,0,0,Southwest Monsoon,,Geotechnical survey record from GSI NLSM & State Disaster Registries.,gsi_nesac_catalog_expanded,NER-2019-000180,India,IN,Manipur,1200000,Senapati,10.5,2019-07-21 00:00:00,2019-07-21 00:00:00,2024-02-01 00:00:00,93.43549,25.09423,2019,7,21,0.0,-1.0,True,Manipur,True,regional_survey_gis
GSI NLSM & ISRO Disaster Registries,https://bhukosh.gsi.gov.in,NER-2022-000181,2022-07-07 00:00:00,12:00,"Dzüdza-Phesama NH-29, Dimapur, Nagaland",Documented slope_failure triggered by cloudburst in Dimapur.,Dzüdza-Phesama NH-29,5km,slope_failure,cloudburst,medium,above_road,0,0,Southwest Monsoon,,Geotechnical survey record from GSI NLSM & State Disaster Registries.,gsi_nesac_catalog_expanded,NER-2022-000181,India,IN,Nagaland,1200000,Dimapur,10.5,2022-07-07 00:00:00,2022-07-07 00:00:00,2024-02-01 00:00:00,94.58762,26.36528,2022,7,7,0.0,-1.0,True,Nagaland,True,regional_survey_gis
GSI NLSM & ISRO Disaster Registries,https://bhukosh.gsi.gov.in,NER-2020-000185,2020-08-19 00:00:00,12:00,"Mokokchung-Tuli Road, Mokokchung, Nagaland",Documented slope_failure triggered by downpour in Mokokchung.,Mokokchung-Tuli Road,5km,slope_failure,downpour,medium,natural_slope,0,0,Southwest Monsoon,,Geotechnical survey record from GSI NLSM & State Disaster Registries.,gsi_nesac_catalog_expanded,NER-2020-000185,India,IN,Nagaland,1200000,Mokokchung,10.5,2020-08-19 00:00:00,2020-08-19 00:00:00,2024-02-01 00:00:00,94.6554,25.8177,2020,8,19,-0.5,-0.866,True,Nagaland,True,regional_survey_gis
GSI NLSM & ISRO Disaster Registries,https://bhukosh.gsi.gov.in,NER-2021-000186,2021-05-26 00:00:00,12:00,"Nilachal Hill Kamakhya, Kamrup Metro, Assam",Documented slope_failure triggered by monsoon in Kamrup Metro.,Nilachal Hill Kamakhya,5km,slope_failure,monsoon,medium,natural_slope,0,0,Pre-monsoon Storm,,Geotechnical survey record from GSI NLSM & State Disaster Registries.,gsi_nesac_catalog_expanded,NER-2021-000186,India,IN,Assam,1200000,Kamrup Metro,10.5,2021-05-26 00:00:00,2021-05-26 00:00:00,2024-02-01 00:00:00,95.66562,27.65924,2021,5,26,0.866,-0.5,True,Assam,True,regional_survey_gis
GSI NLSM & ISRO Disaster Registries,https://bhukosh.gsi.gov.in,NER-2022-000187,2022-07-19 00:00:00,12:00,"Nilachal Hill Kamakhya, Goalpara, Assam",Documented rockfall triggered by downpour in Goalpara.,Nilachal Hill Kamakhya,5km,rockfall,downpour,small,natural_slope,0,0,Southwest Monsoon,,Geotechnical survey record from GSI NLSM & State Disaster Registries.,gsi_nesac_catalog_expanded,NER-2022-000187,India,IN,Assam,1200000,Goalpara,10.5,2022-07-19 00:00:00,2022-07-19 00:00:00,2024-02-01 00:00:00,95.30338,24.37774,2022,7,19,0.0,-1.0,True,Assam,True,regional_survey_gis
GSI NLSM & ISRO Disaster Registries,https://bhukosh.gsi.gov.in,NER-2021-000188,2021-04-03 00:00:00,12:00,"Sela Pass-Tawang, Changlang, Arunachal Pradesh",Documented rockfall triggered by monsoon in Changlang.,Sela Pass-Tawang,5km,rockfall,monsoon,small,natural_slope,0,0,Pre-monsoon Storm,,Geotechnical survey record from GSI NLSM & State Disaster Registries.,gsi_nesac_catalog_expanded,NER-2021-000188,India,IN,Arunachal Pradesh,1200000,Changlang,10.5,2021-04-03 00:00:00,2021-04-03 00:00:00,2024-02-01 00:00:00,92.51172,27.60795,2021,4,3,1.0,0.0,True,Arunachal Pradesh,True,regional_survey_gis
GSI NLSM & ISRO Disaster Registries,https://bhukosh.gsi.gov.in,NER-2022-000191,2022-06-08 00:00:00,12:00,"Tura Peak Slopes, East Khasi Hills, Meghalaya",Documented slope_failure triggered by monsoon in East Khasi Hills.,Tura Peak Slopes,5km,slope_failure,monsoon,medium,natural_slope,0,0,Southwest Monsoon,,Geotechnical survey record from GSI NLSM & State Disaster Registries.,gsi_nesac_catalog_expanded,NER-2022-000191,India,IN,Meghalaya,1200000,East Khasi Hills,10.5,2022-06-08 00:00:00,2022-06-08 00:00:00,2024-02-01 00:00:00,92.64107,25.58667,2022,6,8,0.5,-0.866,True,Meghalaya,True,regional_survey_gis
GSI NLSM & ISRO Disaster Registries,https://bhukosh.gsi.gov.in,NER-2016-000193,2016-07-20 00:00:00,12:00,"Pasighat-Pangin, Kurung Kumey, Arunachal Pradesh",Documented mudslide triggered by downpour in Kurung Kumey.,Pasighat-Pangin,5km,mudslide,downpour,medium,natural_slope,0,0,Southwest Monsoon,,Geotechnical survey record from GSI NLSM & State Disaster Registries.,gsi_nesac_catalog_expanded,NER-2016-000193,India,IN,Arunachal Pradesh,1200000,Kurung Kumey,10.5,2016-07-20 00:00:00,2016-07-20 00:00:00,2024-02-01 00:00:00,95.48774,28.89605,2016,7,20,0.0,-1.0,True,Arunachal Pradesh,True,regional_survey_gis
GSI NLSM & ISRO Disaster Registries,https://bhukosh.gsi.gov.in,NER-2019-000196,2019-10-09 00:00:00,12:00,"Durtlang Ridge Slopes, Aizawl, Mizoram",Documented mudslide triggered by monsoon in Aizawl.,Durtlang Ridge Slopes,5km,mudslide,monsoon,medium,natural_slope,0,0,Pre-monsoon Storm,,Geotechnical survey record from GSI NLSM & State Disaster Registries.,gsi_nesac_catalog_expanded,NER-2019-000196,India,IN,Mizoram,1200000,Aizawl,10.5,2019-10-09 00:00:00,2019-10-09 00:00:00,2024-02-01 00:00:00,93.17796,22.14167,2019,10,9,-1.0,-0.0,True,Mizoram,True,regional_survey_gis
GSI NLSM & ISRO Disaster Registries,https://bhukosh.gsi.gov.in,NER-2019-000198,2019-06-03 00:00:00,12:00,"Chabimura-Amarpur, North Tripura, Tripura",Documented slope_failure triggered by continuous_rain in North Tripura.,Chabimura-Amarpur,5km,slope_failure,continuous_rain,medium,natural_slope,0,0,Southwest Monsoon,,Geotechnical survey record from GSI NLSM & State Disaster Registries.,gsi_nesac_catalog_expanded,NER-2019-000198,India,IN,Tripura,1200000,North Tripura,10.5,2019-06-03 00:00:00,2019-06-03 00:00:00,2024-02-01 00:00:00,91.60813,24.07822,2019,6,3,0.5,-0.866,True,Tripura,True,regional_survey_gis
GSI NLSM & ISRO Disaster Registries,https://bhukosh.gsi.gov.in,NER-2021-000199,2021-08-13 00:00:00,12:00,"Cherrapunji-Sohra Escarpment, Ri-Bhoi, Meghalaya",Documented debris_flow triggered by monsoon in Ri-Bhoi.,Cherrapunji-Sohra Escarpment,5km,debris_flow,monsoon,medium,natural_slope,0,0,Southwest Monsoon,,Geotechnical survey record from GSI NLSM & State Disaster Registries.,gsi_nesac_catalog_expanded,NER-2021-000199,India,IN,Meghalaya,1200000,Ri-Bhoi,10.5,2021-08-13 00:00:00,2021-08-13 00:00:00,2024-02-01 00:00:00,91.44743,25.96137,2021,8,13,-0.5,-0.866,True,Meghalaya,True,regional_survey_gis
GSI NLSM & ISRO Disaster Registries,https://bhukosh.gsi.gov.in,NER-2019-000200,2019-06-08 00:00:00,12:00,"Sonapur Tunnel Highway, East Khasi Hills, Meghalaya",Documented landslide triggered by continuous_rain in East Khasi Hills.,Sonapur Tunnel Highway,5km,landslide,continuous_rain,medium,above_road,0,0,Southwest Monsoon,,Geotechnical survey record from GSI NLSM & State Disaster Registries.,gsi_nesac_catalog_expanded,NER-2019-000200,India,IN,Meghalaya,1200000,East Khasi Hills,10.5,2019-06-08 00:00:00,2019-06-08 00:00:00,2024-02-01 00:00:00,91.54912,25.87407,2019,6,8,0.5,-0.866,True,Meghalaya,True,regional_survey_gis
GSI NLSM & ISRO Disaster Registries,https://bhukosh.gsi.gov.in,NER-2022-000203,2022-06-15 00:00:00,12:00,"Jorabat-Nongpoh NH-6, West Khasi Hills, Meghalaya",Documented slope_failure triggered by continuous_rain in West Khasi Hills.,Jorabat-Nongpoh NH-6,5km,slope_failure,continuous_rain,medium,above_road,0,0,Southwest Monsoon,,Geotechnical survey record from GSI NLSM & State Disaster Registries.,gsi_nesac_catalog_expanded,NER-2022-000203,India,IN,Meghalaya,1200000,West Khasi Hills,10.5,2022-06-15 00:00:00,2022-06-15 00:00:00,2024-02-01 00:00:00,90.8138,25.20964,2022,6,15,0.5,-0.866,True,Meghalaya,True,regional_survey_gis
GSI NLSM & ISRO Disaster Registries,https://bhukosh.gsi.gov.in,NER-2016-000204,2016-07-14 00:00:00,12:00,"Dzongu, West Sikkim, Sikkim",Documented slope_failure triggered by continuous_rain in West Sikkim.,Dzongu,5km,slope_failure,continuous_rain,large,natural_slope,3,2,Southwest Monsoon,,Geotechnical survey record from GSI NLSM & State Disaster Registries.,gsi_nesac_catalog_expanded,NER-2016-000204,India,IN,Sikkim,1200000,West Sikkim,10.5,2016-07-14 00:00:00,2016-07-14 00:00:00,2024-02-01 00:00:00,88.48208,27.55708,2016,7,14,0.0,-1.0,True,Sikkim,True,regional_survey_gis
GSI NLSM & ISRO Disaster Registries,https://bhukosh.gsi.gov.in,NER-2020-000206,2020-08-22 00:00:00,12:00,"Tura Peak Slopes, South West Khasi Hills, Meghalaya",Documented rockfall triggered by continuous_rain in South West Khasi Hills.,Tura Peak Slopes,5km,rockfall,continuous_rain,medium,natural_slope,0,0,Southwest Monsoon,,Geotechnical survey record from GSI NLSM & State Disaster Registries.,gsi_nesac_catalog_expanded,NER-2020-000206,India,IN,Meghalaya,1200000,South West Khasi Hills,10.5,2020-08-22 00:00:00,2020-08-22 00:00:00,2024-02-01 00:00:00,92.61116,25.69774,2020,8,22,-0.5,-0.866,True,Meghalaya,True,regional_survey_gis
GSI NLSM & ISRO Disaster Registries,https://bhukosh.gsi.gov.in,NER-2014-000207,2014-09-17 00:00:00,12:00,"Mao-Maram NH-2, Noney, Manipur",Documented slope_failure triggered by continuous_rain in Noney.,Mao-Maram NH-2,5km,slope_failure,continuous_rain,medium,above_road,0,0,Southwest Monsoon,,Geotechnical survey record from GSI NLSM & State Disaster Registries.,gsi_nesac_catalog_expanded,NER-2014-000207,India,IN,Manipur,1200000,Noney,10.5,2014-09-17 00:00:00,2014-09-17 00:00:00,2024-02-01 00:00:00,93.63907,24.14455,2014,9,17,-0.866,-0.5,True,Manipur,True,regional_survey_gis
GSI NLSM & ISRO Disaster Registries,https://bhukosh.gsi.gov.in,NER-2022-000208,2022-08-18 00:00:00,12:00,"Jampui Hills Vanghmun, West Tripura, Tripura",Documented debris_flow triggered by downpour in West Tripura.,Jampui Hills Vanghmun,5km,debris_flow,downpour,large,natural_slope,0,0,Southwest Monsoon,,Geotechnical survey record from GSI NLSM & State Disaster Registries.,gsi_nesac_catalog_expanded,NER-2022-000208,India,IN,Tripura,1200000,West Tripura,10.5,2022-08-18 00:00:00,2022-08-18 00:00:00,2024-02-01 00:00:00,91.77352,24.08786,2022,8,18,-0.5,-0.866,True,Tripura,True,regional_survey_gis
GSI NLSM & ISRO Disaster Registries,https://bhukosh.gsi.gov.in,NER-2021-000209,2021-08-21 00:00:00,12:00,"Chabimura-Amarpur, North Tripura, Tripura",Documented rockfall triggered by downpour in North Tripura.,Chabimura-Amarpur,5km,rockfall,downpour,medium,natural_slope,0,0,Southwest Monsoon,,Geotechnical survey record from GSI NLSM & State Disaster Registries.,gsi_nesac_catalog_expanded,NER-2021-000209,India,IN,Tripura,1200000,North Tripura,10.5,2021-08-21 00:00:00,2021-08-21 00:00:00,2024-02-01 00:00:00,91.41521,23.26667,2021,8,21,-0.5,-0.866,True,Tripura,True,regional_survey_gis
GSI NLSM & ISRO Disaster Registries,https://bhukosh.gsi.gov.in,NER-2021-000211,2021-06-08 00:00:00,12:00,"Lunglei-Hnahthial Highway, Serchhip, Mizoram",Documented slope_failure triggered by downpour in Serchhip.,Lunglei-Hnahthial Highway,5km,slope_failure,downpour,medium,above_road,0,0,Southwest Monsoon,,Geotechnical survey record from GSI NLSM & State Disaster Registries.,gsi_nesac_catalog_expanded,NER-2021-000211,India,IN,Mizoram,1200000,Serchhip,10.5,2021-06-08 00:00:00,2021-06-08 00:00:00,2024-02-01 00:00:00,93.14351,23.25358,2021,6,8,0.5,-0.866,True,Mizoram,True,regional_survey_gis
GSI NLSM & ISRO Disaster Registries,https://bhukosh.gsi.gov.in,NER-2018-000212,2018-06-21 00:00:00,12:00,"Namchi-Jorethang, Pakyong, Sikkim",Documented debris_flow triggered by downpour in Pakyong.,Namchi-Jorethang,5km,debris_flow,downpour,large,natural_slope,0,0,Southwest Monsoon,,Geotechnical survey record from GSI NLSM & State Disaster Registries.,gsi_nesac_catalog_expanded,NER-2018-000212,India,IN,Sikkim,1200000,Pakyong,10.5,2018-06-21 00:00:00,2018-06-21 00:00:00,2024-02-01 00:00:00,88.86506,27.70219,2018,6,21,0.5,-0.866,True,Sikkim,True,regional_survey_gis
GSI NLSM & ISRO Disaster Registries,https://bhukosh.gsi.gov.in,NER-2016-000213,2016-10-06 00:00:00,12:00,"Cherrapunji-Sohra Escarpment, South West Khasi Hills, Meghalaya",Documented rockfall triggered by downpour in South West Khasi Hills.,Cherrapunji-Sohra Escarpment,5km,rockfall,downpour,large,natural_slope,0,0,Pre-monsoon Storm,,Geotechnical survey record from GSI NLSM & State Disaster Registries.,gsi_nesac_catalog_expanded,NER-2016-000213,India,IN,Meghalaya,1200000,South West Khasi Hills,10.5,2016-10-06 00:00:00,2016-10-06 00:00:00,2024-02-01 00:00:00,91.39962,25.85065,2016,10,6,-1.0,-0.0,True,Meghalaya,True,regional_survey_gis
GSI NLSM & ISRO Disaster Registries,https://bhukosh.gsi.gov.in,NER-2016-000216,2016-07-18 00:00:00,12:00,"Mon-Tobu Highway, Wokha, Nagaland",Documented landslide triggered by continuous_rain in Wokha.,Mon-Tobu Highway,5km,landslide,continuous_rain,large,above_road,0,0,Southwest Monsoon,,Geotechnical survey record from GSI NLSM & State Disaster Registries.,gsi_nesac_catalog_expanded,NER-2016-000216,India,IN,Nagaland,1200000,Wokha,10.5,2016-07-18 00:00:00,2016-07-18 00:00:00,2024-02-01 00:00:00,93.30556,25.71157,2016,7,18,0.0,-1.0,True,Nagaland,True,regional_survey_gis
GSI NLSM & ISRO Disaster Registries,https://bhukosh.gsi.gov.in,NER-2016-000217,2016-06-24 00:00:00,12:00,"Dzüdza-Phesama NH-29, Dimapur, Nagaland",Documented slope_failure triggered by downpour in Dimapur.,Dzüdza-Phesama NH-29,5km,slope_failure,downpour,medium,above_road,0,0,Southwest Monsoon,,Geotechnical survey record from GSI NLSM & State Disaster Registries.,gsi_nesac_catalog_expanded,NER-2016-000217,India,IN,Nagaland,1200000,Dimapur,10.5,2016-06-24 00:00:00,2016-06-24 00:00:00,2024-02-01 00:00:00,93.7023,26.50669,2016,6,24,0.5,-0.866,True,Nagaland,True,regional_survey_gis
GSI NLSM & ISRO Disaster Registries,https://bhukosh.gsi.gov.in,NER-2016-000218,2016-05-03 00:00:00,12:00,"Kailashahar Hill Tracts, South Tripura, Tripura",Documented slope_failure triggered by downpour in South Tripura.,Kailashahar Hill Tracts,5km,slope_failure,downpour,medium,natural_slope,0,0,Pre-monsoon Storm,,Geotechnical survey record from GSI NLSM & State Disaster Registries.,gsi_nesac_catalog_expanded,NER-2016-000218,India,IN,Tripura,1200000,South Tripura,10.5,2016-05-03 00:00:00,2016-05-03 00:00:00,2024-02-01 00:00:00,91.42331,24.21279,2016,5,3,0.866,-0.5,True,Tripura,True,regional_survey_gis
GSI NLSM & ISRO Disaster Registries,https://bhukosh.gsi.gov.in,NER-2018-000219,2018-09-14 00:00:00,12:00,"Potin-Ziro Highway, Kurung Kumey, Arunachal Pradesh",Documented debris_flow triggered by continuous_rain in Kurung Kumey.,Potin-Ziro Highway,5km,debris_flow,continuous_rain,medium,above_road,0,0,Southwest Monsoon,,Geotechnical survey record from GSI NLSM & State Disaster Registries.,gsi_nesac_catalog_expanded,NER-2018-000219,India,IN,Arunachal Pradesh,1200000,Kurung Kumey,10.5,2018-09-14 00:00:00,2018-09-14 00:00:00,2024-02-01 00:00:00,93.57519,29.28584,2018,9,14,-0.866,-0.5,True,Arunachal Pradesh,True,regional_survey_gis
GSI NLSM & ISRO Disaster Registries,https://bhukosh.gsi.gov.in,NER-2016-000222,2016-08-28 00:00:00,12:00,"Dimapur-Kohima Peducha 4-Lane, Kohima, Nagaland",Documented debris_flow triggered by downpour in Kohima.,Dimapur-Kohima Peducha 4-Lane,5km,debris_flow,downpour,medium,natural_slope,0,0,Southwest Monsoon,,Geotechnical survey record from GSI NLSM & State Disaster Registries.,gsi_nesac_catalog_expanded,NER-2016-000222,India,IN,Nagaland,1200000,Kohima,10.5,2016-08-28 00:00:00,2016-08-28 00:00:00,2024-02-01 00:00:00,94.59991,26.96734,2016,8,28,-0.5,-0.866,True,Nagaland,True,regional_survey_gis
GSI NLSM & ISRO Disaster Registries,https://bhukosh.gsi.gov.in,NER-2018-000223,2018-06-02 00:00:00,12:00,"Kailashahar Hill Tracts, South Tripura, Tripura",Documented debris_flow triggered by road_cutting in South Tripura.,Kailashahar Hill Tracts,5km,debris_flow,road_cutting,medium,natural_slope,0,0,Southwest Monsoon,,Geotechnical survey record from GSI NLSM & State Disaster Registries.,gsi_nesac_catalog_expanded,NER-2018-000223,India,IN,Tripura,1200000,South Tripura,10.5,2018-06-02 00:00:00,2018-06-02 00:00:00,2024-02-01 00:00:00,92.04975,23.72862,2018,6,2,0.5,-0.866,True,Tripura,True,regional_survey_gis
GSI NLSM & ISRO Disaster Registries,https://bhukosh.gsi.gov.in,NER-2019-000224,2019-06-21 00:00:00,12:00,"Itanagar-Naharlagun, Kurung Kumey, Arunachal Pradesh",Documented mudslide triggered by monsoon in Kurung Kumey.,Itanagar-Naharlagun,5km,mudslide,monsoon,small,natural_slope,0,0,Southwest Monsoon,,Geotechnical survey record from GSI NLSM & State Disaster Registries.,gsi_nesac_catalog_expanded,NER-2019-000224,India,IN,Arunachal Pradesh,1200000,Kurung Kumey,10.5,2019-06-21 00:00:00,2019-06-21 00:00:00,2024-02-01 00:00:00,92.98436,26.82573,2019,6,21,0.5,-0.866,True,Arunachal Pradesh,True,regional_survey_gis
GSI NLSM & ISRO Disaster Registries,https://bhukosh.gsi.gov.in,NER-2021-000225,2021-05-05 00:00:00,12:00,"Mawsynram-Balat Belt, East Khasi Hills, Meghalaya",Documented rockfall triggered by continuous_rain in East Khasi Hills.,Mawsynram-Balat Belt,5km,rockfall,continuous_rain,medium,natural_slope,0,0,Pre-monsoon Storm,,Geotechnical survey record from GSI NLSM & State Disaster Registries.,gsi_nesac_catalog_expanded,NER-2021-000225,India,IN,Meghalaya,1200000,East Khasi Hills,10.5,2021-05-05 00:00:00,2021-05-05 00:00:00,2024-02-01 00:00:00,91.35755,25.32252,2021,5,5,0.866,-0.5,True,Meghalaya,True,regional_survey_gis
GSI NLSM & ISRO Disaster Registries,https://bhukosh.gsi.gov.in,NER-2020-000226,2020-04-21 00:00:00,12:00,"Dzongu, North Sikkim, Sikkim",Documented landslide triggered by continuous_rain in North Sikkim.,Dzongu,5km,landslide,continuous_rain,large,natural_slope,0,0,Pre-monsoon Storm,,Geotechnical survey record from GSI NLSM & State Disaster Registries.,gsi_nesac_catalog_expanded,NER-2020-000226,India,IN,Sikkim,1200000,North Sikkim,10.5,2020-04-21 00:00:00,2020-04-21 00:00:00,2024-02-01 00:00:00,88.20784,27.53776,2020,4,21,1.0,0.0,True,Sikkim,True,regional_survey_gis
GSI NLSM & ISRO Disaster Registries,https://bhukosh.gsi.gov.in,NER-2022-000227,2022-06-05 00:00:00,12:00,"Longtharai Valley NH-44, North Tripura, Tripura",Documented landslide triggered by downpour in North Tripura.,Longtharai Valley NH-44,5km,landslide,downpour,medium,above_road,0,0,Southwest Monsoon,,Geotechnical survey record from GSI NLSM & State Disaster Registries.,gsi_nesac_catalog_expanded,NER-2022-000227,India,IN,Tripura,1200000,North Tripura,10.5,2022-06-05 00:00:00,2022-06-05 00:00:00,2024-02-01 00:00:00,91.31826,24.21273,2022,6,5,0.5,-0.866,True,Tripura,True,regional_survey_gis
GSI NLSM & ISRO Disaster Registries,https://bhukosh.gsi.gov.in,NER-2018-000229,2018-09-23 00:00:00,12:00,"Dzüdza-Phesama NH-29, Dimapur, Nagaland",Documented mudslide triggered by continuous_rain in Dimapur.,Dzüdza-Phesama NH-29,5km,mudslide,continuous_rain,small,above_road,0,0,Southwest Monsoon,,Geotechnical survey record from GSI NLSM & State Disaster Registries.,gsi_nesac_catalog_expanded,NER-2018-000229,India,IN,Nagaland,1200000,Dimapur,10.5,2018-09-23 00:00:00,2018-09-23 00:00:00,2024-02-01 00:00:00,94.52922,26.27611,2018,9,23,-0.866,-0.5,True,Nagaland,True,regional_survey_gis
GSI NLSM & ISRO Disaster Registries,https://bhukosh.gsi.gov.in,NER-2020-000230,2020-06-07 00:00:00,12:00,"Ukhrul-Jessami Road, Kangpokpi, Manipur",Documented slope_failure triggered by continuous_rain in Kangpokpi.,Ukhrul-Jessami Road,5km,slope_failure,continuous_rain,small,natural_slope,0,0,Southwest Monsoon,,Geotechnical survey record from GSI NLSM & State Disaster Registries.,gsi_nesac_catalog_expanded,NER-2020-000230,India,IN,Manipur,1200000,Kangpokpi,10.5,2020-06-07 00:00:00,2020-06-07 00:00:00,2024-02-01 00:00:00,93.15447,25.06243,2020,6,7,0.5,-0.866,True,Manipur,True,regional_survey_gis
GSI NLSM & ISRO Disaster Registries,https://bhukosh.gsi.gov.in,NER-2021-000231,2021-06-07 00:00:00,12:00,"Mamit-Bairabi Section, Champhai, Mizoram",Documented mudslide triggered by monsoon in Champhai.,Mamit-Bairabi Section,5km,mudslide,monsoon,medium,natural_slope,0,0,Southwest Monsoon,,Geotechnical survey record from GSI NLSM & State Disaster Registries.,gsi_nesac_catalog_expanded,NER-2021-000231,India,IN,Mizoram,1200000,Champhai,10.5,2021-06-07 00:00:00,2021-06-07 00:00:00,2024-02-01 00:00:00,92.68791,22.3157,2021,6,7,0.5,-0.866,True,Mizoram,True,regional_survey_gis
GSI NLSM & ISRO Disaster Registries,https://bhukosh.gsi.gov.in,NER-2020-000232,2020-06-11 00:00:00,12:00,"Pasighat-Pangin, East Siang, Arunachal Pradesh",Documented debris_flow triggered by continuous_rain in East Siang.,Pasighat-Pangin,5km,debris_flow,continuous_rain,small,natural_slope,0,0,Southwest Monsoon,,Geotechnical survey record from GSI NLSM & State Disaster Registries.,gsi_nesac_catalog_expanded,NER-2020-000232,India,IN,Arunachal Pradesh,1200000,East Siang,10.5,2020-06-11 00:00:00,2020-06-11 00:00:00,2024-02-01 00:00:00,95.53893,28.38067,2020,6,11,0.5,-0.866,True,Arunachal Pradesh,True,regional_survey_gis
GSI NLSM & ISRO Disaster Registries,https://bhukosh.gsi.gov.in,NER-2022-000234,2022-07-17 00:00:00,12:00,"Tupul Railway Corridor, Ukhrul, Manipur",Documented mudslide triggered by continuous_rain in Ukhrul.,Tupul Railway Corridor,5km,mudslide,continuous_rain,medium,natural_slope,0,0,Southwest Monsoon,,Geotechnical survey record from GSI NLSM & State Disaster Registries.,gsi_nesac_catalog_expanded,NER-2022-000234,India,IN,Manipur,1200000,Ukhrul,10.5,2022-07-17 00:00:00,2022-07-17 00:00:00,2024-02-01 00:00:00,94.21324,24.96886,2022,7,17,0.0,-1.0,True,Manipur,True,regional_survey_gis
GSI NLSM & ISRO Disaster Registries,https://bhukosh.gsi.gov.in,NER-2020-000237,2020-09-16 00:00:00,12:00,"Chabimura-Amarpur, North Tripura, Tripura",Documented debris_flow triggered by continuous_rain in North Tripura.,Chabimura-Amarpur,5km,debris_flow,continuous_rain,small,natural_slope,0,0,Southwest Monsoon,,Geotechnical survey record from GSI NLSM & State Disaster Registries.,gsi_nesac_catalog_expanded,NER-2020-000237,India,IN,Tripura,1200000,North Tripura,10.5,2020-09-16 00:00:00,2020-09-16 00:00:00,2024-02-01 00:00:00,92.23772,23.19095,2020,9,16,-0.866,-0.5,True,Tripura,True,regional_survey_gis
GSI NLSM & ISRO Disaster Registries,https://bhukosh.gsi.gov.in,NER-2017-000238,2017-07-12 00:00:00,12:00,"Champhai-Zokhawthar Road, Lawngtlai, Mizoram",Documented mudslide triggered by downpour in Lawngtlai.,Champhai-Zokhawthar Road,5km,mudslide,downpour,small,natural_slope,0,0,Southwest Monsoon,,Geotechnical survey record from GSI NLSM & State Disaster Registries.,gsi_nesac_catalog_expanded,NER-2017-000238,India,IN,Mizoram,1200000,Lawngtlai,10.5,2017-07-12 00:00:00,2017-07-12 00:00:00,2024-02-01 00:00:00,92.87204,22.36897,2017,7,12,0.0,-1.0,True,Mizoram,True,regional_survey_gis
GSI NLSM & ISRO Disaster Registries,https://bhukosh.gsi.gov.in,NER-2022-000240,2022-10-09 00:00:00,12:00,"Kailashahar Hill Tracts, Gomati, Tripura",Documented slope_failure triggered by continuous_rain in Gomati.,Kailashahar Hill Tracts,5km,slope_failure,continuous_rain,small,natural_slope,0,0,Pre-monsoon Storm,,Geotechnical survey record from GSI NLSM & State Disaster Registries.,gsi_nesac_catalog_expanded,NER-2022-000240,India,IN,Tripura,1200000,Gomati,10.5,2022-10-09 00:00:00,2022-10-09 00:00:00,2024-02-01 00:00:00,91.51712,23.43851,2022,10,9,-1.0,-0.0,True,Tripura,True,regional_survey_gis
GSI NLSM & ISRO Disaster Registries,https://bhukosh.gsi.gov.in,NER-2017-000241,2017-06-04 00:00:00,12:00,"Lachen-Lachung Valley, West Sikkim, Sikkim",Documented debris_flow triggered by continuous_rain in West Sikkim.,Lachen-Lachung Valley,5km,debris_flow,continuous_rain,medium,natural_slope,0,0,Southwest Monsoon,,Geotechnical survey record from GSI NLSM & State Disaster Registries.,gsi_nesac_catalog_expanded,NER-2017-000241,India,IN,Sikkim,1200000,West Sikkim,10.5,2017-06-04 00:00:00,2017-06-04 00:00:00,2024-02-01 00:00:00,88.13007,27.54192,2017,6,4,0.5,-0.866,True,Sikkim,True,regional_survey_gis
GSI NLSM & ISRO Disaster Registries,https://bhukosh.gsi.gov.in,NER-2022-000243,2022-07-18 00:00:00,12:00,"Mokokchung-Tuli Road, Tuensang, Nagaland",Documented rockfall triggered by continuous_rain in Tuensang.,Mokokchung-Tuli Road,5km,rockfall,continuous_rain,medium,natural_slope,0,0,Southwest Monsoon,,Geotechnical survey record from GSI NLSM & State Disaster Registries.,gsi_nesac_catalog_expanded,NER-2022-000243,India,IN,Nagaland,1200000,Tuensang,10.5,2022-07-18 00:00:00,2022-07-18 00:00:00,2024-02-01 00:00:00,93.87006,26.6136,2022,7,18,0.0,-1.0,True,Nagaland,True,regional_survey_gis
GSI NLSM & ISRO Disaster Registries,https://bhukosh.gsi.gov.in,NER-2020-000244,2020-07-26 00:00:00,12:00,"Singngat Border Road, Kangpokpi, Manipur",Documented slope_failure triggered by downpour in Kangpokpi.,Singngat Border Road,5km,slope_failure,downpour,medium,natural_slope,0,0,Southwest Monsoon,,Geotechnical survey record from GSI NLSM & State Disaster Registries.,gsi_nesac_catalog_expanded,NER-2020-000244,India,IN,Manipur,1200000,Kangpokpi,10.5,2020-07-26 00:00:00,2020-07-26 00:00:00,2024-02-01 00:00:00,93.21249,25.03452,2020,7,26,0.0,-1.0,True,Manipur,True,regional_survey_gis
GSI NLSM & ISRO Disaster Registries,https://bhukosh.gsi.gov.in,NER-2021-000246,2021-05-09 00:00:00,12:00,"Shillong-Dawki NH-40, South West Khasi Hills, Meghalaya",Documented mudslide triggered by monsoon in South West Khasi Hills.,Shillong-Dawki NH-40,5km,mudslide,monsoon,small,above_road,0,0,Pre-monsoon Storm,,Geotechnical survey record from GSI NLSM & State Disaster Registries.,gsi_nesac_catalog_expanded,NER-2021-000246,India,IN,Meghalaya,1200000,South West Khasi Hills,10.5,2021-05-09 00:00:00,2021-05-09 00:00:00,2024-02-01 00:00:00,92.46308,25.435,2021,5,9,0.866,-0.5,True,Meghalaya,True,regional_survey_gis
GSI NLSM & ISRO Disaster Registries,https://bhukosh.gsi.gov.in,NER-2018-000248,2018-06-05 00:00:00,12:00,"Sonapur Tunnel Highway, West Khasi Hills, Meghalaya",Documented slope_failure triggered by continuous_rain in West Khasi Hills.,Sonapur Tunnel Highway,5km,slope_failure,continuous_rain,very_large,above_road,0,0,Southwest Monsoon,,Geotechnical survey record from GSI NLSM & State Disaster Registries.,gsi_nesac_catalog_expanded,NER-2018-000248,India,IN,Meghalaya,1200000,West Khasi Hills,10.5,2018-06-05 00:00:00,2018-06-05 00:00:00,2024-02-01 00:00:00,92.64581,25.69879,2018,6,5,0.5,-0.866,True,Meghalaya,True,regional_survey_gis
GSI NLSM & ISRO Disaster Registries,https://bhukosh.gsi.gov.in,NER-2021-000249,2021-07-12 00:00:00,12:00,"Phek-Pfutsero Pass, Tuensang, Nagaland",Documented landslide triggered by downpour in Tuensang.,Phek-Pfutsero Pass,5km,landslide,downpour,medium,natural_slope,0,0,Southwest Monsoon,,Geotechnical survey record from GSI NLSM & State Disaster Registries.,gsi_nesac_catalog_expanded,NER-2021-000249,India,IN,Nagaland,1200000,Tuensang,10.5,2021-07-12 00:00:00,2021-07-12 00:00:00,2024-02-01 00:00:00,94.4825,26.22024,2021,7,12,0.0,-1.0,True,Nagaland,True,regional_survey_gis
GSI NLSM & ISRO Disaster Registries,https://bhukosh.gsi.gov.in,NER-2022-000250,2022-06-10 00:00:00,12:00,"Baramura Slopes, Gomati, Tripura",Documented landslide triggered by monsoon in Gomati.,Baramura Slopes,5km,landslide,monsoon,small,natural_slope,0,0,Southwest Monsoon,,Geotechnical survey record from GSI NLSM & State Disaster Registries.,gsi_nesac_catalog_expanded,NER-2022-000250,India,IN,Tripura,1200000,Gomati,10.5,2022-06-10 00:00:00,2022-06-10 00:00:00,2024-02-01 00:00:00,91.75785,24.17483,2022,6,10,0.5,-0.866,True,Tripura,True,regional_survey_gis
GSI NLSM & ISRO Disaster Registries,https://bhukosh.gsi.gov.in,NER-2020-000252,2020-07-11 00:00:00,12:00,"Chabimura-Amarpur, Unakoti, Tripura",Documented rockfall triggered by downpour in Unakoti.,Chabimura-Amarpur,5km,rockfall,downpour,small,natural_slope,0,0,Southwest Monsoon,,Geotechnical survey record from GSI NLSM & State Disaster Registries.,gsi_nesac_catalog_expanded,NER-2020-000252,India,IN,Tripura,1200000,Unakoti,10.5,2020-07-11 00:00:00,2020-07-11 00:00:00,2024-02-01 00:00:00,92.13971,23.312,2020,7,11,0.0,-1.0,True,Tripura,True,regional_survey_gis
GSI NLSM & ISRO Disaster Registries,https://bhukosh.gsi.gov.in,NER-2011-000254,2011-06-15 00:00:00,12:00,"Haflong-Jatinga NH-54E, Goalpara, Assam",Documented slope_failure triggered by downpour in Goalpara.,Haflong-Jatinga NH-54E,5km,slope_failure,downpour,medium,above_road,0,0,Southwest Monsoon,,Geotechnical survey record from GSI NLSM & State Disaster Registries.,gsi_nesac_catalog_expanded,NER-2011-000254,India,IN,Assam,1200000,Goalpara,10.5,2011-06-15 00:00:00,2011-06-15 00:00:00,2024-02-01 00:00:00,93.00651,25.04991,2011,6,15,0.5,-0.866,True,Assam,True,regional_survey_gis
GSI NLSM & ISRO Disaster Registries,https://bhukosh.gsi.gov.in,NER-2018-000255,2018-05-02 00:00:00,12:00,"Ukhrul-Jessami Road, Churachandpur, Manipur",Documented rockfall triggered by downpour in Churachandpur.,Ukhrul-Jessami Road,5km,rockfall,downpour,small,natural_slope,0,0,Pre-monsoon Storm,,Geotechnical survey record from GSI NLSM & State Disaster Registries.,gsi_nesac_catalog_expanded,NER-2018-000255,India,IN,Manipur,1200000,Churachandpur,10.5,2018-05-02 00:00:00,2018-05-02 00:00:00,2024-02-01 00:00:00,93.20327,24.2138,2018,5,2,0.866,-0.5,True,Manipur,True,regional_survey_gis
GSI NLSM & ISRO Disaster Registries,https://bhukosh.gsi.gov.in,NER-2016-000256,2016-05-16 00:00:00,12:00,"Jairampur-Pangsau, Dibang Valley, Arunachal Pradesh",Documented slope_failure triggered by continuous_rain in Dibang Valley.,Jairampur-Pangsau,5km,slope_failure,continuous_rain,medium,natural_slope,0,0,Pre-monsoon Storm,,Geotechnical survey record from GSI NLSM & State Disaster Registries.,gsi_nesac_catalog_expanded,NER-2016-000256,India,IN,Arunachal Pradesh,1200000,Dibang Valley,10.5,2016-05-16 00:00:00,2016-05-16 00:00:00,2024-02-01 00:00:00,95.22094,28.87668,2016,5,16,0.866,-0.5,True,Arunachal Pradesh,True,regional_survey_gis
GSI NLSM & ISRO Disaster Registries,https://bhukosh.gsi.gov.in,NER-2022-000258,2022-07-28 00:00:00,12:00,"Longtharai Valley NH-44, West Tripura, Tripura",Documented debris_flow triggered by downpour in West Tripura.,Longtharai Valley NH-44,5km,debris_flow,downpour,small,above_road,0,0,Southwest Monsoon,,Geotechnical survey record from GSI NLSM & State Disaster Registries.,gsi_nesac_catalog_expanded,NER-2022-000258,India,IN,Tripura,1200000,West Tripura,10.5,2022-07-28 00:00:00,2022-07-28 00:00:00,2024-02-01 00:00:00,91.28603,23.0102,2022,7,28,0.0,-1.0,True,Tripura,True,regional_survey_gis
GSI NLSM & ISRO Disaster Registries,https://bhukosh.gsi.gov.in,NER-2019-000264,2019-09-11 00:00:00,12:00,"Mon-Tobu Highway, Kohima, Nagaland",Documented slope_failure triggered by continuous_rain in Kohima.,Mon-Tobu Highway,5km,slope_failure,continuous_rain,very_large,above_road,0,2,Southwest Monsoon,,Geotechnical survey record from GSI NLSM & State Disaster Registries.,gsi_nesac_catalog_expanded,NER-2019-000264,India,IN,Nagaland,1200000,Kohima,10.5,2019-09-11 00:00:00,2019-09-11 00:00:00,2024-02-01 00:00:00,93.70646,26.21366,2019,9,11,-0.866,-0.5,True,Nagaland,True,regional_survey_gis
GSI NLSM & ISRO Disaster Registries,https://bhukosh.gsi.gov.in,NER-2017-000265,2017-05-11 00:00:00,12:00,"Gangtok NH-10, South Sikkim, Sikkim",Documented debris_flow triggered by monsoon in South Sikkim.,Gangtok NH-10,5km,debris_flow,monsoon,small,above_road,0,0,Pre-monsoon Storm,,Geotechnical survey record from GSI NLSM & State Disaster Registries.,gsi_nesac_catalog_expanded,NER-2017-000265,India,IN,Sikkim,1200000,South Sikkim,10.5,2017-05-11 00:00:00,2017-05-11 00:00:00,2024-02-01 00:00:00,88.54327,27.85963,2017,5,11,0.866,-0.5,True,Sikkim,True,regional_survey_gis
GSI NLSM & ISRO Disaster Registries,https://bhukosh.gsi.gov.in,NER-2017-000266,2017-08-24 00:00:00,12:00,"Mokokchung-Tuli Road, Dimapur, Nagaland",Documented landslide triggered by continuous_rain in Dimapur.,Mokokchung-Tuli Road,5km,landslide,continuous_rain,small,natural_slope,0,0,Southwest Monsoon,,Geotechnical survey record from GSI NLSM & State Disaster Registries.,gsi_nesac_catalog_expanded,NER-2017-000266,India,IN,Nagaland,1200000,Dimapur,10.5,2017-08-24 00:00:00,2017-08-24 00:00:00,2024-02-01 00:00:00,93.5869,25.73612,2017,8,24,-0.5,-0.866,True,Nagaland,True,regional_survey_gis
GSI NLSM & ISRO Disaster Registries,https://bhukosh.gsi.gov.in,NER-2014-000267,2014-06-28 00:00:00,12:00,"Laipuitlang-Ramhlun Aizawl, Lunglei, Mizoram",Documented mudslide triggered by continuous_rain in Lunglei.,Laipuitlang-Ramhlun Aizawl,5km,mudslide,continuous_rain,medium,natural_slope,0,0,Southwest Monsoon,,Geotechnical survey record from GSI NLSM & State Disaster Registries.,gsi_nesac_catalog_expanded,NER-2014-000267,India,IN,Mizoram,1200000,Lunglei,10.5,2014-06-28 00:00:00,2014-06-28 00:00:00,2024-02-01 00:00:00,93.08098,22.63848,2014,6,28,0.5,-0.866,True,Mizoram,True,regional_survey_gis
GSI NLSM & ISRO Disaster Registries,https://bhukosh.gsi.gov.in,NER-2009-000268,2009-05-10 00:00:00,12:00,"Dimapur-Kohima Peducha 4-Lane, Wokha, Nagaland",Documented rockfall triggered by continuous_rain in Wokha.,Dimapur-Kohima Peducha 4-Lane,5km,rockfall,continuous_rain,medium,natural_slope,0,0,Pre-monsoon Storm,,Geotechnical survey record from GSI NLSM & State Disaster Registries.,gsi_nesac_catalog_expanded,NER-2009-000268,India,IN,Nagaland,1200000,Wokha,10.5,2009-05-10 00:00:00,2009-05-10 00:00:00,2024-02-01 00:00:00,93.93872,25.46642,2009,5,10,0.866,-0.5,True,Nagaland,True,regional_survey_gis
GSI NLSM & ISRO Disaster Registries,https://bhukosh.gsi.gov.in,NER-2020-000270,2020-08-25 00:00:00,12:00,"Cherrapunji-Sohra Escarpment, South West Khasi Hills, Meghalaya",Documented landslide triggered by monsoon in South West Khasi Hills.,Cherrapunji-Sohra Escarpment,5km,landslide,monsoon,large,natural_slope,0,0,Southwest Monsoon,,Geotechnical survey record from GSI NLSM & State Disaster Registries.,gsi_nesac_catalog_expanded,NER-2020-000270,India,IN,Meghalaya,1200000,South West Khasi Hills,10.5,2020-08-25 00:00:00,2020-08-25 00:00:00,2024-02-01 00:00:00,91.28348,25.25948,2020,8,25,-0.5,-0.866,True,Meghalaya,True,regional_survey_gis
GSI NLSM & ISRO Disaster Registries,https://bhukosh.gsi.gov.in,NER-2021-000272,2021-07-09 00:00:00,12:00,"Lachen-Lachung Valley, East Sikkim, Sikkim",Documented landslide triggered by cloudburst in East Sikkim.,Lachen-Lachung Valley,5km,landslide,cloudburst,medium,natural_slope,0,0,Southwest Monsoon,,Geotechnical survey record from GSI NLSM & State Disaster Registries.,gsi_nesac_catalog_expanded,NER-2021-000272,India,IN,Sikkim,1200000,East Sikkim,10.5,2021-07-09 00:00:00,2021-07-09 00:00:00,2024-02-01 00:00:00,88.70752,27.81366,2021,7,9,0.0,-1.0,True,Sikkim,True,regional_survey_gis
GSI NLSM & ISRO Disaster Registries,https://bhukosh.gsi.gov.in,NER-2019-000273,2019-07-23 00:00:00,12:00,"Wokha-Doyang Valley, Mon, Nagaland",Documented rockfall triggered by cloudburst in Mon.,Wokha-Doyang Valley,5km,rockfall,cloudburst,medium,natural_slope,0,0,Southwest Monsoon,,Geotechnical survey record from GSI NLSM & State Disaster Registries.,gsi_nesac_catalog_expanded,NER-2019-000273,India,IN,Nagaland,1200000,Mon,10.5,2019-07-23 00:00:00,2019-07-23 00:00:00,2024-02-01 00:00:00,94.72958,26.54119,2019,7,23,0.0,-1.0,True,Nagaland,True,regional_survey_gis
GSI NLSM & ISRO Disaster Registries,https://bhukosh.gsi.gov.in,NER-2021-000274,2021-06-21 00:00:00,12:00,"Bhalukpong-Bomdila NH-13, Tawang, Arunachal Pradesh",Documented rockfall triggered by downpour in Tawang.,Bhalukpong-Bomdila NH-13,5km,rockfall,downpour,medium,above_road,0,0,Southwest Monsoon,,Geotechnical survey record from GSI NLSM & State Disaster Registries.,gsi_nesac_catalog_expanded,NER-2021-000274,India,IN,Arunachal Pradesh,1200000,Tawang,10.5,2021-06-21 00:00:00,2021-06-21 00:00:00,2024-02-01 00:00:00,95.06949,28.9836,2021,6,21,0.5,-0.866,True,Arunachal Pradesh,True,regional_survey_gis
GSI NLSM & ISRO Disaster Registries,https://bhukosh.gsi.gov.in,NER-2021-000275,2021-07-21 00:00:00,12:00,"Dimapur-Kohima Peducha 4-Lane, Dimapur, Nagaland",Documented mudslide triggered by continuous_rain in Dimapur.,Dimapur-Kohima Peducha 4-Lane,5km,mudslide,continuous_rain,medium,natural_slope,0,0,Southwest Monsoon,,Geotechnical survey record from GSI NLSM & State Disaster Registries.,gsi_nesac_catalog_expanded,NER-2021-000275,India,IN,Nagaland,1200000,Dimapur,10.5,2021-07-21 00:00:00,2021-07-21 00:00:00,2024-02-01 00:00:00,94.38851,25.9512,2021,7,21,0.0,-1.0,True,Nagaland,True,regional_survey_gis
GSI NLSM & ISRO Disaster Registries,https://bhukosh.gsi.gov.in,NER-2011-000279,2011-08-07 00:00:00,12:00,"Mao-Maram NH-2, Churachandpur, Manipur",Documented rockfall triggered by continuous_rain in Churachandpur.,Mao-Maram NH-2,5km,rockfall,continuous_rain,small,above_road,0,0,Southwest Monsoon,,Geotechnical survey record from GSI NLSM & State Disaster Registries.,gsi_nesac_catalog_expanded,NER-2011-000279,India,IN,Manipur,1200000,Churachandpur,10.5,2011-08-07 00:00:00,2011-08-07 00:00:00,2024-02-01 00:00:00,94.66879,23.92566,2011,8,7,-0.5,-0.866,True,Manipur,True,regional_survey_gis
GSI NLSM & ISRO Disaster Registries,https://bhukosh.gsi.gov.in,NER-2021-000280,2021-07-18 00:00:00,12:00,"Mokokchung-Tuli Road, Mokokchung, Nagaland",Documented landslide triggered by continuous_rain in Mokokchung.,Mokokchung-Tuli Road,5km,landslide,continuous_rain,medium,natural_slope,0,0,Southwest Monsoon,,Geotechnical survey record from GSI NLSM & State Disaster Registries.,gsi_nesac_catalog_expanded,NER-2021-000280,India,IN,Nagaland,1200000,Mokokchung,10.5,2021-07-18 00:00:00,2021-07-18 00:00:00,2024-02-01 00:00:00,94.47665,26.79628,2021,7,18,0.0,-1.0,True,Nagaland,True,regional_survey_gis
GSI NLSM & ISRO Disaster Registries,https://bhukosh.gsi.gov.in,NER-2018-000282,2018-06-06 00:00:00,12:00,"Roing-Hunli, Changlang, Arunachal Pradesh",Documented landslide triggered by continuous_rain in Changlang.,Roing-Hunli,5km,landslide,continuous_rain,medium,natural_slope,0,0,Southwest Monsoon,,Geotechnical survey record from GSI NLSM & State Disaster Registries.,gsi_nesac_catalog_expanded,NER-2018-000282,India,IN,Arunachal Pradesh,1200000,Changlang,10.5,2018-06-06 00:00:00,2018-06-06 00:00:00,2024-02-01 00:00:00,92.46283,27.64441,2018,6,6,0.5,-0.866,True,Arunachal Pradesh,True,regional_survey_gis
GSI NLSM & ISRO Disaster Registries,https://bhukosh.gsi.gov.in,NER-2020-000285,2020-07-08 00:00:00,12:00,"Mokokchung-Tuli Road, Phek, Nagaland",Documented slope_failure triggered by downpour in Phek.,Mokokchung-Tuli Road,5km,slope_failure,downpour,medium,natural_slope,0,0,Southwest Monsoon,,Geotechnical survey record from GSI NLSM & State Disaster Registries.,gsi_nesac_catalog_expanded,NER-2020-000285,India,IN,Nagaland,1200000,Phek,10.5,2020-07-08 00:00:00,2020-07-08 00:00:00,2024-02-01 00:00:00,94.49441,25.7006,2020,7,8,0.0,-1.0,True,Nagaland,True,regional_survey_gis
GSI NLSM & ISRO Disaster Registries,https://bhukosh.gsi.gov.in,NER-2019-000287,2019-09-25 00:00:00,12:00,"Lunglei-Hnahthial Highway, Aizawl, Mizoram",Documented slope_failure triggered by downpour in Aizawl.,Lunglei-Hnahthial Highway,5km,slope_failure,downpour,medium,above_road,0,0,Southwest Monsoon,,Geotechnical survey record from GSI NLSM & State Disaster Registries.,gsi_nesac_catalog_expanded,NER-2019-000287,India,IN,Mizoram,1200000,Aizawl,10.5,2019-09-25 00:00:00,2019-09-25 00:00:00,2024-02-01 00:00:00,92.71526,22.47502,2019,9,25,-0.866,-0.5,True,Mizoram,True,regional_survey_gis
GSI NLSM & ISRO Disaster Registries,https://bhukosh.gsi.gov.in,NER-2022-000288,2022-06-17 00:00:00,12:00,"Tupul Railway Corridor, Noney, Manipur",Documented mudslide triggered by downpour in Noney.,Tupul Railway Corridor,5km,mudslide,downpour,medium,natural_slope,0,0,Southwest Monsoon,,Geotechnical survey record from GSI NLSM & State Disaster Registries.,gsi_nesac_catalog_expanded,NER-2022-000288,India,IN,Manipur,1200000,Noney,10.5,2022-06-17 00:00:00,2022-06-17 00:00:00,2024-02-01 00:00:00,94.66879,24.98416,2022,6,17,0.5,-0.866,True,Manipur,True,regional_survey_gis
GSI NLSM & ISRO Disaster Registries,https://bhukosh.gsi.gov.in,NER-2022-000289,2022-04-28 00:00:00,12:00,"Lachen-Lachung Valley, Pakyong, Sikkim",Documented slope_failure triggered by monsoon in Pakyong.,Lachen-Lachung Valley,5km,slope_failure,monsoon,medium,natural_slope,0,0,Pre-monsoon Storm,,Geotechnical survey record from GSI NLSM & State Disaster Registries.,gsi_nesac_catalog_expanded,NER-2022-000289,India,IN,Sikkim,1200000,Pakyong,10.5,2022-04-28 00:00:00,2022-04-28 00:00:00,2024-02-01 00:00:00,88.16884,27.59135,2022,4,28,1.0,0.0,True,Sikkim,True,regional_survey_gis
GSI NLSM & ISRO Disaster Registries,https://bhukosh.gsi.gov.in,NER-2018-000290,2018-06-24 00:00:00,12:00,"Lachen-Lachung Valley, Pakyong, Sikkim",Documented rockfall triggered by downpour in Pakyong.,Lachen-Lachung Valley,5km,rockfall,downpour,small,natural_slope,0,0,Southwest Monsoon,,Geotechnical survey record from GSI NLSM & State Disaster Registries.,gsi_nesac_catalog_expanded,NER-2018-000290,India,IN,Sikkim,1200000,Pakyong,10.5,2018-06-24 00:00:00,2018-06-24 00:00:00,2024-02-01 00:00:00,88.75724,28.05812,2018,6,24,0.5,-0.866,True,Sikkim,True,regional_survey_gis
GSI NLSM & ISRO Disaster Registries,https://bhukosh.gsi.gov.in,NER-2016-000292,2016-06-13 00:00:00,12:00,"Pasighat-Pangin, East Siang, Arunachal Pradesh",Documented rockfall triggered by downpour in East Siang.,Pasighat-Pangin,5km,rockfall,downpour,medium,natural_slope,0,0,Southwest Monsoon,,Geotechnical survey record from GSI NLSM & State Disaster Registries.,gsi_nesac_catalog_expanded,NER-2016-000292,India,IN,Arunachal Pradesh,1200000,East Siang,10.5,2016-06-13 00:00:00,2016-06-13 00:00:00,2024-02-01 00:00:00,94.86879,29.04298,2016,6,13,0.5,-0.866,True,Arunachal Pradesh,True,regional_survey_gis
GSI NLSM & ISRO Disaster Registries,https://bhukosh.gsi.gov.in,NER-2017-000294,2017-08-04 00:00:00,12:00,"Tupul Railway Corridor, Chandel, Manipur",Documented slope_failure triggered by cloudburst in Chandel.,Tupul Railway Corridor,5km,slope_failure,cloudburst,medium,natural_slope,0,0,Southwest Monsoon,,Geotechnical survey record from GSI NLSM & State Disaster Registries.,gsi_nesac_catalog_expanded,NER-2017-000294,India,IN,Manipur,1200000,Chandel,10.5,2017-08-04 00:00:00,2017-08-04 00:00:00,2024-02-01 00:00:00,94.21809,25.58225,2017,8,4,-0.5,-0.866,True,Manipur,True,regional_survey_gis
GSI NLSM & ISRO Disaster Registries,https://bhukosh.gsi.gov.in,NER-2018-000298,2018-06-07 00:00:00,12:00,"Longtharai Valley NH-44, Gomati, Tripura",Documented rockfall triggered by continuous_rain in Gomati.,Longtharai Valley NH-44,5km,rockfall,continuous_rain,medium,above_road,0,0,Southwest Monsoon,,Geotechnical survey record from GSI NLSM & State Disaster Registries.,gsi_nesac_catalog_expanded,NER-2018-000298,India,IN,Tripura,1200000,Gomati,10.5,2018-06-07 00:00:00,2018-06-07 00:00:00,2024-02-01 00:00:00,91.74018,23.97339,2018,6,7,0.5,-0.866,True,Tripura,True,regional_survey_gis
GSI NLSM & ISRO Disaster Registries,https://bhukosh.gsi.gov.in,NER-2020-000299,2020-05-12 00:00:00,12:00,"Cherrapunji-Sohra Escarpment, West Garo Hills, Meghalaya",Documented mudslide triggered by monsoon in West Garo Hills.,Cherrapunji-Sohra Escarpment,5km,mudslide,monsoon,medium,natural_slope,0,0,Pre-monsoon Storm,,Geotechnical survey record from GSI NLSM & State Disaster Registries.,gsi_nesac_catalog_expanded,NER-2020-000299,India,IN,Meghalaya,1200000,West Garo Hills,10.5,2020-05-12 00:00:00,2020-05-12 00:00:00,2024-02-01 00:00:00,91.28508,25.48061,2020,5,12,0.866,-0.5,True,Meghalaya,True,regional_survey_gis
GSI NLSM & ISRO Disaster Registries,https://bhukosh.gsi.gov.in,NER-2019-000301,2019-07-11 00:00:00,12:00,"Dzüdza-Phesama NH-29, Mon, Nagaland",Documented debris_flow triggered by downpour in Mon.,Dzüdza-Phesama NH-29,5km,debris_flow,downpour,medium,above_road,0,0,Southwest Monsoon,,Geotechnical survey record from GSI NLSM & State Disaster Registries.,gsi_nesac_catalog_expanded,NER-2019-000301,India,IN,Nagaland,1200000,Mon,10.5,2019-07-11 00:00:00,2019-07-11 00:00:00,2024-02-01 00:00:00,94.66927,26.24644,2019,7,11,0.0,-1.0,True,Nagaland,True,regional_survey_gis
GSI NLSM & ISRO Disaster Registries,https://bhukosh.gsi.gov.in,NER-2020-000302,2020-08-13 00:00:00,12:00,"Mahur-Harangajao Railway Hill Section, Cachar, Assam",Documented slope_failure triggered by continuous_rain in Cachar.,Mahur-Harangajao Railway Hill Section,5km,slope_failure,continuous_rain,medium,natural_slope,0,0,Southwest Monsoon,,Geotechnical survey record from GSI NLSM & State Disaster Registries.,gsi_nesac_catalog_expanded,NER-2020-000302,India,IN,Assam,1200000,Cachar,10.5,2020-08-13 00:00:00,2020-08-13 00:00:00,2024-02-01 00:00:00,92.96209,25.13319,2020,8,13,-0.5,-0.866,True,Assam,True,regional_survey_gis
GSI NLSM & ISRO Disaster Registries,https://bhukosh.gsi.gov.in,NER-2018-000303,2018-06-26 00:00:00,12:00,"Shillong-Dawki NH-40, East Khasi Hills, Meghalaya",Documented debris_flow triggered by continuous_rain in East Khasi Hills.,Shillong-Dawki NH-40,5km,debris_flow,continuous_rain,small,above_road,0,0,Southwest Monsoon,,Geotechnical survey record from GSI NLSM & State Disaster Registries.,gsi_nesac_catalog_expanded,NER-2018-000303,India,IN,Meghalaya,1200000,East Khasi Hills,10.5,2018-06-26 00:00:00,2018-06-26 00:00:00,2024-02-01 00:00:00,92.63,25.33501,2018,6,26,0.5,-0.866,True,Meghalaya,True,regional_survey_gis
GSI NLSM & ISRO Disaster Registries,https://bhukosh.gsi.gov.in,NER-2020-000304,2020-09-12 00:00:00,12:00,"Dzongu, Pakyong, Sikkim",Documented mudslide triggered by continuous_rain in Pakyong.,Dzongu,5km,mudslide,continuous_rain,medium,natural_slope,0,0,Southwest Monsoon,,Geotechnical survey record from GSI NLSM & State Disaster Registries.,gsi_nesac_catalog_expanded,NER-2020-000304,India,IN,Sikkim,1200000,Pakyong,10.5,2020-09-12 00:00:00,2020-09-12 00:00:00,2024-02-01 00:00:00,88.54607,27.81493,2020,9,12,-0.866,-0.5,True,Sikkim,True,regional_survey_gis
GSI NLSM & ISRO Disaster Registries,https://bhukosh.gsi.gov.in,NER-2017-000305,2017-05-28 00:00:00,12:00,"Mamit-Bairabi Section, Lawngtlai, Mizoram",Documented rockfall triggered by continuous_rain in Lawngtlai.,Mamit-Bairabi Section,5km,rockfall,continuous_rain,medium,natural_slope,0,0,Pre-monsoon Storm,,Geotechnical survey record from GSI NLSM & State Disaster Registries.,gsi_nesac_catalog_expanded,NER-2017-000305,India,IN,Mizoram,1200000,Lawngtlai,10.5,2017-05-28 00:00:00,2017-05-28 00:00:00,2024-02-01 00:00:00,92.2861,22.24912,2017,5,28,0.866,-0.5,True,Mizoram,True,regional_survey_gis
GSI NLSM & ISRO Disaster Registries,https://bhukosh.gsi.gov.in,NER-2019-000306,2019-07-18 00:00:00,12:00,"Mon-Tobu Highway, Kohima, Nagaland",Documented landslide triggered by cloudburst in Kohima.,Mon-Tobu Highway,5km,landslide,cloudburst,medium,above_road,0,0,Southwest Monsoon,,Geotechnical survey record from GSI NLSM & State Disaster Registries.,gsi_nesac_catalog_expanded,NER-2019-000306,India,IN,Nagaland,1200000,Kohima,10.5,2019-07-18 00:00:00,2019-07-18 00:00:00,2024-02-01 00:00:00,93.72891,25.89249,2019,7,18,0.0,-1.0,True,Nagaland,True,regional_survey_gis
GSI NLSM & ISRO Disaster Registries,https://bhukosh.gsi.gov.in,NER-2021-000309,2021-10-24 00:00:00,12:00,"Mao-Maram NH-2, Chandel, Manipur",Documented landslide triggered by continuous_rain in Chandel.,Mao-Maram NH-2,5km,landslide,continuous_rain,small,above_road,0,0,Pre-monsoon Storm,,Geotechnical survey record from GSI NLSM & State Disaster Registries.,gsi_nesac_catalog_expanded,NER-2021-000309,India,IN,Manipur,1200000,Chandel,10.5,2021-10-24 00:00:00,2021-10-24 00:00:00,2024-02-01 00:00:00,93.79619,24.97327,2021,10,24,-1.0,-0.0,True,Manipur,True,regional_survey_gis
GSI NLSM & ISRO Disaster Registries,https://bhukosh.gsi.gov.in,NER-2018-000310,2018-05-09 00:00:00,12:00,"Tupul Railway Corridor, Senapati, Manipur",Documented landslide triggered by downpour in Senapati.,Tupul Railway Corridor,5km,landslide,downpour,medium,natural_slope,0,0,Pre-monsoon Storm,,Geotechnical survey record from GSI NLSM & State Disaster Registries.,gsi_nesac_catalog_expanded,NER-2018-000310,India,IN,Manipur,1200000,Senapati,10.5,2018-05-09 00:00:00,2018-05-09 00:00:00,2024-02-01 00:00:00,93.06671,24.95822,2018,5,9,0.866,-0.5,True,Manipur,True,regional_survey_gis
GSI NLSM & ISRO Disaster Registries,https://bhukosh.gsi.gov.in,NER-2019-000312,2019-06-10 00:00:00,12:00,"Haflong-Jatinga NH-54E, Hailakandi, Assam",Documented slope_failure triggered by downpour in Hailakandi.,Haflong-Jatinga NH-54E,5km,slope_failure,downpour,medium,above_road,0,0,Southwest Monsoon,,Geotechnical survey record from GSI NLSM & State Disaster Registries.,gsi_nesac_catalog_expanded,NER-2019-000312,India,IN,Assam,1200000,Hailakandi,10.5,2019-06-10 00:00:00,2019-06-10 00:00:00,2024-02-01 00:00:00,89.96035,27.20733,2019,6,10,0.5,-0.866,True,Assam,True,regional_survey_gis
GSI NLSM & ISRO Disaster Registries,https://bhukosh.gsi.gov.in,NER-2021-000314,2021-08-06 00:00:00,12:00,"Sonapur Tunnel Highway, East Khasi Hills, Meghalaya",Documented landslide triggered by downpour in East Khasi Hills.,Sonapur Tunnel Highway,5km,landslide,downpour,small,above_road,0,0,Southwest Monsoon,,Geotechnical survey record from GSI NLSM & State Disaster Registries.,gsi_nesac_catalog_expanded,NER-2021-000314,India,IN,Meghalaya,1200000,East Khasi Hills,10.5,2021-08-06 00:00:00,2021-08-06 00:00:00,2024-02-01 00:00:00,91.80964,25.756,2021,8,6,-0.5,-0.866,True,Meghalaya,True,regional_survey_gis
GSI NLSM & ISRO Disaster Registries,https://bhukosh.gsi.gov.in,NER-2009-000315,2009-08-04 00:00:00,12:00,"Jorabat-Nongpoh NH-6, Ri-Bhoi, Meghalaya",Documented rockfall triggered by continuous_rain in Ri-Bhoi.,Jorabat-Nongpoh NH-6,5km,rockfall,continuous_rain,large,above_road,0,0,Southwest Monsoon,,Geotechnical survey record from GSI NLSM & State Disaster Registries.,gsi_nesac_catalog_expanded,NER-2009-000315,India,IN,Meghalaya,1200000,Ri-Bhoi,10.5,2009-08-04 00:00:00,2009-08-04 00:00:00,2024-02-01 00:00:00,91.60178,25.95563,2009,8,4,-0.5,-0.866,True,Meghalaya,True,regional_survey_gis
GSI NLSM & ISRO Disaster Registries,https://bhukosh.gsi.gov.in,NER-2014-000318,2014-05-23 00:00:00,12:00,"Namchi-Jorethang, East Sikkim, Sikkim",Documented rockfall triggered by continuous_rain in East Sikkim.,Namchi-Jorethang,5km,rockfall,continuous_rain,small,natural_slope,0,0,Pre-monsoon Storm,,Geotechnical survey record from GSI NLSM & State Disaster Registries.,gsi_nesac_catalog_expanded,NER-2014-000318,India,IN,Sikkim,1200000,East Sikkim,10.5,2014-05-23 00:00:00,2014-05-23 00:00:00,2024-02-01 00:00:00,88.16299,27.82246,2014,5,23,0.866,-0.5,True,Sikkim,True,regional_survey_gis
GSI NLSM & ISRO Disaster Registries,https://bhukosh.gsi.gov.in,NER-2018-000319,2018-06-21 00:00:00,12:00,"Mamit-Bairabi Section, Kolasib, Mizoram",Documented mudslide triggered by continuous_rain in Kolasib.,Mamit-Bairabi Section,5km,mudslide,continuous_rain,very_large,natural_slope,0,0,Southwest Monsoon,,Geotechnical survey record from GSI NLSM & State Disaster Registries.,gsi_nesac_catalog_expanded,NER-2018-000319,India,IN,Mizoram,1200000,Kolasib,10.5,2018-06-21 00:00:00,2018-06-21 00:00:00,2024-02-01 00:00:00,92.63843,23.58239,2018,6,21,0.5,-0.866,True,Mizoram,True,regional_survey_gis
GSI NLSM & ISRO Disaster Registries,https://bhukosh.gsi.gov.in,NER-2021-000320,2021-06-07 00:00:00,12:00,"Kolasib-Vairengte NH-54, Aizawl, Mizoram",Documented landslide triggered by monsoon in Aizawl.,Kolasib-Vairengte NH-54,5km,landslide,monsoon,very_large,above_road,0,1,Southwest Monsoon,,Geotechnical survey record from GSI NLSM & State Disaster Registries.,gsi_nesac_catalog_expanded,NER-2021-000320,India,IN,Mizoram,1200000,Aizawl,10.5,2021-06-07 00:00:00,2021-06-07 00:00:00,2024-02-01 00:00:00,93.27923,22.90561,2021,6,7,0.5,-0.866,True,Mizoram,True,regional_survey_gis
GSI NLSM & ISRO Disaster Registries,https://bhukosh.gsi.gov.in,NER-2022-000323,2022-09-24 00:00:00,12:00,"Mawsynram-Balat Belt, East Jaintia Hills, Meghalaya",Documented mudslide triggered by downpour in East Jaintia Hills.,Mawsynram-Balat Belt,5km,mudslide,downpour,small,natural_slope,0,0,Southwest Monsoon,,Geotechnical survey record from GSI NLSM & State Disaster Registries.,gsi_nesac_catalog_expanded,NER-2022-000323,India,IN,Meghalaya,1200000,East Jaintia Hills,10.5,2022-09-24 00:00:00,2022-09-24 00:00:00,2024-02-01 00:00:00,92.72756,25.35666,2022,9,24,-0.866,-0.5,True,Meghalaya,True,regional_survey_gis
GSI NLSM & ISRO Disaster Registries,https://bhukosh.gsi.gov.in,NER-2019-000324,2019-05-19 00:00:00,12:00,"Mamit-Bairabi Section, Champhai, Mizoram",Documented debris_flow triggered by continuous_rain in Champhai.,Mamit-Bairabi Section,5km,debris_flow,continuous_rain,medium,natural_slope,0,0,Pre-monsoon Storm,,Geotechnical survey record from GSI NLSM & State Disaster Registries.,gsi_nesac_catalog_expanded,NER-2019-000324,India,IN,Mizoram,1200000,Champhai,10.5,2019-05-19 00:00:00,2019-05-19 00:00:00,2024-02-01 00:00:00,92.4001,22.9173,2019,5,19,0.866,-0.5,True,Mizoram,True,regional_survey_gis
GSI NLSM & ISRO Disaster Registries,https://bhukosh.gsi.gov.in,NER-2017-000326,2017-05-17 00:00:00,12:00,"Dimapur-Kohima Peducha 4-Lane, Mon, Nagaland",Documented rockfall triggered by downpour in Mon.,Dimapur-Kohima Peducha 4-Lane,5km,rockfall,downpour,small,natural_slope,0,0,Pre-monsoon Storm,,Geotechnical survey record from GSI NLSM & State Disaster Registries.,gsi_nesac_catalog_expanded,NER-2017-000326,India,IN,Nagaland,1200000,Mon,10.5,2017-05-17 00:00:00,2017-05-17 00:00:00,2024-02-01 00:00:00,94.93919,26.31406,2017,5,17,0.866,-0.5,True,Nagaland,True,regional_survey_gis
GSI NLSM & ISRO Disaster Registries,https://bhukosh.gsi.gov.in,NER-2017-000328,2017-08-19 00:00:00,12:00,"Diphu-Bokajan, Cachar, Assam",Documented landslide triggered by downpour in Cachar.,Diphu-Bokajan,5km,landslide,downpour,large,natural_slope,0,2,Southwest Monsoon,,Geotechnical survey record from GSI NLSM & State Disaster Registries.,gsi_nesac_catalog_expanded,NER-2017-000328,India,IN,Assam,1200000,Cachar,10.5,2017-08-19 00:00:00,2017-08-19 00:00:00,2024-02-01 00:00:00,94.40665,25.73436,2017,8,19,-0.5,-0.866,True,Assam,True,regional_survey_gis
GSI NLSM & ISRO Disaster Registries,https://bhukosh.gsi.gov.in,NER-2020-000329,2020-06-13 00:00:00,12:00,"Itanagar-Naharlagun, Dibang Valley, Arunachal Pradesh",Documented mudslide triggered by monsoon in Dibang Valley.,Itanagar-Naharlagun,5km,mudslide,monsoon,medium,natural_slope,0,0,Southwest Monsoon,,Geotechnical survey record from GSI NLSM & State Disaster Registries.,gsi_nesac_catalog_expanded,NER-2020-000329,India,IN,Arunachal Pradesh,1200000,Dibang Valley,10.5,2020-06-13 00:00:00,2020-06-13 00:00:00,2024-02-01 00:00:00,92.04019,26.92909,2020,6,13,0.5,-0.866,True,Arunachal Pradesh,True,regional_survey_gis
GSI NLSM & ISRO Disaster Registries,https://bhukosh.gsi.gov.in,NER-2022-000330,2022-08-20 00:00:00,12:00,"Khongsang-Nungba NH-37, Churachandpur, Manipur",Documented rockfall triggered by continuous_rain in Churachandpur.,Khongsang-Nungba NH-37,5km,rockfall,continuous_rain,small,above_road,0,0,Southwest Monsoon,,Geotechnical survey record from GSI NLSM & State Disaster Registries.,gsi_nesac_catalog_expanded,NER-2022-000330,India,IN,Manipur,1200000,Churachandpur,10.5,2022-08-20 00:00:00,2022-08-20 00:00:00,2024-02-01 00:00:00,93.99496,24.89843,2022,8,20,-0.5,-0.866,True,Manipur,True,regional_survey_gis
GSI NLSM & ISRO Disaster Registries,https://bhukosh.gsi.gov.in,NER-2020-000331,2020-05-19 00:00:00,12:00,"Jorabat-Nongpoh NH-6, East Jaintia Hills, Meghalaya",Documented landslide triggered by downpour in East Jaintia Hills.,Jorabat-Nongpoh NH-6,5km,landslide,downpour,large,above_road,0,0,Pre-monsoon Storm,,Geotechnical survey record from GSI NLSM & State Disaster Registries.,gsi_nesac_catalog_expanded,NER-2020-000331,India,IN,Meghalaya,1200000,East Jaintia Hills,10.5,2020-05-19 00:00:00,2020-05-19 00:00:00,2024-02-01 00:00:00,92.49476,26.00513,2020,5,19,0.866,-0.5,True,Meghalaya,True,regional_survey_gis
GSI NLSM & ISRO Disaster Registries,https://bhukosh.gsi.gov.in,NER-2014-000333,2014-05-28 00:00:00,12:00,"Jairampur-Pangsau, East Siang, Arunachal Pradesh",Documented slope_failure triggered by continuous_rain in East Siang.,Jairampur-Pangsau,5km,slope_failure,continuous_rain,medium,natural_slope,0,0,Pre-monsoon Storm,,Geotechnical survey record from GSI NLSM & State Disaster Registries.,gsi_nesac_catalog_expanded,NER-2014-000333,India,IN,Arunachal Pradesh,1200000,East Siang,10.5,2014-05-28 00:00:00,2014-05-28 00:00:00,2024-02-01 00:00:00,92.14728,26.94922,2014,5,28,0.866,-0.5,True,Arunachal Pradesh,True,regional_survey_gis
GSI NLSM & ISRO Disaster Registries,https://bhukosh.gsi.gov.in,NER-2018-000334,2018-08-02 00:00:00,12:00,"Diphu-Bokajan, Karbi Anglong, Assam",Documented debris_flow triggered by continuous_rain in Karbi Anglong.,Diphu-Bokajan,5km,debris_flow,continuous_rain,small,natural_slope,0,0,Southwest Monsoon,,Geotechnical survey record from GSI NLSM & State Disaster Registries.,gsi_nesac_catalog_expanded,NER-2018-000334,India,IN,Assam,1200000,Karbi Anglong,10.5,2018-08-02 00:00:00,2018-08-02 00:00:00,2024-02-01 00:00:00,93.09903,26.63415,2018,8,2,-0.5,-0.866,True,Assam,True,regional_survey_gis
GSI NLSM & ISRO Disaster Registries,https://bhukosh.gsi.gov.in,NER-2020-000336,2020-09-16 00:00:00,12:00,"Jampui Hills Vanghmun, North Tripura, Tripura",Documented rockfall triggered by downpour in North Tripura.,Jampui Hills Vanghmun,5km,rockfall,downpour,large,natural_slope,0,0,Southwest Monsoon,,Geotechnical survey record from GSI NLSM & State Disaster Registries.,gsi_nesac_catalog_expanded,NER-2020-000336,India,IN,Tripura,1200000,North Tripura,10.5,2020-09-16 00:00:00,2020-09-16 00:00:00,2024-02-01 00:00:00,91.73943,23.98529,2020,9,16,-0.866,-0.5,True,Tripura,True,regional_survey_gis
GSI NLSM & ISRO Disaster Registries,https://bhukosh.gsi.gov.in,NER-2018-000337,2018-04-05 00:00:00,12:00,"Mahur-Harangajao Railway Hill Section, Dima Hasao, Assam",Documented landslide triggered by continuous_rain in Dima Hasao.,Mahur-Harangajao Railway Hill Section,5km,landslide,continuous_rain,medium,natural_slope,0,0,Pre-monsoon Storm,,Geotechnical survey record from GSI NLSM & State Disaster Registries.,gsi_nesac_catalog_expanded,NER-2018-000337,India,IN,Assam,1200000,Dima Hasao,10.5,2018-04-05 00:00:00,2018-04-05 00:00:00,2024-02-01 00:00:00,90.99834,24.18674,2018,4,5,1.0,0.0,True,Assam,True,regional_survey_gis
GSI NLSM & ISRO Disaster Registries,https://bhukosh.gsi.gov.in,NER-2018-000338,2018-08-26 00:00:00,12:00,"Laipuitlang-Ramhlun Aizawl, Lawngtlai, Mizoram",Documented debris_flow triggered by downpour in Lawngtlai.,Laipuitlang-Ramhlun Aizawl,5km,debris_flow,downpour,medium,natural_slope,0,0,Southwest Monsoon,,Geotechnical survey record from GSI NLSM & State Disaster Registries.,gsi_nesac_catalog_expanded,NER-2018-000338,India,IN,Mizoram,1200000,Lawngtlai,10.5,2018-08-26 00:00:00,2018-08-26 00:00:00,2024-02-01 00:00:00,92.59455,22.34257,2018,8,26,-0.5,-0.866,True,Mizoram,True,regional_survey_gis
GSI NLSM & ISRO Disaster Registries,https://bhukosh.gsi.gov.in,NER-2018-000340,2018-04-18 00:00:00,12:00,"Itanagar-Naharlagun, Dibang Valley, Arunachal Pradesh",Documented rockfall triggered by cloudburst in Dibang Valley.,Itanagar-Naharlagun,5km,rockfall,cloudburst,medium,natural_slope,0,0,Pre-monsoon Storm,,Geotechnical survey record from GSI NLSM & State Disaster Registries.,gsi_nesac_catalog_expanded,NER-2018-000340,India,IN,Arunachal Pradesh,1200000,Dibang Valley,10.5,2018-04-18 00:00:00,2018-04-18 00:00:00,2024-02-01 00:00:00,97.27033,28.5301,2018,4,18,1.0,0.0,True,Arunachal Pradesh,True,regional_survey_gis
GSI NLSM & ISRO Disaster Registries,https://bhukosh.gsi.gov.in,NER-2010-000342,2010-08-04 00:00:00,12:00,"Chabimura-Amarpur, West Tripura, Tripura",Documented landslide triggered by monsoon in West Tripura.,Chabimura-Amarpur,5km,landslide,monsoon,small,natural_slope,0,0,Southwest Monsoon,,Geotechnical survey record from GSI NLSM & State Disaster Registries.,gsi_nesac_catalog_expanded,NER-2010-000342,India,IN,Tripura,1200000,West Tripura,10.5,2010-08-04 00:00:00,2010-08-04 00:00:00,2024-02-01 00:00:00,91.62086,24.23862,2010,8,4,-0.5,-0.866,True,Tripura,True,regional_survey_gis
GSI NLSM & ISRO Disaster Registries,https://bhukosh.gsi.gov.in,NER-2009-000344,2009-05-15 00:00:00,12:00,"Ukhrul-Jessami Road, Kangpokpi, Manipur",Documented debris_flow triggered by continuous_rain in Kangpokpi.,Ukhrul-Jessami Road,5km,debris_flow,continuous_rain,small,natural_slope,0,0,Pre-monsoon Storm,,Geotechnical survey record from GSI NLSM & State Disaster Registries.,gsi_nesac_catalog_expanded,NER-2009-000344,India,IN,Manipur,1200000,Kangpokpi,10.5,2009-05-15 00:00:00,2009-05-15 00:00:00,2024-02-01 00:00:00,93.79651,24.58966,2009,5,15,0.866,-0.5,True,Manipur,True,regional_survey_gis
GSI NLSM & ISRO Disaster Registries,https://bhukosh.gsi.gov.in,NER-2020-000345,2020-08-03 00:00:00,12:00,"Lunglei-Hnahthial Highway, Kolasib, Mizoram",Documented slope_failure triggered by downpour in Kolasib.,Lunglei-Hnahthial Highway,5km,slope_failure,downpour,large,above_road,0,0,Southwest Monsoon,,Geotechnical survey record from GSI NLSM & State Disaster Registries.,gsi_nesac_catalog_expanded,NER-2020-000345,India,IN,Mizoram,1200000,Kolasib,10.5,2020-08-03 00:00:00,2020-08-03 00:00:00,2024-02-01 00:00:00,92.96128,23.46772,2020,8,3,-0.5,-0.866,True,Mizoram,True,regional_survey_gis
GSI NLSM & ISRO Disaster Registries,https://bhukosh.gsi.gov.in,NER-2022-000349,2022-06-28 00:00:00,12:00,"Bhalukpong-Bomdila NH-13, Tawang, Arunachal Pradesh",Documented debris_flow triggered by downpour in Tawang.,Bhalukpong-Bomdila NH-13,5km,debris_flow,downpour,medium,above_road,0,0,Southwest Monsoon,,Geotechnical survey record from GSI NLSM & State Disaster Registries.,gsi_nesac_catalog_expanded,NER-2022-000349,India,IN,Arunachal Pradesh,1200000,Tawang,10.5,2022-06-28 00:00:00,2022-06-28 00:00:00,2024-02-01 00:00:00,95.54412,27.47311,2022,6,28,0.5,-0.866,True,Arunachal Pradesh,True,regional_survey_gis
GSI NLSM & ISRO Disaster Registries,https://bhukosh.gsi.gov.in,NER-2017-000350,2017-09-26 00:00:00,12:00,"Shillong-Dawki NH-40, East Jaintia Hills, Meghalaya",Documented landslide triggered by downpour in East Jaintia Hills.,Shillong-Dawki NH-40,5km,landslide,downpour,large,above_road,0,0,Southwest Monsoon,,Geotechnical survey record from GSI NLSM & State Disaster Registries.,gsi_nesac_catalog_expanded,NER-2017-000350,India,IN,Meghalaya,1200000,East Jaintia Hills,10.5,2017-09-26 00:00:00,2017-09-26 00:00:00,2024-02-01 00:00:00,92.29425,25.67477,2017,9,26,-0.866,-0.5,True,Meghalaya,True,regional_survey_gis
GSI NLSM & ISRO Disaster Registries,https://bhukosh.gsi.gov.in,NER-2022-000352,2022-06-07 00:00:00,12:00,"Rangpo-Singtam, North Sikkim, Sikkim",Documented mudslide triggered by continuous_rain in North Sikkim.,Rangpo-Singtam,5km,mudslide,continuous_rain,medium,natural_slope,0,0,Southwest Monsoon,,Geotechnical survey record from GSI NLSM & State Disaster Registries.,gsi_nesac_catalog_expanded,NER-2022-000352,India,IN,Sikkim,1200000,North Sikkim,10.5,2022-06-07 00:00:00,2022-06-07 00:00:00,2024-02-01 00:00:00,88.11962,27.4336,2022,6,7,0.5,-0.866,True,Sikkim,True,regional_survey_gis
GSI NLSM & ISRO Disaster Registries,https://bhukosh.gsi.gov.in,NER-2017-000353,2017-09-09 00:00:00,12:00,"Durtlang Ridge Slopes, Kolasib, Mizoram",Documented mudslide triggered by downpour in Kolasib.,Durtlang Ridge Slopes,5km,mudslide,downpour,small,natural_slope,0,0,Southwest Monsoon,,Geotechnical survey record from GSI NLSM & State Disaster Registries.,gsi_nesac_catalog_expanded,NER-2017-000353,India,IN,Mizoram,1200000,Kolasib,10.5,2017-09-09 00:00:00,2017-09-09 00:00:00,2024-02-01 00:00:00,92.39267,22.80438,2017,9,9,-0.866,-0.5,True,Mizoram,True,regional_survey_gis
GSI NLSM & ISRO Disaster Registries,https://bhukosh.gsi.gov.in,NER-2018-000355,2018-04-04 00:00:00,12:00,"Mon-Tobu Highway, Mokokchung, Nagaland",Documented rockfall triggered by downpour in Mokokchung.,Mon-Tobu Highway,5km,rockfall,downpour,very_large,above_road,0,4,Pre-monsoon Storm,,Geotechnical survey record from GSI NLSM & State Disaster Registries.,gsi_nesac_catalog_expanded,NER-2018-000355,India,IN,Nagaland,1200000,Mokokchung,10.5,2018-04-04 00:00:00,2018-04-04 00:00:00,2024-02-01 00:00:00,93.32998,25.6761,2018,4,4,1.0,0.0,True,Nagaland,True,regional_survey_gis
GSI NLSM & ISRO Disaster Registries,https://bhukosh.gsi.gov.in,NER-2016-000356,2016-09-26 00:00:00,12:00,"Dimapur-Kohima Peducha 4-Lane, Tuensang, Nagaland",Documented landslide triggered by continuous_rain in Tuensang.,Dimapur-Kohima Peducha 4-Lane,5km,landslide,continuous_rain,medium,natural_slope,0,0,Southwest Monsoon,,Geotechnical survey record from GSI NLSM & State Disaster Registries.,gsi_nesac_catalog_expanded,NER-2016-000356,India,IN,Nagaland,1200000,Tuensang,10.5,2016-09-26 00:00:00,2016-09-26 00:00:00,2024-02-01 00:00:00,94.9829,26.77408,2016,9,26,-0.866,-0.5,True,Nagaland,True,regional_survey_gis
GSI NLSM & ISRO Disaster Registries,https://bhukosh.gsi.gov.in,NER-2021-000358,2021-07-13 00:00:00,12:00,"Dzüdza-Phesama NH-29, Tuensang, Nagaland",Documented rockfall triggered by continuous_rain in Tuensang.,Dzüdza-Phesama NH-29,5km,rockfall,continuous_rain,large,above_road,3,0,Southwest Monsoon,,Geotechnical survey record from GSI NLSM & State Disaster Registries.,gsi_nesac_catalog_expanded,NER-2021-000358,India,IN,Nagaland,1200000,Tuensang,10.5,2021-07-13 00:00:00,2021-07-13 00:00:00,2024-02-01 00:00:00,93.58001,26.12055,2021,7,13,0.0,-1.0,True,Nagaland,True,regional_survey_gis
GSI NLSM & ISRO Disaster Registries,https://bhukosh.gsi.gov.in,NER-2020-000359,2020-07-25 00:00:00,12:00,"Laipuitlang-Ramhlun Aizawl, Champhai, Mizoram",Documented landslide triggered by continuous_rain in Champhai.,Laipuitlang-Ramhlun Aizawl,5km,landslide,continuous_rain,large,natural_slope,0,0,Southwest Monsoon,,Geotechnical survey record from GSI NLSM & State Disaster Registries.,gsi_nesac_catalog_expanded,NER-2020-000359,India,IN,Mizoram,1200000,Champhai,10.5,2020-07-25 00:00:00,2020-07-25 00:00:00,2024-02-01 00:00:00,92.53839,22.4078,2020,7,25,0.0,-1.0,True,Mizoram,True,regional_survey_gis
GSI NLSM & ISRO Disaster Registries,https://bhukosh.gsi.gov.in,NER-2021-000362,2021-06-04 00:00:00,12:00,"Gangtok NH-10, South Sikkim, Sikkim",Documented slope_failure triggered by downpour in South Sikkim.,Gangtok NH-10,5km,slope_failure,downpour,small,above_road,0,0,Southwest Monsoon,,Geotechnical survey record from GSI NLSM & State Disaster Registries.,gsi_nesac_catalog_expanded,NER-2021-000362,India,IN,Sikkim,1200000,South Sikkim,10.5,2021-06-04 00:00:00,2021-06-04 00:00:00,2024-02-01 00:00:00,88.60419,27.7528,2021,6,4,0.5,-0.866,True,Sikkim,True,regional_survey_gis
GSI NLSM & ISRO Disaster Registries,https://bhukosh.gsi.gov.in,NER-2019-000363,2019-07-14 00:00:00,12:00,"Atharamura Range NH-8, Dhalai, Tripura",Documented debris_flow triggered by downpour in Dhalai.,Atharamura Range NH-8,5km,debris_flow,downpour,medium,above_road,0,0,Southwest Monsoon,,Geotechnical survey record from GSI NLSM & State Disaster Registries.,gsi_nesac_catalog_expanded,NER-2019-000363,India,IN,Tripura,1200000,Dhalai,10.5,2019-07-14 00:00:00,2019-07-14 00:00:00,2024-02-01 00:00:00,91.53635,24.08183,2019,7,14,0.0,-1.0,True,Tripura,True,regional_survey_gis
GSI NLSM & ISRO Disaster Registries,https://bhukosh.gsi.gov.in,NER-2018-000367,2018-07-08 00:00:00,12:00,"Mangan-Dikchu, West Sikkim, Sikkim",Documented mudslide triggered by downpour in West Sikkim.,Mangan-Dikchu,5km,mudslide,downpour,medium,natural_slope,0,0,Southwest Monsoon,,Geotechnical survey record from GSI NLSM & State Disaster Registries.,gsi_nesac_catalog_expanded,NER-2018-000367,India,IN,Sikkim,1200000,West Sikkim,10.5,2018-07-08 00:00:00,2018-07-08 00:00:00,2024-02-01 00:00:00,88.5216,27.82184,2018,7,8,0.0,-1.0,True,Sikkim,True,regional_survey_gis
GSI NLSM & ISRO Disaster Registries,https://bhukosh.gsi.gov.in,NER-2020-000370,2020-08-04 00:00:00,12:00,"Itanagar-Naharlagun, Changlang, Arunachal Pradesh",Documented mudslide triggered by continuous_rain in Changlang.,Itanagar-Naharlagun,5km,mudslide,continuous_rain,medium,natural_slope,0,0,Southwest Monsoon,,Geotechnical survey record from GSI NLSM & State Disaster Registries.,gsi_nesac_catalog_expanded,NER-2020-000370,India,IN,Arunachal Pradesh,1200000,Changlang,10.5,2020-08-04 00:00:00,2020-08-04 00:00:00,2024-02-01 00:00:00,94.98363,29.16432,2020,8,4,-0.5,-0.866,True,Arunachal Pradesh,True,regional_survey_gis
GSI NLSM & ISRO Disaster Registries,https://bhukosh.gsi.gov.in,NER-2009-000373,2009-07-08 00:00:00,12:00,"Kolasib-Vairengte NH-54, Mamit, Mizoram",Documented rockfall triggered by downpour in Mamit.,Kolasib-Vairengte NH-54,5km,rockfall,downpour,large,above_road,1,1,Southwest Monsoon,,Geotechnical survey record from GSI NLSM & State Disaster Registries.,gsi_nesac_catalog_expanded,NER-2009-000373,India,IN,Mizoram,1200000,Mamit,10.5,2009-07-08 00:00:00,2009-07-08 00:00:00,2024-02-01 00:00:00,93.29175,22.91002,2009,7,8,0.0,-1.0,True,Mizoram,True,regional_survey_gis
GSI NLSM & ISRO Disaster Registries,https://bhukosh.gsi.gov.in,NER-2018-000374,2018-09-27 00:00:00,12:00,"Wokha-Doyang Valley, Wokha, Nagaland",Documented rockfall triggered by downpour in Wokha.,Wokha-Doyang Valley,5km,rockfall,downpour,small,natural_slope,0,0,Southwest Monsoon,,Geotechnical survey record from GSI NLSM & State Disaster Registries.,gsi_nesac_catalog_expanded,NER-2018-000374,India,IN,Nagaland,1200000,Wokha,10.5,2018-09-27 00:00:00,2018-09-27 00:00:00,2024-02-01 00:00:00,94.70019,26.08505,2018,9,27,-0.866,-0.5,True,Nagaland,True,regional_survey_gis
GSI NLSM & ISRO Disaster Registries,https://bhukosh.gsi.gov.in,NER-2016-000375,2016-08-21 00:00:00,12:00,"Champhai-Zokhawthar Road, Lawngtlai, Mizoram",Documented mudslide triggered by continuous_rain in Lawngtlai.,Champhai-Zokhawthar Road,5km,mudslide,continuous_rain,very_large,natural_slope,0,1,Southwest Monsoon,,Geotechnical survey record from GSI NLSM & State Disaster Registries.,gsi_nesac_catalog_expanded,NER-2016-000375,India,IN,Mizoram,1200000,Lawngtlai,10.5,2016-08-21 00:00:00,2016-08-21 00:00:00,2024-02-01 00:00:00,93.14922,23.53841,2016,8,21,-0.5,-0.866,True,Mizoram,True,regional_survey_gis
GSI NLSM & ISRO Disaster Registries,https://bhukosh.gsi.gov.in,NER-2011-000377,2011-10-15 00:00:00,12:00,"Dzongu, Soreng, Sikkim",Documented rockfall triggered by continuous_rain in Soreng.,Dzongu,5km,rockfall,continuous_rain,medium,natural_slope,0,0,Pre-monsoon Storm,,Geotechnical survey record from GSI NLSM & State Disaster Registries.,gsi_nesac_catalog_expanded,NER-2011-000377,India,IN,Sikkim,1200000,Soreng,10.5,2011-10-15 00:00:00,2011-10-15 00:00:00,2024-02-01 00:00:00,88.32924,27.48938,2011,10,15,-1.0,-0.0,True,Sikkim,True,regional_survey_gis
GSI NLSM & ISRO Disaster Registries,https://bhukosh.gsi.gov.in,NER-2017-000378,2017-05-28 00:00:00,12:00,"Guwahati Hills (Narakasur), Dima Hasao, Assam",Documented mudslide triggered by downpour in Dima Hasao.,Guwahati Hills (Narakasur),5km,mudslide,downpour,small,natural_slope,0,0,Pre-monsoon Storm,,Geotechnical survey record from GSI NLSM & State Disaster Registries.,gsi_nesac_catalog_expanded,NER-2017-000378,India,IN,Assam,1200000,Dima Hasao,10.5,2017-05-28 00:00:00,2017-05-28 00:00:00,2024-02-01 00:00:00,94.40259,25.13819,2017,5,28,0.866,-0.5,True,Assam,True,regional_survey_gis
GSI NLSM & ISRO Disaster Registries,https://bhukosh.gsi.gov.in,NER-2019-000379,2019-10-12 00:00:00,12:00,"Ukhrul-Jessami Road, Noney, Manipur",Documented landslide triggered by continuous_rain in Noney.,Ukhrul-Jessami Road,5km,landslide,continuous_rain,medium,natural_slope,0,0,Pre-monsoon Storm,,Geotechnical survey record from GSI NLSM & State Disaster Registries.,gsi_nesac_catalog_expanded,NER-2019-000379,India,IN,Manipur,1200000,Noney,10.5,2019-10-12 00:00:00,2019-10-12 00:00:00,2024-02-01 00:00:00,93.15433,25.02975,2019,10,12,-1.0,-0.0,True,Manipur,True,regional_survey_gis
GSI NLSM & ISRO Disaster Registries,https://bhukosh.gsi.gov.in,NER-2017-000380,2017-07-12 00:00:00,12:00,"Namchi-Jorethang, East Sikkim, Sikkim",Documented slope_failure triggered by downpour in East Sikkim.,Namchi-Jorethang,5km,slope_failure,downpour,medium,natural_slope,0,0,Southwest Monsoon,,Geotechnical survey record from GSI NLSM & State Disaster Registries.,gsi_nesac_catalog_expanded,NER-2017-000380,India,IN,Sikkim,1200000,East Sikkim,10.5,2017-07-12 00:00:00,2017-07-12 00:00:00,2024-02-01 00:00:00,88.87213,28.03629,2017,7,12,0.0,-1.0,True,Sikkim,True,regional_survey_gis
GSI NLSM & ISRO Disaster Registries,https://bhukosh.gsi.gov.in,NER-2020-000381,2020-07-11 00:00:00,12:00,"Pasighat-Pangin, Lower Subansiri, Arunachal Pradesh",Documented rockfall triggered by monsoon in Lower Subansiri.,Pasighat-Pangin,5km,rockfall,monsoon,medium,natural_slope,0,0,Southwest Monsoon,,Geotechnical survey record from GSI NLSM & State Disaster Registries.,gsi_nesac_catalog_expanded,NER-2020-000381,India,IN,Arunachal Pradesh,1200000,Lower Subansiri,10.5,2020-07-11 00:00:00,2020-07-11 00:00:00,2024-02-01 00:00:00,93.37217,26.98257,2020,7,11,0.0,-1.0,True,Arunachal Pradesh,True,regional_survey_gis
GSI NLSM & ISRO Disaster Registries,https://bhukosh.gsi.gov.in,NER-2019-000382,2019-09-11 00:00:00,12:00,"Kangpokpi Sinking Zone, Churachandpur, Manipur",Documented mudslide triggered by downpour in Churachandpur.,Kangpokpi Sinking Zone,5km,mudslide,downpour,medium,natural_slope,0,0,Southwest Monsoon,,Geotechnical survey record from GSI NLSM & State Disaster Registries.,gsi_nesac_catalog_expanded,NER-2019-000382,India,IN,Manipur,1200000,Churachandpur,10.5,2019-09-11 00:00:00,2019-09-11 00:00:00,2024-02-01 00:00:00,94.71009,24.73342,2019,9,11,-0.866,-0.5,True,Manipur,True,regional_survey_gis
GSI NLSM & ISRO Disaster Registries,https://bhukosh.gsi.gov.in,NER-2021-000384,2021-07-19 00:00:00,12:00,"Mao-Maram NH-2, Kangpokpi, Manipur",Documented landslide triggered by downpour in Kangpokpi.,Mao-Maram NH-2,5km,landslide,downpour,very_large,above_road,0,2,Southwest Monsoon,,Geotechnical survey record from GSI NLSM & State Disaster Registries.,gsi_nesac_catalog_expanded,NER-2021-000384,India,IN,Manipur,1200000,Kangpokpi,10.5,2021-07-19 00:00:00,2021-07-19 00:00:00,2024-02-01 00:00:00,94.38033,23.80784,2021,7,19,0.0,-1.0,True,Manipur,True,regional_survey_gis
GSI NLSM & ISRO Disaster Registries,https://bhukosh.gsi.gov.in,NER-2016-000386,2016-09-10 00:00:00,12:00,"Pasighat-Pangin, Changlang, Arunachal Pradesh",Documented rockfall triggered by downpour in Changlang.,Pasighat-Pangin,5km,rockfall,downpour,small,natural_slope,0,0,Southwest Monsoon,,Geotechnical survey record from GSI NLSM & State Disaster Registries.,gsi_nesac_catalog_expanded,NER-2016-000386,India,IN,Arunachal Pradesh,1200000,Changlang,10.5,2016-09-10 00:00:00,2016-09-10 00:00:00,2024-02-01 00:00:00,95.47877,28.87179,2016,9,10,-0.866,-0.5,True,Arunachal Pradesh,True,regional_survey_gis
GSI NLSM & ISRO Disaster Registries,https://bhukosh.gsi.gov.in,NER-2019-000387,2019-09-24 00:00:00,12:00,"Jairampur-Pangsau, West Kameng, Arunachal Pradesh",Documented rockfall triggered by continuous_rain in West Kameng.,Jairampur-Pangsau,5km,rockfall,continuous_rain,medium,natural_slope,0,0,Southwest Monsoon,,Geotechnical survey record from GSI NLSM & State Disaster Registries.,gsi_nesac_catalog_expanded,NER-2019-000387,India,IN,Arunachal Pradesh,1200000,West Kameng,10.5,2019-09-24 00:00:00,2019-09-24 00:00:00,2024-02-01 00:00:00,95.54128,27.49929,2019,9,24,-0.866,-0.5,True,Arunachal Pradesh,True,regional_survey_gis
GSI NLSM & ISRO Disaster Registries,https://bhukosh.gsi.gov.in,NER-2020-000388,2020-05-21 00:00:00,12:00,"Phek-Pfutsero Pass, Dimapur, Nagaland",Documented landslide triggered by downpour in Dimapur.,Phek-Pfutsero Pass,5km,landslide,downpour,medium,natural_slope,0,0,Pre-monsoon Storm,,Geotechnical survey record from GSI NLSM & State Disaster Registries.,gsi_nesac_catalog_expanded,NER-2020-000388,India,IN,Nagaland,1200000,Dimapur,10.5,2020-05-21 00:00:00,2020-05-21 00:00:00,2024-02-01 00:00:00,94.46997,26.66867,2020,5,21,0.866,-0.5,True,Nagaland,True,regional_survey_gis
GSI NLSM & ISRO Disaster Registries,https://bhukosh.gsi.gov.in,NER-2017-000389,2017-08-10 00:00:00,12:00,"Mao-Maram NH-2, Senapati, Manipur",Documented debris_flow triggered by continuous_rain in Senapati.,Mao-Maram NH-2,5km,debris_flow,continuous_rain,medium,above_road,0,0,Southwest Monsoon,,Geotechnical survey record from GSI NLSM & State Disaster Registries.,gsi_nesac_catalog_expanded,NER-2017-000389,India,IN,Manipur,1200000,Senapati,10.5,2017-08-10 00:00:00,2017-08-10 00:00:00,2024-02-01 00:00:00,93.53187,24.79387,2017,8,10,-0.5,-0.866,True,Manipur,True,regional_survey_gis
GSI NLSM & ISRO Disaster Registries,https://bhukosh.gsi.gov.in,NER-2010-000391,2010-05-03 00:00:00,12:00,"Lunglei-Hnahthial Highway, Mamit, Mizoram",Documented slope_failure triggered by continuous_rain in Mamit.,Lunglei-Hnahthial Highway,5km,slope_failure,continuous_rain,large,above_road,0,1,Pre-monsoon Storm,,Geotechnical survey record from GSI NLSM & State Disaster Registries.,gsi_nesac_catalog_expanded,NER-2010-000391,India,IN,Mizoram,1200000,Mamit,10.5,2010-05-03 00:00:00,2010-05-03 00:00:00,2024-02-01 00:00:00,93.24594,23.47054,2010,5,3,0.866,-0.5,True,Mizoram,True,regional_survey_gis
GSI NLSM & ISRO Disaster Registries,https://bhukosh.gsi.gov.in,NER-2021-000392,2021-08-26 00:00:00,12:00,"Laipuitlang-Ramhlun Aizawl, Lunglei, Mizoram",Documented slope_failure triggered by downpour in Lunglei.,Laipuitlang-Ramhlun Aizawl,5km,slope_failure,downpour,large,natural_slope,0,0,Southwest Monsoon,,Geotechnical survey record from GSI NLSM & State Disaster Registries.,gsi_nesac_catalog_expanded,NER-2021-000392,India,IN,Mizoram,1200000,Lunglei,10.5,2021-08-26 00:00:00,2021-08-26 00:00:00,2024-02-01 00:00:00,93.27573,22.67514,2021,8,26,-0.5,-0.866,True,Mizoram,True,regional_survey_gis
GSI NLSM & ISRO Disaster Registries,https://bhukosh.gsi.gov.in,NER-2016-000393,2016-04-05 00:00:00,12:00,"Chabimura-Amarpur, Gomati, Tripura",Documented rockfall triggered by downpour in Gomati.,Chabimura-Amarpur,5km,rockfall,downpour,small,natural_slope,0,0,Pre-monsoon Storm,,Geotechnical survey record from GSI NLSM & State Disaster Registries.,gsi_nesac_catalog_expanded,NER-2016-000393,India,IN,Tripura,1200000,Gomati,10.5,2016-04-05 00:00:00,2016-04-05 00:00:00,2024-02-01 00:00:00,91.68206,23.61243,2016,4,5,1.0,0.0,True,Tripura,True,regional_survey_gis
GSI NLSM & ISRO Disaster Registries,https://bhukosh.gsi.gov.in,NER-2019-000394,2019-07-19 00:00:00,12:00,"Kangpokpi Sinking Zone, Noney, Manipur",Documented rockfall triggered by downpour in Noney.,Kangpokpi Sinking Zone,5km,rockfall,downpour,medium,natural_slope,0,0,Southwest Monsoon,,Geotechnical survey record from GSI NLSM & State Disaster Registries.,gsi_nesac_catalog_expanded,NER-2019-000394,India,IN,Manipur,1200000,Noney,10.5,2019-07-19 00:00:00,2019-07-19 00:00:00,2024-02-01 00:00:00,94.62913,25.57703,2019,7,19,0.0,-1.0,True,Manipur,True,regional_survey_gis
GSI NLSM & ISRO Disaster Registries,https://bhukosh.gsi.gov.in,NER-2019-000396,2019-11-27 00:00:00,12:00,"Kangpokpi Sinking Zone, Ukhrul, Manipur",Documented mudslide triggered by continuous_rain in Ukhrul.,Kangpokpi Sinking Zone,5km,mudslide,continuous_rain,small,natural_slope,0,0,Pre-monsoon Storm,,Geotechnical survey record from GSI NLSM & State Disaster Registries.,gsi_nesac_catalog_expanded,NER-2019-000396,India,IN,Manipur,1200000,Ukhrul,10.5,2019-11-27 00:00:00,2019-11-27 00:00:00,2024-02-01 00:00:00,93.64846,25.03975,2019,11,27,-0.866,0.5,True,Manipur,True,regional_survey_gis
GSI NLSM & ISRO Disaster Registries,https://bhukosh.gsi.gov.in,NER-2015-000399,2015-09-27 00:00:00,12:00,"Rangpo-Singtam, North Sikkim, Sikkim",Documented debris_flow triggered by downpour in North Sikkim.,Rangpo-Singtam,5km,debris_flow,downpour,small,natural_slope,0,0,Southwest Monsoon,,Geotechnical survey record from GSI NLSM & State Disaster Registries.,gsi_nesac_catalog_expanded,NER-2015-000399,India,IN,Sikkim,1200000,North Sikkim,10.5,2015-09-27 00:00:00,2015-09-27 00:00:00,2024-02-01 00:00:00,88.7144,28.07339,2015,9,27,-0.866,-0.5,True,Sikkim,True,regional_survey_gis
GSI NLSM & ISRO Disaster Registries,https://bhukosh.gsi.gov.in,NER-2022-000400,2022-07-24 00:00:00,12:00,"Khongsang-Nungba NH-37, Ukhrul, Manipur",Documented debris_flow triggered by monsoon in Ukhrul.,Khongsang-Nungba NH-37,5km,debris_flow,monsoon,medium,above_road,0,0,Southwest Monsoon,,Geotechnical survey record from GSI NLSM & State Disaster Registries.,gsi_nesac_catalog_expanded,NER-2022-000400,India,IN,Manipur,1200000,Ukhrul,10.5,2022-07-24 00:00:00,2022-07-24 00:00:00,2024-02-01 00:00:00,93.65473,24.09316,2022,7,24,0.0,-1.0,True,Manipur,True,regional_survey_gis
GSI NLSM & ISRO Disaster Registries,https://bhukosh.gsi.gov.in,NER-2021-000401,2021-08-12 00:00:00,12:00,"Nilachal Hill Kamakhya, Dima Hasao, Assam",Documented debris_flow triggered by cloudburst in Dima Hasao.,Nilachal Hill Kamakhya,5km,debris_flow,cloudburst,medium,natural_slope,0,0,Southwest Monsoon,,Geotechnical survey record from GSI NLSM & State Disaster Registries.,gsi_nesac_catalog_expanded,NER-2021-000401,India,IN,Assam,1200000,Dima Hasao,10.5,2021-08-12 00:00:00,2021-08-12 00:00:00,2024-02-01 00:00:00,94.4452,25.05726,2021,8,12,-0.5,-0.866,True,Assam,True,regional_survey_gis
GSI NLSM & ISRO Disaster Registries,https://bhukosh.gsi.gov.in,NER-2021-000402,2021-09-03 00:00:00,12:00,"Sela Pass-Tawang, Lower Subansiri, Arunachal Pradesh",Documented slope_failure triggered by road_cutting in Lower Subansiri.,Sela Pass-Tawang,5km,slope_failure,road_cutting,very_large,natural_slope,0,0,Southwest Monsoon,,Geotechnical survey record from GSI NLSM & State Disaster Registries.,gsi_nesac_catalog_expanded,NER-2021-000402,India,IN,Arunachal Pradesh,1200000,Lower Subansiri,10.5,2021-09-03 00:00:00,2021-09-03 00:00:00,2024-02-01 00:00:00,93.59833,29.17229,2021,9,3,-0.866,-0.5,True,Arunachal Pradesh,True,regional_survey_gis
GSI NLSM & ISRO Disaster Registries,https://bhukosh.gsi.gov.in,NER-2014-000404,2014-08-10 00:00:00,12:00,"Laipuitlang-Ramhlun Aizawl, Aizawl, Mizoram",Documented mudslide triggered by continuous_rain in Aizawl.,Laipuitlang-Ramhlun Aizawl,5km,mudslide,continuous_rain,medium,natural_slope,0,0,Southwest Monsoon,,Geotechnical survey record from GSI NLSM & State Disaster Registries.,gsi_nesac_catalog_expanded,NER-2014-000404,India,IN,Mizoram,1200000,Aizawl,10.5,2014-08-10 00:00:00,2014-08-10 00:00:00,2024-02-01 00:00:00,92.79033,22.32707,2014,8,10,-0.5,-0.866,True,Mizoram,True,regional_survey_gis
GSI NLSM & ISRO Disaster Registries,https://bhukosh.gsi.gov.in,NER-2022-000405,2022-06-14 00:00:00,12:00,"Khongsang-Nungba NH-37, Senapati, Manipur",Documented rockfall triggered by downpour in Senapati.,Khongsang-Nungba NH-37,5km,rockfall,downpour,medium,above_road,0,0,Southwest Monsoon,,Geotechnical survey record from GSI NLSM & State Disaster Registries.,gsi_nesac_catalog_expanded,NER-2022-000405,India,IN,Manipur,1200000,Senapati,10.5,2022-06-14 00:00:00,2022-06-14 00:00:00,2024-02-01 00:00:00,93.1079,24.00984,2022,6,14,0.5,-0.866,True,Manipur,True,regional_survey_gis
GSI NLSM & ISRO Disaster Registries,https://bhukosh.gsi.gov.in,NER-2018-000406,2018-08-27 00:00:00,12:00,"Cherrapunji-Sohra Escarpment, East Khasi Hills, Meghalaya",Documented rockfall triggered by downpour in East Khasi Hills.,Cherrapunji-Sohra Escarpment,5km,rockfall,downpour,medium,natural_slope,0,0,Southwest Monsoon,,Geotechnical survey record from GSI NLSM & State Disaster Registries.,gsi_nesac_catalog_expanded,NER-2018-000406,India,IN,Meghalaya,1200000,East Khasi Hills,10.5,2018-08-27 00:00:00,2018-08-27 00:00:00,2024-02-01 00:00:00,91.94305,25.73968,2018,8,27,-0.5,-0.866,True,Meghalaya,True,regional_survey_gis
GSI NLSM & ISRO Disaster Registries,https://bhukosh.gsi.gov.in,NER-2017-000408,2017-07-16 00:00:00,12:00,"Phek-Pfutsero Pass, Dimapur, Nagaland",Documented slope_failure triggered by downpour in Dimapur.,Phek-Pfutsero Pass,5km,slope_failure,downpour,large,natural_slope,0,0,Southwest Monsoon,,Geotechnical survey record from GSI NLSM & State Disaster Registries.,gsi_nesac_catalog_expanded,NER-2017-000408,India,IN,Nagaland,1200000,Dimapur,10.5,2017-07-16 00:00:00,2017-07-16 00:00:00,2024-02-01 00:00:00,94.6386,25.43289,2017,7,16,0.0,-1.0,True,Nagaland,True,regional_survey_gis
GSI NLSM & ISRO Disaster Registries,https://bhukosh.gsi.gov.in,NER-2021-000411,2021-06-28 00:00:00,12:00,"Baramura Slopes, Dhalai, Tripura",Documented landslide triggered by continuous_rain in Dhalai.,Baramura Slopes,5km,landslide,continuous_rain,small,natural_slope,0,0,Southwest Monsoon,,Geotechnical survey record from GSI NLSM & State Disaster Registries.,gsi_nesac_catalog_expanded,NER-2021-000411,India,IN,Tripura,1200000,Dhalai,10.5,2021-06-28 00:00:00,2021-06-28 00:00:00,2024-02-01 00:00:00,91.84972,23.0429,2021,6,28,0.5,-0.866,True,Tripura,True,regional_survey_gis
GSI NLSM & ISRO Disaster Registries,https://bhukosh.gsi.gov.in,NER-2022-000412,2022-08-10 00:00:00,12:00,"Namchi-Jorethang, Soreng, Sikkim",Documented landslide triggered by continuous_rain in Soreng.,Namchi-Jorethang,5km,landslide,continuous_rain,large,natural_slope,0,0,Southwest Monsoon,,Geotechnical survey record from GSI NLSM & State Disaster Registries.,gsi_nesac_catalog_expanded,NER-2022-000412,India,IN,Sikkim,1200000,Soreng,10.5,2022-08-10 00:00:00,2022-08-10 00:00:00,2024-02-01 00:00:00,88.52545,27.17997,2022,8,10,-0.5,-0.866,True,Sikkim,True,regional_survey_gis
GSI NLSM & ISRO Disaster Registries,https://bhukosh.gsi.gov.in,NER-2021-000413,2021-09-19 00:00:00,12:00,"Sonapur Tunnel Highway, East Khasi Hills, Meghalaya",Documented landslide triggered by downpour in East Khasi Hills.,Sonapur Tunnel Highway,5km,landslide,downpour,small,above_road,0,0,Southwest Monsoon,,Geotechnical survey record from GSI NLSM & State Disaster Registries.,gsi_nesac_catalog_expanded,NER-2021-000413,India,IN,Meghalaya,1200000,East Khasi Hills,10.5,2021-09-19 00:00:00,2021-09-19 00:00:00,2024-02-01 00:00:00,91.46614,25.81204,2021,9,19,-0.866,-0.5,True,Meghalaya,True,regional_survey_gis
GSI NLSM & ISRO Disaster Registries,https://bhukosh.gsi.gov.in,NER-2017-000414,2017-05-03 00:00:00,12:00,"Itanagar-Naharlagun, Papum Pare, Arunachal Pradesh",Documented landslide triggered by monsoon in Papum Pare.,Itanagar-Naharlagun,5km,landslide,monsoon,small,natural_slope,0,0,Pre-monsoon Storm,,Geotechnical survey record from GSI NLSM & State Disaster Registries.,gsi_nesac_catalog_expanded,NER-2017-000414,India,IN,Arunachal Pradesh,1200000,Papum Pare,10.5,2017-05-03 00:00:00,2017-05-03 00:00:00,2024-02-01 00:00:00,92.12616,26.93832,2017,5,3,0.866,-0.5,True,Arunachal Pradesh,True,regional_survey_gis
GSI NLSM & ISRO Disaster Registries,https://bhukosh.gsi.gov.in,NER-2020-000415,2020-05-17 00:00:00,12:00,"Cherrapunji-Sohra Escarpment, South West Khasi Hills, Meghalaya",Documented slope_failure triggered by monsoon in South West Khasi Hills.,Cherrapunji-Sohra Escarpment,5km,slope_failure,monsoon,small,natural_slope,0,0,Pre-monsoon Storm,,Geotechnical survey record from GSI NLSM & State Disaster Registries.,gsi_nesac_catalog_expanded,NER-2020-000415,India,IN,Meghalaya,1200000,South West Khasi Hills,10.5,2020-05-17 00:00:00,2020-05-17 00:00:00,2024-02-01 00:00:00,90.14524,25.42355,2020,5,17,0.866,-0.5,True,Meghalaya,True,regional_survey_gis
GSI NLSM & ISRO Disaster Registries,https://bhukosh.gsi.gov.in,NER-2021-000416,2021-08-10 00:00:00,12:00,"Cherrapunji-Sohra Escarpment, East Jaintia Hills, Meghalaya",Documented slope_failure triggered by cloudburst in East Jaintia Hills.,Cherrapunji-Sohra Escarpment,5km,slope_failure,cloudburst,very_large,natural_slope,0,0,Southwest Monsoon,,Geotechnical survey record from GSI NLSM & State Disaster Registries.,gsi_nesac_catalog_expanded,NER-2021-000416,India,IN,Meghalaya,1200000,East Jaintia Hills,10.5,2021-08-10 00:00:00,2021-08-10 00:00:00,2024-02-01 00:00:00,92.33883,25.49058,2021,8,10,-0.5,-0.866,True,Meghalaya,True,regional_survey_gis
GSI NLSM & ISRO Disaster Registries,https://bhukosh.gsi.gov.in,NER-2021-000422,2021-08-07 00:00:00,12:00,"Lachen-Lachung Valley, North Sikkim, Sikkim",Documented landslide triggered by downpour in North Sikkim.,Lachen-Lachung Valley,5km,landslide,downpour,medium,natural_slope,0,0,Southwest Monsoon,,Geotechnical survey record from GSI NLSM & State Disaster Registries.,gsi_nesac_catalog_expanded,NER-2021-000422,India,IN,Sikkim,1200000,North Sikkim,10.5,2021-08-07 00:00:00,2021-08-07 00:00:00,2024-02-01 00:00:00,88.24791,27.95779,2021,8,7,-0.5,-0.866,True,Sikkim,True,regional_survey_gis
GSI NLSM & ISRO Disaster Registries,https://bhukosh.gsi.gov.in,NER-2021-000424,2021-07-16 00:00:00,12:00,"Phek-Pfutsero Pass, Tuensang, Nagaland",Documented mudslide triggered by continuous_rain in Tuensang.,Phek-Pfutsero Pass,5km,mudslide,continuous_rain,small,natural_slope,0,0,Southwest Monsoon,,Geotechnical survey record from GSI NLSM & State Disaster Registries.,gsi_nesac_catalog_expanded,NER-2021-000424,India,IN,Nagaland,1200000,Tuensang,10.5,2021-07-16 00:00:00,2021-07-16 00:00:00,2024-02-01 00:00:00,94.44995,26.92575,2021,7,16,0.0,-1.0,True,Nagaland,True,regional_survey_gis
GSI NLSM & ISRO Disaster Registries,https://bhukosh.gsi.gov.in,NER-2022-000427,2022-06-10 00:00:00,12:00,"Sela Pass-Tawang, Papum Pare, Arunachal Pradesh",Documented slope_failure triggered by monsoon in Papum Pare.,Sela Pass-Tawang,5km,slope_failure,monsoon,medium,natural_slope,0,0,Southwest Monsoon,,Geotechnical survey record from GSI NLSM & State Disaster Registries.,gsi_nesac_catalog_expanded,NER-2022-000427,India,IN,Arunachal Pradesh,1200000,Papum Pare,10.5,2022-06-10 00:00:00,2022-06-10 00:00:00,2024-02-01 00:00:00,92.10078,27.85233,2022,6,10,0.5,-0.866,True,Arunachal Pradesh,True,regional_survey_gis
GSI NLSM & ISRO Disaster Registries,https://bhukosh.gsi.gov.in,NER-2019-000428,2019-09-20 00:00:00,12:00,"Phek-Pfutsero Pass, Phek, Nagaland",Documented debris_flow triggered by continuous_rain in Phek.,Phek-Pfutsero Pass,5km,debris_flow,continuous_rain,medium,natural_slope,0,0,Southwest Monsoon,,Geotechnical survey record from GSI NLSM & State Disaster Registries.,gsi_nesac_catalog_expanded,NER-2019-000428,India,IN,Nagaland,1200000,Phek,10.5,2019-09-20 00:00:00,2019-09-20 00:00:00,2024-02-01 00:00:00,94.5083,26.81483,2019,9,20,-0.866,-0.5,True,Nagaland,True,regional_survey_gis
GSI NLSM & ISRO Disaster Registries,https://bhukosh.gsi.gov.in,NER-2019-000429,2019-05-05 00:00:00,12:00,"Kailashahar Hill Tracts, Unakoti, Tripura",Documented debris_flow triggered by downpour in Unakoti.,Kailashahar Hill Tracts,5km,debris_flow,downpour,medium,natural_slope,0,0,Pre-monsoon Storm,,Geotechnical survey record from GSI NLSM & State Disaster Registries.,gsi_nesac_catalog_expanded,NER-2019-000429,India,IN,Tripura,1200000,Unakoti,10.5,2019-05-05 00:00:00,2019-05-05 00:00:00,2024-02-01 00:00:00,91.474,22.99679,2019,5,5,0.866,-0.5,True,Tripura,True,regional_survey_gis
GSI NLSM & ISRO Disaster Registries,https://bhukosh.gsi.gov.in,NER-2021-000430,2021-08-02 00:00:00,12:00,"Lachen-Lachung Valley, Soreng, Sikkim",Documented slope_failure triggered by continuous_rain in Soreng.,Lachen-Lachung Valley,5km,slope_failure,continuous_rain,very_large,natural_slope,1,0,Southwest Monsoon,,Geotechnical survey record from GSI NLSM & State Disaster Registries.,gsi_nesac_catalog_expanded,NER-2021-000430,India,IN,Sikkim,1200000,Soreng,10.5,2021-08-02 00:00:00,2021-08-02 00:00:00,2024-02-01 00:00:00,88.10439,27.5615,2021,8,2,-0.5,-0.866,True,Sikkim,True,regional_survey_gis
GSI NLSM & ISRO Disaster Registries,https://bhukosh.gsi.gov.in,NER-2019-000431,2019-06-04 00:00:00,12:00,"Lunglei-Hnahthial Highway, Lunglei, Mizoram",Documented rockfall triggered by monsoon in Lunglei.,Lunglei-Hnahthial Highway,5km,rockfall,monsoon,large,above_road,0,4,Southwest Monsoon,,Geotechnical survey record from GSI NLSM & State Disaster Registries.,gsi_nesac_catalog_expanded,NER-2019-000431,India,IN,Mizoram,1200000,Lunglei,10.5,2019-06-04 00:00:00,2019-06-04 00:00:00,2024-02-01 00:00:00,92.5141,22.70871,2019,6,4,0.5,-0.866,True,Mizoram,True,regional_survey_gis
GSI NLSM & ISRO Disaster Registries,https://bhukosh.gsi.gov.in,NER-2017-000433,2017-04-01 00:00:00,12:00,"Champhai-Zokhawthar Road, Serchhip, Mizoram",Documented mudslide triggered by downpour in Serchhip.,Champhai-Zokhawthar Road,5km,mudslide,downpour,large,natural_slope,1,1,Pre-monsoon Storm,,Geotechnical survey record from GSI NLSM & State Disaster Registries.,gsi_nesac_catalog_expanded,NER-2017-000433,India,IN,Mizoram,1200000,Serchhip,10.5,2017-04-01 00:00:00,2017-04-01 00:00:00,2024-02-01 00:00:00,92.90036,23.56924,2017,4,1,1.0,0.0,True,Mizoram,True,regional_survey_gis
GSI NLSM & ISRO Disaster Registries,https://bhukosh.gsi.gov.in,NER-2017-000434,2017-08-07 00:00:00,12:00,"Mahur-Harangajao Railway Hill Section, Karimganj, Assam",Documented debris_flow triggered by downpour in Karimganj.,Mahur-Harangajao Railway Hill Section,5km,debris_flow,downpour,small,natural_slope,0,0,Southwest Monsoon,,Geotechnical survey record from GSI NLSM & State Disaster Registries.,gsi_nesac_catalog_expanded,NER-2017-000434,India,IN,Assam,1200000,Karimganj,10.5,2017-08-07 00:00:00,2017-08-07 00:00:00,2024-02-01 00:00:00,93.2013,26.56947,2017,8,7,-0.5,-0.866,True,Assam,True,regional_survey_gis
GSI NLSM & ISRO Disaster Registries,https://bhukosh.gsi.gov.in,NER-2019-000436,2019-07-19 00:00:00,12:00,"Jampui Hills Vanghmun, West Tripura, Tripura",Documented debris_flow triggered by downpour in West Tripura.,Jampui Hills Vanghmun,5km,debris_flow,downpour,large,natural_slope,0,0,Southwest Monsoon,,Geotechnical survey record from GSI NLSM & State Disaster Registries.,gsi_nesac_catalog_expanded,NER-2019-000436,India,IN,Tripura,1200000,West Tripura,10.5,2019-07-19 00:00:00,2019-07-19 00:00:00,2024-02-01 00:00:00,91.40258,23.33872,2019,7,19,0.0,-1.0,True,Tripura,True,regional_survey_gis
GSI NLSM & ISRO Disaster Registries,https://bhukosh.gsi.gov.in,NER-2017-000437,2017-07-15 00:00:00,12:00,"Atharamura Range NH-8, Unakoti, Tripura",Documented landslide triggered by continuous_rain in Unakoti.,Atharamura Range NH-8,5km,landslide,continuous_rain,medium,above_road,0,0,Southwest Monsoon,,Geotechnical survey record from GSI NLSM & State Disaster Registries.,gsi_nesac_catalog_expanded,NER-2017-000437,India,IN,Tripura,1200000,Unakoti,10.5,2017-07-15 00:00:00,2017-07-15 00:00:00,2024-02-01 00:00:00,91.63585,23.8373,2017,7,15,0.0,-1.0,True,Tripura,True,regional_survey_gis
GSI NLSM & ISRO Disaster Registries,https://bhukosh.gsi.gov.in,NER-2017-000440,2017-07-17 00:00:00,12:00,"Shillong-Dawki NH-40, East Khasi Hills, Meghalaya",Documented slope_failure triggered by continuous_rain in East Khasi Hills.,Shillong-Dawki NH-40,5km,slope_failure,continuous_rain,medium,above_road,0,0,Southwest Monsoon,,Geotechnical survey record from GSI NLSM & State Disaster Registries.,gsi_nesac_catalog_expanded,NER-2017-000440,India,IN,Meghalaya,1200000,East Khasi Hills,10.5,2017-07-17 00:00:00,2017-07-17 00:00:00,2024-02-01 00:00:00,91.20621,25.60788,2017,7,17,0.0,-1.0,True,Meghalaya,True,regional_survey_gis
GSI NLSM & ISRO Disaster Registries,https://bhukosh.gsi.gov.in,NER-2017-000441,2017-06-24 00:00:00,12:00,"Potin-Ziro Highway, Dibang Valley, Arunachal Pradesh",Documented mudslide triggered by monsoon in Dibang Valley.,Potin-Ziro Highway,5km,mudslide,monsoon,large,above_road,0,0,Southwest Monsoon,,Geotechnical survey record from GSI NLSM & State Disaster Registries.,gsi_nesac_catalog_expanded,NER-2017-000441,India,IN,Arunachal Pradesh,1200000,Dibang Valley,10.5,2017-06-24 00:00:00,2017-06-24 00:00:00,2024-02-01 00:00:00,93.58905,29.23987,2017,6,24,0.5,-0.866,True,Arunachal Pradesh,True,regional_survey_gis
GSI NLSM & ISRO Disaster Registries,https://bhukosh.gsi.gov.in,NER-2011-000442,2011-10-03 00:00:00,12:00,"Dimapur-Kohima Peducha 4-Lane, Mokokchung, Nagaland",Documented landslide triggered by monsoon in Mokokchung.,Dimapur-Kohima Peducha 4-Lane,5km,landslide,monsoon,medium,natural_slope,0,0,Pre-monsoon Storm,,Geotechnical survey record from GSI NLSM & State Disaster Registries.,gsi_nesac_catalog_expanded,NER-2011-000442,India,IN,Nagaland,1200000,Mokokchung,10.5,2011-10-03 00:00:00,2011-10-03 00:00:00,2024-02-01 00:00:00,94.57512,26.12057,2011,10,3,-1.0,-0.0,True,Nagaland,True,regional_survey_gis
GSI NLSM & ISRO Disaster Registries,https://bhukosh.gsi.gov.in,NER-2014-000443,2014-05-08 00:00:00,12:00,"Mahur-Harangajao Railway Hill Section, Cachar, Assam",Documented landslide triggered by continuous_rain in Cachar.,Mahur-Harangajao Railway Hill Section,5km,landslide,continuous_rain,medium,natural_slope,0,0,Pre-monsoon Storm,,Geotechnical survey record from GSI NLSM & State Disaster Registries.,gsi_nesac_catalog_expanded,NER-2014-000443,India,IN,Assam,1200000,Cachar,10.5,2014-05-08 00:00:00,2014-05-08 00:00:00,2024-02-01 00:00:00,89.85136,27.2198,2014,5,8,0.866,-0.5,True,Assam,True,regional_survey_gis
GSI NLSM & ISRO Disaster Registries,https://bhukosh.gsi.gov.in,NER-2012-000444,2012-06-23 00:00:00,12:00,"Potin-Ziro Highway, East Siang, Arunachal Pradesh",Documented slope_failure triggered by continuous_rain in East Siang.,Potin-Ziro Highway,5km,slope_failure,continuous_rain,large,above_road,0,0,Southwest Monsoon,,Geotechnical survey record from GSI NLSM & State Disaster Registries.,gsi_nesac_catalog_expanded,NER-2012-000444,India,IN,Arunachal Pradesh,1200000,East Siang,10.5,2012-06-23 00:00:00,2012-06-23 00:00:00,2024-02-01 00:00:00,94.89304,27.06047,2012,6,23,0.5,-0.866,True,Arunachal Pradesh,True,regional_survey_gis
GSI NLSM & ISRO Disaster Registries,https://bhukosh.gsi.gov.in,NER-2021-000446,2021-04-19 00:00:00,12:00,"Mokokchung-Tuli Road, Kohima, Nagaland",Documented slope_failure triggered by downpour in Kohima.,Mokokchung-Tuli Road,5km,slope_failure,downpour,medium,natural_slope,0,0,Pre-monsoon Storm,,Geotechnical survey record from GSI NLSM & State Disaster Registries.,gsi_nesac_catalog_expanded,NER-2021-000446,India,IN,Nagaland,1200000,Kohima,10.5,2021-04-19 00:00:00,2021-04-19 00:00:00,2024-02-01 00:00:00,94.64943,26.8937,2021,4,19,1.0,0.0,True,Nagaland,True,regional_survey_gis
GSI NLSM & ISRO Disaster Registries,https://bhukosh.gsi.gov.in,NER-2018-000448,2018-04-05 00:00:00,12:00,"Mokokchung-Tuli Road, Mokokchung, Nagaland",Documented landslide triggered by downpour in Mokokchung.,Mokokchung-Tuli Road,5km,landslide,downpour,small,natural_slope,0,0,Pre-monsoon Storm,,Geotechnical survey record from GSI NLSM & State Disaster Registries.,gsi_nesac_catalog_expanded,NER-2018-000448,India,IN,Nagaland,1200000,Mokokchung,10.5,2018-04-05 00:00:00,2018-04-05 00:00:00,2024-02-01 00:00:00,93.45745,25.63654,2018,4,5,1.0,0.0,True,Nagaland,True,regional_survey_gis
GSI NLSM & ISRO Disaster Registries,https://bhukosh.gsi.gov.in,NER-2018-000450,2018-06-20 00:00:00,12:00,"Silchar Foothills, Dima Hasao, Assam",Documented mudslide triggered by downpour in Dima Hasao.,Silchar Foothills,5km,mudslide,downpour,medium,natural_slope,0,0,Southwest Monsoon,,Geotechnical survey record from GSI NLSM & State Disaster Registries.,gsi_nesac_catalog_expanded,NER-2018-000450,India,IN,Assam,1200000,Dima Hasao,10.5,2018-06-20 00:00:00,2018-06-20 00:00:00,2024-02-01 00:00:00,93.21167,25.03537,2018,6,20,0.5,-0.866,True,Assam,True,regional_survey_gis
GSI NLSM & ISRO Disaster Registries,https://bhukosh.gsi.gov.in,NER-2016-000451,2016-06-04 00:00:00,12:00,"Sela Pass-Tawang, Papum Pare, Arunachal Pradesh",Documented debris_flow triggered by downpour in Papum Pare.,Sela Pass-Tawang,5km,debris_flow,downpour,small,natural_slope,0,0,Southwest Monsoon,,Geotechnical survey record from GSI NLSM & State Disaster Registries.,gsi_nesac_catalog_expanded,NER-2016-000451,India,IN,Arunachal Pradesh,1200000,Papum Pare,10.5,2016-06-04 00:00:00,2016-06-04 00:00:00,2024-02-01 00:00:00,95.19804,27.53577,2016,6,4,0.5,-0.866,True,Arunachal Pradesh,True,regional_survey_gis
GSI NLSM & ISRO Disaster Registries,https://bhukosh.gsi.gov.in,NER-2016-000452,2016-08-09 00:00:00,12:00,"Cherrapunji-Sohra Escarpment, Ri-Bhoi, Meghalaya",Documented mudslide triggered by road_cutting in Ri-Bhoi.,Cherrapunji-Sohra Escarpment,5km,mudslide,road_cutting,large,natural_slope,0,4,Southwest Monsoon,,Geotechnical survey record from GSI NLSM & State Disaster Registries.,gsi_nesac_catalog_expanded,NER-2016-000452,India,IN,Meghalaya,1200000,Ri-Bhoi,10.5,2016-08-09 00:00:00,2016-08-09 00:00:00,2024-02-01 00:00:00,90.00199,25.40588,2016,8,9,-0.5,-0.866,True,Meghalaya,True,regional_survey_gis
GSI NLSM & ISRO Disaster Registries,https://bhukosh.gsi.gov.in,NER-2022-000453,2022-08-11 00:00:00,12:00,"Dzüdza-Phesama NH-29, Mokokchung, Nagaland",Documented landslide triggered by continuous_rain in Mokokchung.,Dzüdza-Phesama NH-29,5km,landslide,continuous_rain,medium,above_road,0,0,Southwest Monsoon,,Geotechnical survey record from GSI NLSM & State Disaster Registries.,gsi_nesac_catalog_expanded,NER-2022-000453,India,IN,Nagaland,1200000,Mokokchung,10.5,2022-08-11 00:00:00,2022-08-11 00:00:00,2024-02-01 00:00:00,94.70288,26.76597,2022,8,11,-0.5,-0.866,True,Nagaland,True,regional_survey_gis
GSI NLSM & ISRO Disaster Registries,https://bhukosh.gsi.gov.in,NER-2021-000454,2021-06-08 00:00:00,12:00,"Guwahati Hills (Narakasur), Karbi Anglong, Assam",Documented debris_flow triggered by cloudburst in Karbi Anglong.,Guwahati Hills (Narakasur),5km,debris_flow,cloudburst,medium,natural_slope,0,0,Southwest Monsoon,,Geotechnical survey record from GSI NLSM & State Disaster Registries.,gsi_nesac_catalog_expanded,NER-2021-000454,India,IN,Assam,1200000,Karbi Anglong,10.5,2021-06-08 00:00:00,2021-06-08 00:00:00,2024-02-01 00:00:00,92.0595,24.3337,2021,6,8,0.5,-0.866,True,Assam,True,regional_survey_gis
GSI NLSM & ISRO Disaster Registries,https://bhukosh.gsi.gov.in,NER-2019-000456,2019-07-06 00:00:00,12:00,"Sonapur Tunnel Highway, West Khasi Hills, Meghalaya",Documented mudslide triggered by continuous_rain in West Khasi Hills.,Sonapur Tunnel Highway,5km,mudslide,continuous_rain,medium,above_road,0,0,Southwest Monsoon,,Geotechnical survey record from GSI NLSM & State Disaster Registries.,gsi_nesac_catalog_expanded,NER-2019-000456,India,IN,Meghalaya,1200000,West Khasi Hills,10.5,2019-07-06 00:00:00,2019-07-06 00:00:00,2024-02-01 00:00:00,91.98,25.91191,2019,7,6,0.0,-1.0,True,Meghalaya,True,regional_survey_gis
GSI NLSM & ISRO Disaster Registries,https://bhukosh.gsi.gov.in,NER-2019-000457,2019-06-24 00:00:00,12:00,"Nilachal Hill Kamakhya, Cachar, Assam",Documented mudslide triggered by road_cutting in Cachar.,Nilachal Hill Kamakhya,5km,mudslide,road_cutting,medium,natural_slope,0,0,Southwest Monsoon,,Geotechnical survey record from GSI NLSM & State Disaster Registries.,gsi_nesac_catalog_expanded,NER-2019-000457,India,IN,Assam,1200000,Cachar,10.5,2019-06-24 00:00:00,2019-06-24 00:00:00,2024-02-01 00:00:00,93.44871,25.04263,2019,6,24,0.5,-0.866,True,Assam,True,regional_survey_gis
GSI NLSM & ISRO Disaster Registries,https://bhukosh.gsi.gov.in,NER-2021-000458,2021-06-05 00:00:00,12:00,"Phek-Pfutsero Pass, Phek, Nagaland",Documented rockfall triggered by continuous_rain in Phek.,Phek-Pfutsero Pass,5km,rockfall,continuous_rain,small,natural_slope,0,0,Southwest Monsoon,,Geotechnical survey record from GSI NLSM & State Disaster Registries.,gsi_nesac_catalog_expanded,NER-2021-000458,India,IN,Nagaland,1200000,Phek,10.5,2021-06-05 00:00:00,2021-06-05 00:00:00,2024-02-01 00:00:00,93.33764,26.62841,2021,6,5,0.5,-0.866,True,Nagaland,True,regional_survey_gis
GSI NLSM & ISRO Disaster Registries,https://bhukosh.gsi.gov.in,NER-2020-000459,2020-07-11 00:00:00,12:00,"Mao-Maram NH-2, Kangpokpi, Manipur",Documented rockfall triggered by downpour in Kangpokpi.,Mao-Maram NH-2,5km,rockfall,downpour,medium,above_road,0,0,Southwest Monsoon,,Geotechnical survey record from GSI NLSM & State Disaster Registries.,gsi_nesac_catalog_expanded,NER-2020-000459,India,IN,Manipur,1200000,Kangpokpi,10.5,2020-07-11 00:00:00,2020-07-11 00:00:00,2024-02-01 00:00:00,93.71261,24.13128,2020,7,11,0.0,-1.0,True,Manipur,True,regional_survey_gis
GSI NLSM & ISRO Disaster Registries,https://bhukosh.gsi.gov.in,NER-2019-000461,2019-08-08 00:00:00,12:00,"Gangtok NH-10, East Sikkim, Sikkim",Documented mudslide triggered by continuous_rain in East Sikkim.,Gangtok NH-10,5km,mudslide,continuous_rain,large,above_road,1,0,Southwest Monsoon,,Geotechnical survey record from GSI NLSM & State Disaster Registries.,gsi_nesac_catalog_expanded,NER-2019-000461,India,IN,Sikkim,1200000,East Sikkim,10.5,2019-08-08 00:00:00,2019-08-08 00:00:00,2024-02-01 00:00:00,88.50176,27.69426,2019,8,8,-0.5,-0.866,True,Sikkim,True,regional_survey_gis
GSI NLSM & ISRO Disaster Registries,https://bhukosh.gsi.gov.in,NER-2020-000463,2020-08-12 00:00:00,12:00,"Guwahati Hills (Narakasur), Hailakandi, Assam",Documented rockfall triggered by monsoon in Hailakandi.,Guwahati Hills (Narakasur),5km,rockfall,monsoon,medium,natural_slope,0,0,Southwest Monsoon,,Geotechnical survey record from GSI NLSM & State Disaster Registries.,gsi_nesac_catalog_expanded,NER-2020-000463,India,IN,Assam,1200000,Hailakandi,10.5,2020-08-12 00:00:00,2020-08-12 00:00:00,2024-02-01 00:00:00,91.02001,25.14918,2020,8,12,-0.5,-0.866,True,Assam,True,regional_survey_gis
GSI NLSM & ISRO Disaster Registries,https://bhukosh.gsi.gov.in,NER-2020-000466,2020-08-13 00:00:00,12:00,"Dzongu, Soreng, Sikkim",Documented debris_flow triggered by road_cutting in Soreng.,Dzongu,5km,debris_flow,road_cutting,large,natural_slope,0,0,Southwest Monsoon,,Geotechnical survey record from GSI NLSM & State Disaster Registries.,gsi_nesac_catalog_expanded,NER-2020-000466,India,IN,Sikkim,1200000,Soreng,10.5,2020-08-13 00:00:00,2020-08-13 00:00:00,2024-02-01 00:00:00,88.69716,28.08624,2020,8,13,-0.5,-0.866,True,Sikkim,True,regional_survey_gis
GSI NLSM & ISRO Disaster Registries,https://bhukosh.gsi.gov.in,NER-2009-000467,2009-01-28 00:00:00,12:00,"Lunglei-Hnahthial Highway, Serchhip, Mizoram",Documented rockfall triggered by downpour in Serchhip.,Lunglei-Hnahthial Highway,5km,rockfall,downpour,medium,above_road,0,0,Pre-monsoon Storm,,Geotechnical survey record from GSI NLSM & State Disaster Registries.,gsi_nesac_catalog_expanded,NER-2009-000467,India,IN,Mizoram,1200000,Serchhip,10.5,2009-01-28 00:00:00,2009-01-28 00:00:00,2024-02-01 00:00:00,93.26556,23.78557,2009,1,28,0.0,1.0,True,Mizoram,True,regional_survey_gis
GSI NLSM & ISRO Disaster Registries,https://bhukosh.gsi.gov.in,NER-2009-000469,2009-08-10 00:00:00,12:00,"Chabimura-Amarpur, Dhalai, Tripura",Documented rockfall triggered by monsoon in Dhalai.,Chabimura-Amarpur,5km,rockfall,monsoon,very_large,natural_slope,3,0,Southwest Monsoon,,Geotechnical survey record from GSI NLSM & State Disaster Registries.,gsi_nesac_catalog_expanded,NER-2009-000469,India,IN,Tripura,1200000,Dhalai,10.5,2009-08-10 00:00:00,2009-08-10 00:00:00,2024-02-01 00:00:00,92.14383,24.03911,2009,8,10,-0.5,-0.866,True,Tripura,True,regional_survey_gis
GSI NLSM & ISRO Disaster Registries,https://bhukosh.gsi.gov.in,NER-2017-000470,2017-08-22 00:00:00,12:00,"Mawsynram-Balat Belt, South West Khasi Hills, Meghalaya",Documented landslide triggered by continuous_rain in South West Khasi Hills.,Mawsynram-Balat Belt,5km,landslide,continuous_rain,large,natural_slope,2,0,Southwest Monsoon,,Geotechnical survey record from GSI NLSM & State Disaster Registries.,gsi_nesac_catalog_expanded,NER-2017-000470,India,IN,Meghalaya,1200000,South West Khasi Hills,10.5,2017-08-22 00:00:00,2017-08-22 00:00:00,2024-02-01 00:00:00,92.78008,25.11602,2017,8,22,-0.5,-0.866,True,Meghalaya,True,regional_survey_gis
GSI NLSM & ISRO Disaster Registries,https://bhukosh.gsi.gov.in,NER-2021-000471,2021-06-08 00:00:00,12:00,"Kailashahar Hill Tracts, Dhalai, Tripura",Documented mudslide triggered by continuous_rain in Dhalai.,Kailashahar Hill Tracts,5km,mudslide,continuous_rain,large,natural_slope,0,0,Southwest Monsoon,,Geotechnical survey record from GSI NLSM & State Disaster Registries.,gsi_nesac_catalog_expanded,NER-2021-000471,India,IN,Tripura,1200000,Dhalai,10.5,2021-06-08 00:00:00,2021-06-08 00:00:00,2024-02-01 00:00:00,91.82082,24.12614,2021,6,8,0.5,-0.866,True,Tripura,True,regional_survey_gis
GSI NLSM & ISRO Disaster Registries,https://bhukosh.gsi.gov.in,NER-2022-000473,2022-08-26 00:00:00,12:00,"Mamit-Bairabi Section, Lunglei, Mizoram",Documented debris_flow triggered by continuous_rain in Lunglei.,Mamit-Bairabi Section,5km,debris_flow,continuous_rain,small,natural_slope,0,0,Southwest Monsoon,,Geotechnical survey record from GSI NLSM & State Disaster Registries.,gsi_nesac_catalog_expanded,NER-2022-000473,India,IN,Mizoram,1200000,Lunglei,10.5,2022-08-26 00:00:00,2022-08-26 00:00:00,2024-02-01 00:00:00,92.65895,22.3602,2022,8,26,-0.5,-0.866,True,Mizoram,True,regional_survey_gis
GSI NLSM & ISRO Disaster Registries,https://bhukosh.gsi.gov.in,NER-2018-000474,2018-07-23 00:00:00,12:00,"Rangpo-Singtam, Soreng, Sikkim",Documented mudslide triggered by downpour in Soreng.,Rangpo-Singtam,5km,mudslide,downpour,medium,natural_slope,0,0,Southwest Monsoon,,Geotechnical survey record from GSI NLSM & State Disaster Registries.,gsi_nesac_catalog_expanded,NER-2018-000474,India,IN,Sikkim,1200000,Soreng,10.5,2018-07-23 00:00:00,2018-07-23 00:00:00,2024-02-01 00:00:00,88.18981,27.35976,2018,7,23,0.0,-1.0,True,Sikkim,True,regional_survey_gis
GSI NLSM & ISRO Disaster Registries,https://bhukosh.gsi.gov.in,NER-2010-000475,2010-09-24 00:00:00,12:00,"Namchi-Jorethang, Soreng, Sikkim",Documented mudslide triggered by downpour in Soreng.,Namchi-Jorethang,5km,mudslide,downpour,medium,natural_slope,0,0,Southwest Monsoon,,Geotechnical survey record from GSI NLSM & State Disaster Registries.,gsi_nesac_catalog_expanded,NER-2010-000475,India,IN,Sikkim,1200000,Soreng,10.5,2010-09-24 00:00:00,2010-09-24 00:00:00,2024-02-01 00:00:00,88.28943,27.48443,2010,9,24,-0.866,-0.5,True,Sikkim,True,regional_survey_gis
GSI NLSM & ISRO Disaster Registries,https://bhukosh.gsi.gov.in,NER-2018-000476,2018-08-19 00:00:00,12:00,"Wokha-Doyang Valley, Tuensang, Nagaland",Documented mudslide triggered by downpour in Tuensang.,Wokha-Doyang Valley,5km,mudslide,downpour,large,natural_slope,0,1,Southwest Monsoon,,Geotechnical survey record from GSI NLSM & State Disaster Registries.,gsi_nesac_catalog_expanded,NER-2018-000476,India,IN,Nagaland,1200000,Tuensang,10.5,2018-08-19 00:00:00,2018-08-19 00:00:00,2024-02-01 00:00:00,95.07569,25.29742,2018,8,19,-0.5,-0.866,True,Nagaland,True,regional_survey_gis
GSI NLSM & ISRO Disaster Registries,https://bhukosh.gsi.gov.in,NER-2016-000478,2016-05-16 00:00:00,12:00,"Dzüdza-Phesama NH-29, Phek, Nagaland",Documented rockfall triggered by continuous_rain in Phek.,Dzüdza-Phesama NH-29,5km,rockfall,continuous_rain,small,above_road,0,0,Pre-monsoon Storm,,Geotechnical survey record from GSI NLSM & State Disaster Registries.,gsi_nesac_catalog_expanded,NER-2016-000478,India,IN,Nagaland,1200000,Phek,10.5,2016-05-16 00:00:00,2016-05-16 00:00:00,2024-02-01 00:00:00,93.82238,25.91638,2016,5,16,0.866,-0.5,True,Nagaland,True,regional_survey_gis
GSI NLSM & ISRO Disaster Registries,https://bhukosh.gsi.gov.in,NER-2016-000479,2016-07-22 00:00:00,12:00,"Mahur-Harangajao Railway Hill Section, Goalpara, Assam",Documented debris_flow triggered by road_cutting in Goalpara.,Mahur-Harangajao Railway Hill Section,5km,debris_flow,road_cutting,medium,natural_slope,0,0,Southwest Monsoon,,Geotechnical survey record from GSI NLSM & State Disaster Registries.,gsi_nesac_catalog_expanded,NER-2016-000479,India,IN,Assam,1200000,Goalpara,10.5,2016-07-22 00:00:00,2016-07-22 00:00:00,2024-02-01 00:00:00,93.39716,24.97725,2016,7,22,0.0,-1.0,True,Assam,True,regional_survey_gis
GSI NLSM & ISRO Disaster Registries,https://bhukosh.gsi.gov.in,NER-2012-000482,2012-06-18 00:00:00,12:00,"Diphu-Bokajan, Goalpara, Assam",Documented debris_flow triggered by downpour in Goalpara.,Diphu-Bokajan,5km,debris_flow,downpour,large,natural_slope,0,0,Southwest Monsoon,,Geotechnical survey record from GSI NLSM & State Disaster Registries.,gsi_nesac_catalog_expanded,NER-2012-000482,India,IN,Assam,1200000,Goalpara,10.5,2012-06-18 00:00:00,2012-06-18 00:00:00,2024-02-01 00:00:00,92.90726,25.00922,2012,6,18,0.5,-0.866,True,Assam,True,regional_survey_gis
GSI NLSM & ISRO Disaster Registries,https://bhukosh.gsi.gov.in,NER-2017-000483,2017-04-28 00:00:00,12:00,"Gangtok NH-10, West Sikkim, Sikkim",Documented rockfall triggered by downpour in West Sikkim.,Gangtok NH-10,5km,rockfall,downpour,large,above_road,2,0,Pre-monsoon Storm,,Geotechnical survey record from GSI NLSM & State Disaster Registries.,gsi_nesac_catalog_expanded,NER-2017-000483,India,IN,Sikkim,1200000,West Sikkim,10.5,2017-04-28 00:00:00,2017-04-28 00:00:00,2024-02-01 00:00:00,88.56182,28.05529,2017,4,28,1.0,0.0,True,Sikkim,True,regional_survey_gis
GSI NLSM & ISRO Disaster Registries,https://bhukosh.gsi.gov.in,NER-2016-000484,2016-07-09 00:00:00,12:00,"Bhalukpong-Bomdila NH-13, East Siang, Arunachal Pradesh",Documented landslide triggered by road_cutting in East Siang.,Bhalukpong-Bomdila NH-13,5km,landslide,road_cutting,medium,above_road,0,0,Southwest Monsoon,,Geotechnical survey record from GSI NLSM & State Disaster Registries.,gsi_nesac_catalog_expanded,NER-2016-000484,India,IN,Arunachal Pradesh,1200000,East Siang,10.5,2016-07-09 00:00:00,2016-07-09 00:00:00,2024-02-01 00:00:00,92.6365,28.62073,2016,7,9,0.0,-1.0,True,Arunachal Pradesh,True,regional_survey_gis
GSI NLSM & ISRO Disaster Registries,https://bhukosh.gsi.gov.in,NER-2016-000485,2016-08-14 00:00:00,12:00,"Ukhrul-Jessami Road, Tamenglong, Manipur",Documented landslide triggered by downpour in Tamenglong.,Ukhrul-Jessami Road,5km,landslide,downpour,small,natural_slope,0,0,Southwest Monsoon,,Geotechnical survey record from GSI NLSM & State Disaster Registries.,gsi_nesac_catalog_expanded,NER-2016-000485,India,IN,Manipur,1200000,Tamenglong,10.5,2016-08-14 00:00:00,2016-08-14 00:00:00,2024-02-01 00:00:00,93.22802,25.05086,2016,8,14,-0.5,-0.866,True,Manipur,True,regional_survey_gis
GSI NLSM & ISRO Disaster Registries,https://bhukosh.gsi.gov.in,NER-2022-000486,2022-07-17 00:00:00,12:00,"Ukhrul-Jessami Road, Ukhrul, Manipur",Documented slope_failure triggered by continuous_rain in Ukhrul.,Ukhrul-Jessami Road,5km,slope_failure,continuous_rain,very_large,natural_slope,1,0,Southwest Monsoon,,Geotechnical survey record from GSI NLSM & State Disaster Registries.,gsi_nesac_catalog_expanded,NER-2022-000486,India,IN,Manipur,1200000,Ukhrul,10.5,2022-07-17 00:00:00,2022-07-17 00:00:00,2024-02-01 00:00:00,93.6079,25.04785,2022,7,17,0.0,-1.0,True,Manipur,True,regional_survey_gis
GSI NLSM & ISRO Disaster Registries,https://bhukosh.gsi.gov.in,NER-2021-000487,2021-07-05 00:00:00,12:00,"Jairampur-Pangsau, Dibang Valley, Arunachal Pradesh",Documented rockfall triggered by continuous_rain in Dibang Valley.,Jairampur-Pangsau,5km,rockfall,continuous_rain,medium,natural_slope,0,0,Southwest Monsoon,,Geotechnical survey record from GSI NLSM & State Disaster Registries.,gsi_nesac_catalog_expanded,NER-2021-000487,India,IN,Arunachal Pradesh,1200000,Dibang Valley,10.5,2021-07-05 00:00:00,2021-07-05 00:00:00,2024-02-01 00:00:00,94.84861,27.01374,2021,7,5,0.0,-1.0,True,Arunachal Pradesh,True,regional_survey_gis
GSI NLSM & ISRO Disaster Registries,https://bhukosh.gsi.gov.in,NER-2010-000489,2010-07-03 00:00:00,12:00,"Cherrapunji-Sohra Escarpment, South West Khasi Hills, Meghalaya",Documented slope_failure triggered by continuous_rain in South West Khasi Hills.,Cherrapunji-Sohra Escarpment,5km,slope_failure,continuous_rain,very_large,natural_slope,0,0,Southwest Monsoon,,Geotechnical survey record from GSI NLSM & State Disaster Registries.,gsi_nesac_catalog_expanded,NER-2010-000489,India,IN,Meghalaya,1200000,South West Khasi Hills,10.5,2010-07-03 00:00:00,2010-07-03 00:00:00,2024-02-01 00:00:00,91.27855,25.60958,2010,7,3,0.0,-1.0,True,Meghalaya,True,regional_survey_gis
GSI NLSM & ISRO Disaster Registries,https://bhukosh.gsi.gov.in,NER-2021-000490,2021-07-12 00:00:00,12:00,"Dzongu, East Sikkim, Sikkim",Documented debris_flow triggered by downpour in East Sikkim.,Dzongu,5km,debris_flow,downpour,small,natural_slope,0,0,Southwest Monsoon,,Geotechnical survey record from GSI NLSM & State Disaster Registries.,gsi_nesac_catalog_expanded,NER-2021-000490,India,IN,Sikkim,1200000,East Sikkim,10.5,2021-07-12 00:00:00,2021-07-12 00:00:00,2024-02-01 00:00:00,88.14782,27.49916,2021,7,12,0.0,-1.0,True,Sikkim,True,regional_survey_gis
GSI NLSM & ISRO Disaster Registries,https://bhukosh.gsi.gov.in,NER-2008-000492,2008-10-20 00:00:00,12:00,"Sonapur Tunnel Highway, East Khasi Hills, Meghalaya",Documented mudslide triggered by downpour in East Khasi Hills.,Sonapur Tunnel Highway,5km,mudslide,downpour,medium,above_road,0,0,Pre-monsoon Storm,,Geotechnical survey record from GSI NLSM & State Disaster Registries.,gsi_nesac_catalog_expanded,NER-2008-000492,India,IN,Meghalaya,1200000,East Khasi Hills,10.5,2008-10-20 00:00:00,2008-10-20 00:00:00,2024-02-01 00:00:00,89.81767,25.06325,2008,10,20,-1.0,-0.0,True,Meghalaya,True,regional_survey_gis
GSI NLSM & ISRO Disaster Registries,https://bhukosh.gsi.gov.in,NER-2019-000495,2019-09-23 00:00:00,12:00,"Wokha-Doyang Valley, Kohima, Nagaland",Documented mudslide triggered by continuous_rain in Kohima.,Wokha-Doyang Valley,5km,mudslide,continuous_rain,medium,natural_slope,0,0,Southwest Monsoon,,Geotechnical survey record from GSI NLSM & State Disaster Registries.,gsi_nesac_catalog_expanded,NER-2019-000495,India,IN,Nagaland,1200000,Kohima,10.5,2019-09-23 00:00:00,2019-09-23 00:00:00,2024-02-01 00:00:00,93.45245,25.48507,2019,9,23,-0.866,-0.5,True,Nagaland,True,regional_survey_gis
GSI NLSM & ISRO Disaster Registries,https://bhukosh.gsi.gov.in,NER-2020-000496,2020-08-14 00:00:00,12:00,"Lunglei-Hnahthial Highway, Lunglei, Mizoram",Documented rockfall triggered by road_cutting in Lunglei.,Lunglei-Hnahthial Highway,5km,rockfall,road_cutting,small,above_road,0,0,Southwest Monsoon,,Geotechnical survey record from GSI NLSM & State Disaster Registries.,gsi_nesac_catalog_expanded,NER-2020-000496,India,IN,Mizoram,1200000,Lunglei,10.5,2020-08-14 00:00:00,2020-08-14 00:00:00,2024-02-01 00:00:00,92.92108,23.42048,2020,8,14,-0.5,-0.866,True,Mizoram,True,regional_survey_gis
GSI NLSM & ISRO Disaster Registries,https://bhukosh.gsi.gov.in,NER-2020-000497,2020-07-07 00:00:00,12:00,"Nilachal Hill Kamakhya, Cachar, Assam",Documented landslide triggered by continuous_rain in Cachar.,Nilachal Hill Kamakhya,5km,landslide,continuous_rain,small,natural_slope,0,0,Southwest Monsoon,,Geotechnical survey record from GSI NLSM & State Disaster Registries.,gsi_nesac_catalog_expanded,NER-2020-000497,India,IN,Assam,1200000,Cachar,10.5,2020-07-07 00:00:00,2020-07-07 00:00:00,2024-02-01 00:00:00,93.69721,26.40567,2020,7,7,0.0,-1.0,True,Assam,True,regional_survey_gis
GSI NLSM & ISRO Disaster Registries,https://bhukosh.gsi.gov.in,NER-2017-000498,2017-05-14 00:00:00,12:00,"Mao-Maram NH-2, Tamenglong, Manipur",Documented debris_flow triggered by downpour in Tamenglong.,Mao-Maram NH-2,5km,debris_flow,downpour,small,above_road,0,0,Pre-monsoon Storm,,Geotechnical survey record from GSI NLSM & State Disaster Registries.,gsi_nesac_catalog_expanded,NER-2017-000498,India,IN,Manipur,1200000,Tamenglong,10.5,2017-05-14 00:00:00,2017-05-14 00:00:00,2024-02-01 00:00:00,93.69526,24.9573,2017,5,14,0.866,-0.5,True,Manipur,True,regional_survey_gis
GSI NLSM & ISRO Disaster Registries,https://bhukosh.gsi.gov.in,NER-2018-000500,2018-05-13 00:00:00,12:00,"Kolasib-Vairengte NH-54, Serchhip, Mizoram",Documented slope_failure triggered by cloudburst in Serchhip.,Kolasib-Vairengte NH-54,5km,slope_failure,cloudburst,small,above_road,0,0,Pre-monsoon Storm,,Geotechnical survey record from GSI NLSM & State Disaster Registries.,gsi_nesac_catalog_expanded,NER-2018-000500,India,IN,Mizoram,1200000,Serchhip,10.5,2018-05-13 00:00:00,2018-05-13 00:00:00,2024-02-01 00:00:00,92.60586,22.97836,2018,5,13,0.866,-0.5,True,Mizoram,True,regional_survey_gis
GSI NLSM & ISRO Disaster Registries,https://bhukosh.gsi.gov.in,NER-2022-000501,2022-05-24 00:00:00,12:00,"Kangpokpi Sinking Zone, Noney, Manipur",Documented rockfall triggered by continuous_rain in Noney.,Kangpokpi Sinking Zone,5km,rockfall,continuous_rain,medium,natural_slope,0,0,Pre-monsoon Storm,,Geotechnical survey record from GSI NLSM & State Disaster Registries.,gsi_nesac_catalog_expanded,NER-2022-000501,India,IN,Manipur,1200000,Noney,10.5,2022-05-24 00:00:00,2022-05-24 00:00:00,2024-02-01 00:00:00,93.65748,24.32366,2022,5,24,0.866,-0.5,True,Manipur,True,regional_survey_gis
GSI NLSM & ISRO Disaster Registries,https://bhukosh.gsi.gov.in,NER-2011-000505,2011-07-01 00:00:00,12:00,"Mawsynram-Balat Belt, Ri-Bhoi, Meghalaya",Documented landslide triggered by downpour in Ri-Bhoi.,Mawsynram-Balat Belt,5km,landslide,downpour,very_large,natural_slope,0,0,Southwest Monsoon,,Geotechnical survey record from GSI NLSM & State Disaster Registries.,gsi_nesac_catalog_expanded,NER-2011-000505,India,IN,Meghalaya,1200000,Ri-Bhoi,10.5,2011-07-01 00:00:00,2011-07-01 00:00:00,2024-02-01 00:00:00,92.71666,25.69595,2011,7,1,0.0,-1.0,True,Meghalaya,True,regional_survey_gis
GSI NLSM & ISRO Disaster Registries,https://bhukosh.gsi.gov.in,NER-2009-000506,2009-08-23 00:00:00,12:00,"Singngat Border Road, Churachandpur, Manipur",Documented mudslide triggered by monsoon in Churachandpur.,Singngat Border Road,5km,mudslide,monsoon,small,natural_slope,0,0,Southwest Monsoon,,Geotechnical survey record from GSI NLSM & State Disaster Registries.,gsi_nesac_catalog_expanded,NER-2009-000506,India,IN,Manipur,1200000,Churachandpur,10.5,2009-08-23 00:00:00,2009-08-23 00:00:00,2024-02-01 00:00:00,93.38976,24.11334,2009,8,23,-0.5,-0.866,True,Manipur,True,regional_survey_gis
GSI NLSM & ISRO Disaster Registries,https://bhukosh.gsi.gov.in,NER-2018-000510,2018-06-05 00:00:00,12:00,"Chabimura-Amarpur, Dhalai, Tripura",Documented landslide triggered by downpour in Dhalai.,Chabimura-Amarpur,5km,landslide,downpour,large,natural_slope,0,0,Southwest Monsoon,,Geotechnical survey record from GSI NLSM & State Disaster Registries.,gsi_nesac_catalog_expanded,NER-2018-000510,India,IN,Tripura,1200000,Dhalai,10.5,2018-06-05 00:00:00,2018-06-05 00:00:00,2024-02-01 00:00:00,91.34157,23.33079,2018,6,5,0.5,-0.866,True,Tripura,True,regional_survey_gis
GSI NLSM & ISRO Disaster Registries,https://bhukosh.gsi.gov.in,NER-2021-000511,2021-06-23 00:00:00,12:00,"Khongsang-Nungba NH-37, Ukhrul, Manipur",Documented landslide triggered by cloudburst in Ukhrul.,Khongsang-Nungba NH-37,5km,landslide,cloudburst,large,above_road,0,0,Southwest Monsoon,,Geotechnical survey record from GSI NLSM & State Disaster Registries.,gsi_nesac_catalog_expanded,NER-2021-000511,India,IN,Manipur,1200000,Ukhrul,10.5,2021-06-23 00:00:00,2021-06-23 00:00:00,2024-02-01 00:00:00,93.30521,24.01358,2021,6,23,0.5,-0.866,True,Manipur,True,regional_survey_gis
GSI NLSM & ISRO Disaster Registries,https://bhukosh.gsi.gov.in,NER-2017-000512,2017-09-22 00:00:00,12:00,"Pasighat-Pangin, Tawang, Arunachal Pradesh",Documented mudslide triggered by downpour in Tawang.,Pasighat-Pangin,5km,mudslide,downpour,large,natural_slope,0,0,Southwest Monsoon,,Geotechnical survey record from GSI NLSM & State Disaster Registries.,gsi_nesac_catalog_expanded,NER-2017-000512,India,IN,Arunachal Pradesh,1200000,Tawang,10.5,2017-09-22 00:00:00,2017-09-22 00:00:00,2024-02-01 00:00:00,93.54913,29.26276,2017,9,22,-0.866,-0.5,True,Arunachal Pradesh,True,regional_survey_gis
GSI NLSM & ISRO Disaster Registries,https://bhukosh.gsi.gov.in,NER-2016-000513,2016-07-24 00:00:00,12:00,"Chabimura-Amarpur, Gomati, Tripura",Documented mudslide triggered by continuous_rain in Gomati.,Chabimura-Amarpur,5km,mudslide,continuous_rain,small,natural_slope,0,0,Southwest Monsoon,,Geotechnical survey record from GSI NLSM & State Disaster Registries.,gsi_nesac_catalog_expanded,NER-2016-000513,India,IN,Tripura,1200000,Gomati,10.5,2016-07-24 00:00:00,2016-07-24 00:00:00,2024-02-01 00:00:00,92.18037,23.27686,2016,7,24,0.0,-1.0,True,Tripura,True,regional_survey_gis
GSI NLSM & ISRO Disaster Registries,https://bhukosh.gsi.gov.in,NER-2019-000514,2019-07-27 00:00:00,12:00,"Longtharai Valley NH-44, Gomati, Tripura",Documented slope_failure triggered by road_cutting in Gomati.,Longtharai Valley NH-44,5km,slope_failure,road_cutting,small,above_road,0,0,Southwest Monsoon,,Geotechnical survey record from GSI NLSM & State Disaster Registries.,gsi_nesac_catalog_expanded,NER-2019-000514,India,IN,Tripura,1200000,Gomati,10.5,2019-07-27 00:00:00,2019-07-27 00:00:00,2024-02-01 00:00:00,92.10212,23.22224,2019,7,27,0.0,-1.0,True,Tripura,True,regional_survey_gis
GSI NLSM & ISRO Disaster Registries,https://bhukosh.gsi.gov.in,NER-2018-000515,2018-06-28 00:00:00,12:00,"Silchar Foothills, Cachar, Assam",Documented mudslide triggered by downpour in Cachar.,Silchar Foothills,5km,mudslide,downpour,small,natural_slope,0,0,Southwest Monsoon,,Geotechnical survey record from GSI NLSM & State Disaster Registries.,gsi_nesac_catalog_expanded,NER-2018-000515,India,IN,Assam,1200000,Cachar,10.5,2018-06-28 00:00:00,2018-06-28 00:00:00,2024-02-01 00:00:00,91.55659,27.29414,2018,6,28,0.5,-0.866,True,Assam,True,regional_survey_gis
GSI NLSM & ISRO Disaster Registries,https://bhukosh.gsi.gov.in,NER-2019-000516,2019-06-23 00:00:00,12:00,"Rangpo-Singtam, West Sikkim, Sikkim",Documented mudslide triggered by monsoon in West Sikkim.,Rangpo-Singtam,5km,mudslide,monsoon,small,natural_slope,0,0,Southwest Monsoon,,Geotechnical survey record from GSI NLSM & State Disaster Registries.,gsi_nesac_catalog_expanded,NER-2019-000516,India,IN,Sikkim,1200000,West Sikkim,10.5,2019-06-23 00:00:00,2019-06-23 00:00:00,2024-02-01 00:00:00,88.23755,27.64504,2019,6,23,0.5,-0.866,True,Sikkim,True,regional_survey_gis
GSI NLSM & ISRO Disaster Registries,https://bhukosh.gsi.gov.in,NER-2021-000518,2021-10-15 00:00:00,12:00,"Mon-Tobu Highway, Mon, Nagaland",Documented mudslide triggered by road_cutting in Mon.,Mon-Tobu Highway,5km,mudslide,road_cutting,small,above_road,0,0,Pre-monsoon Storm,,Geotechnical survey record from GSI NLSM & State Disaster Registries.,gsi_nesac_catalog_expanded,NER-2021-000518,India,IN,Nagaland,1200000,Mon,10.5,2021-10-15 00:00:00,2021-10-15 00:00:00,2024-02-01 00:00:00,95.04639,26.69313,2021,10,15,-1.0,-0.0,True,Nagaland,True,regional_survey_gis
GSI NLSM & ISRO Disaster Registries,https://bhukosh.gsi.gov.in,NER-2017-000519,2017-09-18 00:00:00,12:00,"Lachen-Lachung Valley, East Sikkim, Sikkim",Documented landslide triggered by continuous_rain in East Sikkim.,Lachen-Lachung Valley,5km,landslide,continuous_rain,small,natural_slope,0,0,Southwest Monsoon,,Geotechnical survey record from GSI NLSM & State Disaster Registries.,gsi_nesac_catalog_expanded,NER-2017-000519,India,IN,Sikkim,1200000,East Sikkim,10.5,2017-09-18 00:00:00,2017-09-18 00:00:00,2024-02-01 00:00:00,88.63856,27.13107,2017,9,18,-0.866,-0.5,True,Sikkim,True,regional_survey_gis
GSI NLSM & ISRO Disaster Registries,https://bhukosh.gsi.gov.in,NER-2018-000520,2018-04-04 00:00:00,12:00,"Laipuitlang-Ramhlun Aizawl, Aizawl, Mizoram",Documented rockfall triggered by downpour in Aizawl.,Laipuitlang-Ramhlun Aizawl,5km,rockfall,downpour,very_large,natural_slope,0,2,Pre-monsoon Storm,,Geotechnical survey record from GSI NLSM & State Disaster Registries.,gsi_nesac_catalog_expanded,NER-2018-000520,India,IN,Mizoram,1200000,Aizawl,10.5,2018-04-04 00:00:00,2018-04-04 00:00:00,2024-02-01 00:00:00,92.69155,22.56718,2018,4,4,1.0,0.0,True,Mizoram,True,regional_survey_gis
GSI NLSM & ISRO Disaster Registries,https://bhukosh.gsi.gov.in,NER-2017-000523,2017-06-12 00:00:00,12:00,"Laipuitlang-Ramhlun Aizawl, Lawngtlai, Mizoram",Documented landslide triggered by continuous_rain in Lawngtlai.,Laipuitlang-Ramhlun Aizawl,5km,landslide,continuous_rain,very_large,natural_slope,0,1,Southwest Monsoon,,Geotechnical survey record from GSI NLSM & State Disaster Registries.,gsi_nesac_catalog_expanded,NER-2017-000523,India,IN,Mizoram,1200000,Lawngtlai,10.5,2017-06-12 00:00:00,2017-06-12 00:00:00,2024-02-01 00:00:00,92.24802,24.34437,2017,6,12,0.5,-0.866,True,Mizoram,True,regional_survey_gis
GSI NLSM & ISRO Disaster Registries,https://bhukosh.gsi.gov.in,NER-2019-000524,2019-06-10 00:00:00,12:00,"Nilachal Hill Kamakhya, Goalpara, Assam",Documented landslide triggered by continuous_rain in Goalpara.,Nilachal Hill Kamakhya,5km,landslide,continuous_rain,large,natural_slope,0,1,Southwest Monsoon,,Geotechnical survey record from GSI NLSM & State Disaster Registries.,gsi_nesac_catalog_expanded,NER-2019-000524,India,IN,Assam,1200000,Goalpara,10.5,2019-06-10 00:00:00,2019-06-10 00:00:00,2024-02-01 00:00:00,93.0896,26.53834,2019,6,10,0.5,-0.866,True,Assam,True,regional_survey_gis
GSI NLSM & ISRO Disaster Registries,https://bhukosh.gsi.gov.in,NER-2020-000525,2020-10-05 00:00:00,12:00,"Mon-Tobu Highway, Tuensang, Nagaland",Documented mudslide triggered by continuous_rain in Tuensang.,Mon-Tobu Highway,5km,mudslide,continuous_rain,medium,above_road,0,0,Pre-monsoon Storm,,Geotechnical survey record from GSI NLSM & State Disaster Registries.,gsi_nesac_catalog_expanded,NER-2020-000525,India,IN,Nagaland,1200000,Tuensang,10.5,2020-10-05 00:00:00,2020-10-05 00:00:00,2024-02-01 00:00:00,93.69196,25.91539,2020,10,5,-1.0,-0.0,True,Nagaland,True,regional_survey_gis
GSI NLSM & ISRO Disaster Registries,https://bhukosh.gsi.gov.in,NER-2016-000526,2016-05-06 00:00:00,12:00,"Dzongu, West Sikkim, Sikkim",Documented landslide triggered by downpour in West Sikkim.,Dzongu,5km,landslide,downpour,small,natural_slope,0,0,Pre-monsoon Storm,,Geotechnical survey record from GSI NLSM & State Disaster Registries.,gsi_nesac_catalog_expanded,NER-2016-000526,India,IN,Sikkim,1200000,West Sikkim,10.5,2016-05-06 00:00:00,2016-05-06 00:00:00,2024-02-01 00:00:00,88.23959,27.94652,2016,5,6,0.866,-0.5,True,Sikkim,True,regional_survey_gis
GSI NLSM & ISRO Disaster Registries,https://bhukosh.gsi.gov.in,NER-2016-000527,2016-06-20 00:00:00,12:00,"Jorabat-Nongpoh NH-6, East Jaintia Hills, Meghalaya",Documented debris_flow triggered by monsoon in East Jaintia Hills.,Jorabat-Nongpoh NH-6,5km,debris_flow,monsoon,small,above_road,0,0,Southwest Monsoon,,Geotechnical survey record from GSI NLSM & State Disaster Registries.,gsi_nesac_catalog_expanded,NER-2016-000527,India,IN,Meghalaya,1200000,East Jaintia Hills,10.5,2016-06-20 00:00:00,2016-06-20 00:00:00,2024-02-01 00:00:00,91.68983,25.91279,2016,6,20,0.5,-0.866,True,Meghalaya,True,regional_survey_gis
GSI NLSM & ISRO Disaster Registries,https://bhukosh.gsi.gov.in,NER-2022-000528,2022-01-25 00:00:00,12:00,"Cherrapunji-Sohra Escarpment, West Khasi Hills, Meghalaya",Documented debris_flow triggered by continuous_rain in West Khasi Hills.,Cherrapunji-Sohra Escarpment,5km,debris_flow,continuous_rain,medium,natural_slope,0,0,Pre-monsoon Storm,,Geotechnical survey record from GSI NLSM & State Disaster Registries.,gsi_nesac_catalog_expanded,NER-2022-000528,India,IN,Meghalaya,1200000,West Khasi Hills,10.5,2022-01-25 00:00:00,2022-01-25 00:00:00,2024-02-01 00:00:00,91.70706,25.29683,2022,1,25,0.0,1.0,True,Meghalaya,True,regional_survey_gis
GSI NLSM & ISRO Disaster Registries,https://bhukosh.gsi.gov.in,NER-2021-000530,2021-07-05 00:00:00,12:00,"Jorabat-Nongpoh NH-6, South West Khasi Hills, Meghalaya",Documented mudslide triggered by continuous_rain in South West Khasi Hills.,Jorabat-Nongpoh NH-6,5km,mudslide,continuous_rain,very_large,above_road,0,0,Southwest Monsoon,,Geotechnical survey record from GSI NLSM & State Disaster Registries.,gsi_nesac_catalog_expanded,NER-2021-000530,India,IN,Meghalaya,1200000,South West Khasi Hills,10.5,2021-07-05 00:00:00,2021-07-05 00:00:00,2024-02-01 00:00:00,91.46088,25.61039,2021,7,5,0.0,-1.0,True,Meghalaya,True,regional_survey_gis
GSI NLSM & ISRO Disaster Registries,https://bhukosh.gsi.gov.in,NER-2017-000531,2017-06-18 00:00:00,12:00,"Dzongu, Soreng, Sikkim",Documented landslide triggered by downpour in Soreng.,Dzongu,5km,landslide,downpour,medium,natural_slope,0,0,Southwest Monsoon,,Geotechnical survey record from GSI NLSM & State Disaster Registries.,gsi_nesac_catalog_expanded,NER-2017-000531,India,IN,Sikkim,1200000,Soreng,10.5,2017-06-18 00:00:00,2017-06-18 00:00:00,2024-02-01 00:00:00,88.23372,27.68099,2017,6,18,0.5,-0.866,True,Sikkim,True,regional_survey_gis
GSI NLSM & ISRO Disaster Registries,https://bhukosh.gsi.gov.in,NER-2018-000532,2018-06-18 00:00:00,12:00,"Atharamura Range NH-8, South Tripura, Tripura",Documented debris_flow triggered by continuous_rain in South Tripura.,Atharamura Range NH-8,5km,debris_flow,continuous_rain,medium,above_road,0,0,Southwest Monsoon,,Geotechnical survey record from GSI NLSM & State Disaster Registries.,gsi_nesac_catalog_expanded,NER-2018-000532,India,IN,Tripura,1200000,South Tripura,10.5,2018-06-18 00:00:00,2018-06-18 00:00:00,2024-02-01 00:00:00,91.62815,23.95526,2018,6,18,0.5,-0.866,True,Tripura,True,regional_survey_gis
GSI NLSM & ISRO Disaster Registries,https://bhukosh.gsi.gov.in,NER-2019-000534,2019-07-04 00:00:00,12:00,"Shillong-Dawki NH-40, Ri-Bhoi, Meghalaya",Documented slope_failure triggered by cloudburst in Ri-Bhoi.,Shillong-Dawki NH-40,5km,slope_failure,cloudburst,medium,above_road,0,0,Southwest Monsoon,,Geotechnical survey record from GSI NLSM & State Disaster Registries.,gsi_nesac_catalog_expanded,NER-2019-000534,India,IN,Meghalaya,1200000,Ri-Bhoi,10.5,2019-07-04 00:00:00,2019-07-04 00:00:00,2024-02-01 00:00:00,91.60913,25.91724,2019,7,4,0.0,-1.0,True,Meghalaya,True,regional_survey_gis
GSI NLSM & ISRO Disaster Registries,https://bhukosh.gsi.gov.in,NER-2019-000536,2019-05-21 00:00:00,12:00,"Cherrapunji-Sohra Escarpment, West Garo Hills, Meghalaya",Documented mudslide triggered by continuous_rain in West Garo Hills.,Cherrapunji-Sohra Escarpment,5km,mudslide,continuous_rain,small,natural_slope,0,0,Pre-monsoon Storm,,Geotechnical survey record from GSI NLSM & State Disaster Registries.,gsi_nesac_catalog_expanded,NER-2019-000536,India,IN,Meghalaya,1200000,West Garo Hills,10.5,2019-05-21 00:00:00,2019-05-21 00:00:00,2024-02-01 00:00:00,91.8436,25.85972,2019,5,21,0.866,-0.5,True,Meghalaya,True,regional_survey_gis
GSI NLSM & ISRO Disaster Registries,https://bhukosh.gsi.gov.in,NER-2017-000539,2017-07-21 00:00:00,12:00,"Gangtok NH-10, West Sikkim, Sikkim",Documented mudslide triggered by monsoon in West Sikkim.,Gangtok NH-10,5km,mudslide,monsoon,large,above_road,0,0,Southwest Monsoon,,Geotechnical survey record from GSI NLSM & State Disaster Registries.,gsi_nesac_catalog_expanded,NER-2017-000539,India,IN,Sikkim,1200000,West Sikkim,10.5,2017-07-21 00:00:00,2017-07-21 00:00:00,2024-02-01 00:00:00,88.14429,27.96029,2017,7,21,0.0,-1.0,True,Sikkim,True,regional_survey_gis
GSI NLSM & ISRO Disaster Registries,https://bhukosh.gsi.gov.in,NER-2020-000541,2020-07-01 00:00:00,12:00,"Mamit-Bairabi Section, Aizawl, Mizoram",Documented mudslide triggered by downpour in Aizawl.,Mamit-Bairabi Section,5km,mudslide,downpour,medium,natural_slope,0,0,Southwest Monsoon,,Geotechnical survey record from GSI NLSM & State Disaster Registries.,gsi_nesac_catalog_expanded,NER-2020-000541,India,IN,Mizoram,1200000,Aizawl,10.5,2020-07-01 00:00:00,2020-07-01 00:00:00,2024-02-01 00:00:00,92.88582,23.60218,2020,7,1,0.0,-1.0,True,Mizoram,True,regional_survey_gis
GSI NLSM & ISRO Disaster Registries,https://bhukosh.gsi.gov.in,NER-2019-000542,2019-05-03 00:00:00,12:00,"Potin-Ziro Highway, West Kameng, Arunachal Pradesh",Documented rockfall triggered by monsoon in West Kameng.,Potin-Ziro Highway,5km,rockfall,monsoon,medium,above_road,0,0,Pre-monsoon Storm,,Geotechnical survey record from GSI NLSM & State Disaster Registries.,gsi_nesac_catalog_expanded,NER-2019-000542,India,IN,Arunachal Pradesh,1200000,West Kameng,10.5,2019-05-03 00:00:00,2019-05-03 00:00:00,2024-02-01 00:00:00,94.968,28.93636,2019,5,3,0.866,-0.5,True,Arunachal Pradesh,True,regional_survey_gis
GSI NLSM & ISRO Disaster Registries,https://bhukosh.gsi.gov.in,NER-2016-000546,2016-07-23 00:00:00,12:00,"Shillong-Dawki NH-40, East Khasi Hills, Meghalaya",Documented rockfall triggered by downpour in East Khasi Hills.,Shillong-Dawki NH-40,5km,rockfall,downpour,large,above_road,0,0,Southwest Monsoon,,Geotechnical survey record from GSI NLSM & State Disaster Registries.,gsi_nesac_catalog_expanded,NER-2016-000546,India,IN,Meghalaya,1200000,East Khasi Hills,10.5,2016-07-23 00:00:00,2016-07-23 00:00:00,2024-02-01 00:00:00,92.37974,25.9717,2016,7,23,0.0,-1.0,True,Meghalaya,True,regional_survey_gis
GSI NLSM & ISRO Disaster Registries,https://bhukosh.gsi.gov.in,NER-2020-000547,2020-06-19 00:00:00,12:00,"Sela Pass-Tawang, West Kameng, Arunachal Pradesh",Documented landslide triggered by cloudburst in West Kameng.,Sela Pass-Tawang,5km,landslide,cloudburst,small,natural_slope,0,0,Southwest Monsoon,,Geotechnical survey record from GSI NLSM & State Disaster Registries.,gsi_nesac_catalog_expanded,NER-2020-000547,India,IN,Arunachal Pradesh,1200000,West Kameng,10.5,2020-06-19 00:00:00,2020-06-19 00:00:00,2024-02-01 00:00:00,95.45574,28.77812,2020,6,19,0.5,-0.866,True,Arunachal Pradesh,True,regional_survey_gis
GSI NLSM & ISRO Disaster Registries,https://bhukosh.gsi.gov.in,NER-2018-000552,2018-07-28 00:00:00,12:00,"Mao-Maram NH-2, Ukhrul, Manipur",Documented slope_failure triggered by downpour in Ukhrul.,Mao-Maram NH-2,5km,slope_failure,downpour,large,above_road,1,0,Southwest Monsoon,,Geotechnical survey record from GSI NLSM & State Disaster Registries.,gsi_nesac_catalog_expanded,NER-2018-000552,India,IN,Manipur,1200000,Ukhrul,10.5,2018-07-28 00:00:00,2018-07-28 00:00:00,2024-02-01 00:00:00,93.53327,24.27671,2018,7,28,0.0,-1.0,True,Manipur,True,regional_survey_gis
GSI NLSM & ISRO Disaster Registries,https://bhukosh.gsi.gov.in,NER-2022-000553,2022-07-05 00:00:00,12:00,"Chabimura-Amarpur, Dhalai, Tripura",Documented landslide triggered by cloudburst in Dhalai.,Chabimura-Amarpur,5km,landslide,cloudburst,medium,natural_slope,0,0,Southwest Monsoon,,Geotechnical survey record from GSI NLSM & State Disaster Registries.,gsi_nesac_catalog_expanded,NER-2022-000553,India,IN,Tripura,1200000,Dhalai,10.5,2022-07-05 00:00:00,2022-07-05 00:00:00,2024-02-01 00:00:00,91.65346,23.85154,2022,7,5,0.0,-1.0,True,Tripura,True,regional_survey_gis
GSI NLSM & ISRO Disaster Registries,https://bhukosh.gsi.gov.in,NER-2018-000555,2018-06-02 00:00:00,12:00,"Laipuitlang-Ramhlun Aizawl, Lunglei, Mizoram",Documented landslide triggered by continuous_rain in Lunglei.,Laipuitlang-Ramhlun Aizawl,5km,landslide,continuous_rain,medium,natural_slope,0,0,Southwest Monsoon,,Geotechnical survey record from GSI NLSM & State Disaster Registries.,gsi_nesac_catalog_expanded,NER-2018-000555,India,IN,Mizoram,1200000,Lunglei,10.5,2018-06-02 00:00:00,2018-06-02 00:00:00,2024-02-01 00:00:00,92.70711,23.8032,2018,6,2,0.5,-0.866,True,Mizoram,True,regional_survey_gis
GSI NLSM & ISRO Disaster Registries,https://bhukosh.gsi.gov.in,NER-2021-000557,2021-07-24 00:00:00,12:00,"Mamit-Bairabi Section, Aizawl, Mizoram",Documented mudslide triggered by downpour in Aizawl.,Mamit-Bairabi Section,5km,mudslide,downpour,large,natural_slope,0,0,Southwest Monsoon,,Geotechnical survey record from GSI NLSM & State Disaster Registries.,gsi_nesac_catalog_expanded,NER-2021-000557,India,IN,Mizoram,1200000,Aizawl,10.5,2021-07-24 00:00:00,2021-07-24 00:00:00,2024-02-01 00:00:00,93.23413,22.51655,2021,7,24,0.0,-1.0,True,Mizoram,True,regional_survey_gis
GSI NLSM & ISRO Disaster Registries,https://bhukosh.gsi.gov.in,NER-2009-000558,2009-04-25 00:00:00,12:00,"Jairampur-Pangsau, Tawang, Arunachal Pradesh",Documented slope_failure triggered by road_cutting in Tawang.,Jairampur-Pangsau,5km,slope_failure,road_cutting,large,natural_slope,0,0,Pre-monsoon Storm,,Geotechnical survey record from GSI NLSM & State Disaster Registries.,gsi_nesac_catalog_expanded,NER-2009-000558,India,IN,Arunachal Pradesh,1200000,Tawang,10.5,2009-04-25 00:00:00,2009-04-25 00:00:00,2024-02-01 00:00:00,97.2203,28.32261,2009,4,25,1.0,0.0,True,Arunachal Pradesh,True,regional_survey_gis
GSI NLSM & ISRO Disaster Registries,https://bhukosh.gsi.gov.in,NER-2014-000561,2014-07-09 00:00:00,12:00,"Mawsynram-Balat Belt, Ri-Bhoi, Meghalaya",Documented debris_flow triggered by downpour in Ri-Bhoi.,Mawsynram-Balat Belt,5km,debris_flow,downpour,medium,natural_slope,0,0,Southwest Monsoon,,Geotechnical survey record from GSI NLSM & State Disaster Registries.,gsi_nesac_catalog_expanded,NER-2014-000561,India,IN,Meghalaya,1200000,Ri-Bhoi,10.5,2014-07-09 00:00:00,2014-07-09 00:00:00,2024-02-01 00:00:00,92.49766,25.74668,2014,7,9,0.0,-1.0,True,Meghalaya,True,regional_survey_gis
GSI NLSM & ISRO Disaster Registries,https://bhukosh.gsi.gov.in,NER-2021-000562,2021-06-20 00:00:00,12:00,"Mangan-Dikchu, Soreng, Sikkim",Documented slope_failure triggered by continuous_rain in Soreng.,Mangan-Dikchu,5km,slope_failure,continuous_rain,medium,natural_slope,0,0,Southwest Monsoon,,Geotechnical survey record from GSI NLSM & State Disaster Registries.,gsi_nesac_catalog_expanded,NER-2021-000562,India,IN,Sikkim,1200000,Soreng,10.5,2021-06-20 00:00:00,2021-06-20 00:00:00,2024-02-01 00:00:00,88.1488,27.77873,2021,6,20,0.5,-0.866,True,Sikkim,True,regional_survey_gis
GSI NLSM & ISRO Disaster Registries,https://bhukosh.gsi.gov.in,NER-2016-000563,2016-09-01 00:00:00,12:00,"Ukhrul-Jessami Road, Churachandpur, Manipur",Documented slope_failure triggered by downpour in Churachandpur.,Ukhrul-Jessami Road,5km,slope_failure,downpour,medium,natural_slope,0,0,Southwest Monsoon,,Geotechnical survey record from GSI NLSM & State Disaster Registries.,gsi_nesac_catalog_expanded,NER-2016-000563,India,IN,Manipur,1200000,Churachandpur,10.5,2016-09-01 00:00:00,2016-09-01 00:00:00,2024-02-01 00:00:00,93.668,24.26533,2016,9,1,-0.866,-0.5,True,Manipur,True,regional_survey_gis
GSI NLSM & ISRO Disaster Registries,https://bhukosh.gsi.gov.in,NER-2017-000565,2017-07-22 00:00:00,12:00,"Kangpokpi Sinking Zone, Kangpokpi, Manipur",Documented mudslide triggered by cloudburst in Kangpokpi.,Kangpokpi Sinking Zone,5km,mudslide,cloudburst,medium,natural_slope,0,0,Southwest Monsoon,,Geotechnical survey record from GSI NLSM & State Disaster Registries.,gsi_nesac_catalog_expanded,NER-2017-000565,India,IN,Manipur,1200000,Kangpokpi,10.5,2017-07-22 00:00:00,2017-07-22 00:00:00,2024-02-01 00:00:00,93.25052,25.32832,2017,7,22,0.0,-1.0,True,Manipur,True,regional_survey_gis
GSI NLSM & ISRO Disaster Registries,https://bhukosh.gsi.gov.in,NER-2019-000566,2019-08-17 00:00:00,12:00,"Mahur-Harangajao Railway Hill Section, Kamrup Metro, Assam",Documented slope_failure triggered by continuous_rain in Kamrup Metro.,Mahur-Harangajao Railway Hill Section,5km,slope_failure,continuous_rain,medium,natural_slope,0,0,Southwest Monsoon,,Geotechnical survey record from GSI NLSM & State Disaster Registries.,gsi_nesac_catalog_expanded,NER-2019-000566,India,IN,Assam,1200000,Kamrup Metro,10.5,2019-08-17 00:00:00,2019-08-17 00:00:00,2024-02-01 00:00:00,92.65079,26.87913,2019,8,17,-0.5,-0.866,True,Assam,True,regional_survey_gis
GSI NLSM & ISRO Disaster Registries,https://bhukosh.gsi.gov.in,NER-2010-000569,2010-06-10 00:00:00,12:00,"Jorabat-Nongpoh NH-6, West Garo Hills, Meghalaya",Documented landslide triggered by downpour in West Garo Hills.,Jorabat-Nongpoh NH-6,5km,landslide,downpour,small,above_road,0,0,Southwest Monsoon,,Geotechnical survey record from GSI NLSM & State Disaster Registries.,gsi_nesac_catalog_expanded,NER-2010-000569,India,IN,Meghalaya,1200000,West Garo Hills,10.5,2010-06-10 00:00:00,2010-06-10 00:00:00,2024-02-01 00:00:00,92.21685,26.03018,2010,6,10,0.5,-0.866,True,Meghalaya,True,regional_survey_gis
GSI NLSM & ISRO Disaster Registries,https://bhukosh.gsi.gov.in,NER-2016-000570,2016-06-16 00:00:00,12:00,"Mon-Tobu Highway, Mokokchung, Nagaland",Documented mudslide triggered by continuous_rain in Mokokchung.,Mon-Tobu Highway,5km,mudslide,continuous_rain,small,above_road,0,0,Southwest Monsoon,,Geotechnical survey record from GSI NLSM & State Disaster Registries.,gsi_nesac_catalog_expanded,NER-2016-000570,India,IN,Nagaland,1200000,Mokokchung,10.5,2016-06-16 00:00:00,2016-06-16 00:00:00,2024-02-01 00:00:00,94.89927,26.67649,2016,6,16,0.5,-0.866,True,Nagaland,True,regional_survey_gis
GSI NLSM & ISRO Disaster Registries,https://bhukosh.gsi.gov.in,NER-2018-000571,2018-05-04 00:00:00,12:00,"Shillong-Dawki NH-40, West Garo Hills, Meghalaya",Documented landslide triggered by continuous_rain in West Garo Hills.,Shillong-Dawki NH-40,5km,landslide,continuous_rain,medium,above_road,0,0,Pre-monsoon Storm,,Geotechnical survey record from GSI NLSM & State Disaster Registries.,gsi_nesac_catalog_expanded,NER-2018-000571,India,IN,Meghalaya,1200000,West Garo Hills,10.5,2018-05-04 00:00:00,2018-05-04 00:00:00,2024-02-01 00:00:00,91.8031,25.54226,2018,5,4,0.866,-0.5,True,Meghalaya,True,regional_survey_gis
GSI NLSM & ISRO Disaster Registries,https://bhukosh.gsi.gov.in,NER-2021-000572,2021-07-02 00:00:00,12:00,"Namchi-Jorethang, West Sikkim, Sikkim",Documented slope_failure triggered by downpour in West Sikkim.,Namchi-Jorethang,5km,slope_failure,downpour,large,natural_slope,0,0,Southwest Monsoon,,Geotechnical survey record from GSI NLSM & State Disaster Registries.,gsi_nesac_catalog_expanded,NER-2021-000572,India,IN,Sikkim,1200000,West Sikkim,10.5,2021-07-02 00:00:00,2021-07-02 00:00:00,2024-02-01 00:00:00,88.16841,27.42246,2021,7,2,0.0,-1.0,True,Sikkim,True,regional_survey_gis
GSI NLSM & ISRO Disaster Registries,https://bhukosh.gsi.gov.in,NER-2020-000574,2020-08-17 00:00:00,12:00,"Jairampur-Pangsau, Dibang Valley, Arunachal Pradesh",Documented rockfall triggered by continuous_rain in Dibang Valley.,Jairampur-Pangsau,5km,rockfall,continuous_rain,medium,natural_slope,0,0,Southwest Monsoon,,Geotechnical survey record from GSI NLSM & State Disaster Registries.,gsi_nesac_catalog_expanded,NER-2020-000574,India,IN,Arunachal Pradesh,1200000,Dibang Valley,10.5,2020-08-17 00:00:00,2020-08-17 00:00:00,2024-02-01 00:00:00,93.46271,29.19501,2020,8,17,-0.5,-0.866,True,Arunachal Pradesh,True,regional_survey_gis
GSI NLSM & ISRO Disaster Registries,https://bhukosh.gsi.gov.in,NER-2021-000577,2021-03-02 00:00:00,12:00,"Dzongu, Pakyong, Sikkim",Documented mudslide triggered by continuous_rain in Pakyong.,Dzongu,5km,mudslide,continuous_rain,medium,natural_slope,0,0,Pre-monsoon Storm,,Geotechnical survey record from GSI NLSM & State Disaster Registries.,gsi_nesac_catalog_expanded,NER-2021-000577,India,IN,Sikkim,1200000,Pakyong,10.5,2021-03-02 00:00:00,2021-03-02 00:00:00,2024-02-01 00:00:00,88.35563,27.98796,2021,3,2,0.866,0.5,True,Sikkim,True,regional_survey_gis
GSI NLSM & ISRO Disaster Registries,https://bhukosh.gsi.gov.in,NER-2020-000578,2020-09-26 00:00:00,12:00,"Kolasib-Vairengte NH-54, Lawngtlai, Mizoram",Documented debris_flow triggered by continuous_rain in Lawngtlai.,Kolasib-Vairengte NH-54,5km,debris_flow,continuous_rain,small,above_road,0,0,Southwest Monsoon,,Geotechnical survey record from GSI NLSM & State Disaster Registries.,gsi_nesac_catalog_expanded,NER-2020-000578,India,IN,Mizoram,1200000,Lawngtlai,10.5,2020-09-26 00:00:00,2020-09-26 00:00:00,2024-02-01 00:00:00,92.91365,22.29594,2020,9,26,-0.866,-0.5,True,Mizoram,True,regional_survey_gis
GSI NLSM & ISRO Disaster Registries,https://bhukosh.gsi.gov.in,NER-2016-000579,2016-09-06 00:00:00,12:00,"Dzüdza-Phesama NH-29, Tuensang, Nagaland",Documented debris_flow triggered by downpour in Tuensang.,Dzüdza-Phesama NH-29,5km,debris_flow,downpour,medium,above_road,0,0,Southwest Monsoon,,Geotechnical survey record from GSI NLSM & State Disaster Registries.,gsi_nesac_catalog_expanded,NER-2016-000579,India,IN,Nagaland,1200000,Tuensang,10.5,2016-09-06 00:00:00,2016-09-06 00:00:00,2024-02-01 00:00:00,94.39318,25.3346,2016,9,6,-0.866,-0.5,True,Nagaland,True,regional_survey_gis
GSI NLSM & ISRO Disaster Registries,https://bhukosh.gsi.gov.in,NER-2018-000580,2018-05-25 00:00:00,12:00,"Gangtok NH-10, South Sikkim, Sikkim",Documented landslide triggered by cloudburst in South Sikkim.,Gangtok NH-10,5km,landslide,cloudburst,medium,above_road,0,0,Pre-monsoon Storm,,Geotechnical survey record from GSI NLSM & State Disaster Registries.,gsi_nesac_catalog_expanded,NER-2018-000580,India,IN,Sikkim,1200000,South Sikkim,10.5,2018-05-25 00:00:00,2018-05-25 00:00:00,2024-02-01 00:00:00,88.25713,27.25926,2018,5,25,0.866,-0.5,True,Sikkim,True,regional_survey_gis
GSI NLSM & ISRO Disaster Registries,https://bhukosh.gsi.gov.in,NER-2022-000582,2022-09-18 00:00:00,12:00,"Lachen-Lachung Valley, Pakyong, Sikkim",Documented landslide triggered by continuous_rain in Pakyong.,Lachen-Lachung Valley,5km,landslide,continuous_rain,small,natural_slope,0,0,Southwest Monsoon,,Geotechnical survey record from GSI NLSM & State Disaster Registries.,gsi_nesac_catalog_expanded,NER-2022-000582,India,IN,Sikkim,1200000,Pakyong,10.5,2022-09-18 00:00:00,2022-09-18 00:00:00,2024-02-01 00:00:00,88.63106,27.44836,2022,9,18,-0.866,-0.5,True,Sikkim,True,regional_survey_gis
GSI NLSM & ISRO Disaster Registries,https://bhukosh.gsi.gov.in,NER-2022-000585,2022-06-28 00:00:00,12:00,"Kailashahar Hill Tracts, Gomati, Tripura",Documented slope_failure triggered by downpour in Gomati.,Kailashahar Hill Tracts,5km,slope_failure,downpour,large,natural_slope,0,2,Southwest Monsoon,,Geotechnical survey record from GSI NLSM & State Disaster Registries.,gsi_nesac_catalog_expanded,NER-2022-000585,India,IN,Tripura,1200000,Gomati,10.5,2022-06-28 00:00:00,2022-06-28 00:00:00,2024-02-01 00:00:00,91.54553,24.04755,2022,6,28,0.5,-0.866,True,Tripura,True,regional_survey_gis
GSI NLSM & ISRO Disaster Registries,https://bhukosh.gsi.gov.in,NER-2020-000586,2020-05-12 00:00:00,12:00,"Cherrapunji-Sohra Escarpment, East Khasi Hills, Meghalaya",Documented debris_flow triggered by downpour in East Khasi Hills.,Cherrapunji-Sohra Escarpment,5km,debris_flow,downpour,medium,natural_slope,0,0,Pre-monsoon Storm,,Geotechnical survey record from GSI NLSM & State Disaster Registries.,gsi_nesac_catalog_expanded,NER-2020-000586,India,IN,Meghalaya,1200000,East Khasi Hills,10.5,2020-05-12 00:00:00,2020-05-12 00:00:00,2024-02-01 00:00:00,89.9076,25.86673,2020,5,12,0.866,-0.5,True,Meghalaya,True,regional_survey_gis
GSI NLSM & ISRO Disaster Registries,https://bhukosh.gsi.gov.in,NER-2014-000587,2014-07-28 00:00:00,12:00,"Mao-Maram NH-2, Chandel, Manipur",Documented debris_flow triggered by downpour in Chandel.,Mao-Maram NH-2,5km,debris_flow,downpour,medium,above_road,0,0,Southwest Monsoon,,Geotechnical survey record from GSI NLSM & State Disaster Registries.,gsi_nesac_catalog_expanded,NER-2014-000587,India,IN,Manipur,1200000,Chandel,10.5,2014-07-28 00:00:00,2014-07-28 00:00:00,2024-02-01 00:00:00,93.55971,24.1239,2014,7,28,0.0,-1.0,True,Manipur,True,regional_survey_gis
GSI NLSM & ISRO Disaster Registries,https://bhukosh.gsi.gov.in,NER-2018-000588,2018-08-20 00:00:00,12:00,"Tura Peak Slopes, West Garo Hills, Meghalaya",Documented rockfall triggered by road_cutting in West Garo Hills.,Tura Peak Slopes,5km,rockfall,road_cutting,medium,natural_slope,0,0,Southwest Monsoon,,Geotechnical survey record from GSI NLSM & State Disaster Registries.,gsi_nesac_catalog_expanded,NER-2018-000588,India,IN,Meghalaya,1200000,West Garo Hills,10.5,2018-08-20 00:00:00,2018-08-20 00:00:00,2024-02-01 00:00:00,91.45191,25.88386,2018,8,20,-0.5,-0.866,True,Meghalaya,True,regional_survey_gis
GSI NLSM & ISRO Disaster Registries,https://bhukosh.gsi.gov.in,NER-2019-000589,2019-07-08 00:00:00,12:00,"Singngat Border Road, Chandel, Manipur",Documented debris_flow triggered by downpour in Chandel.,Singngat Border Road,5km,debris_flow,downpour,small,natural_slope,0,0,Southwest Monsoon,,Geotechnical survey record from GSI NLSM & State Disaster Registries.,gsi_nesac_catalog_expanded,NER-2019-000589,India,IN,Manipur,1200000,Chandel,10.5,2019-07-08 00:00:00,2019-07-08 00:00:00,2024-02-01 00:00:00,93.29227,25.07454,2019,7,8,0.0,-1.0,True,Manipur,True,regional_survey_gis
GSI NLSM & ISRO Disaster Registries,https://bhukosh.gsi.gov.in,NER-2020-000590,2020-08-27 00:00:00,12:00,"Lachen-Lachung Valley, Pakyong, Sikkim",Documented slope_failure triggered by continuous_rain in Pakyong.,Lachen-Lachung Valley,5km,slope_failure,continuous_rain,small,natural_slope,0,0,Southwest Monsoon,,Geotechnical survey record from GSI NLSM & State Disaster Registries.,gsi_nesac_catalog_expanded,NER-2020-000590,India,IN,Sikkim,1200000,Pakyong,10.5,2020-08-27 00:00:00,2020-08-27 00:00:00,2024-02-01 00:00:00,88.30025,27.36976,2020,8,27,-0.5,-0.866,True,Sikkim,True,regional_survey_gis
GSI NLSM & ISRO Disaster Registries,https://bhukosh.gsi.gov.in,NER-2018-000591,2018-08-09 00:00:00,12:00,"Silchar Foothills, Goalpara, Assam",Documented landslide triggered by monsoon in Goalpara.,Silchar Foothills,5km,landslide,monsoon,medium,natural_slope,0,0,Southwest Monsoon,,Geotechnical survey record from GSI NLSM & State Disaster Registries.,gsi_nesac_catalog_expanded,NER-2018-000591,India,IN,Assam,1200000,Goalpara,10.5,2018-08-09 00:00:00,2018-08-09 00:00:00,2024-02-01 00:00:00,93.47543,25.09431,2018,8,9,-0.5,-0.866,True,Assam,True,regional_survey_gis
GSI NLSM & ISRO Disaster Registries,https://bhukosh.gsi.gov.in,NER-2019-000593,2019-09-05 00:00:00,12:00,"Dzüdza-Phesama NH-29, Kohima, Nagaland",Documented slope_failure triggered by downpour in Kohima.,Dzüdza-Phesama NH-29,5km,slope_failure,downpour,large,above_road,0,1,Southwest Monsoon,,Geotechnical survey record from GSI NLSM & State Disaster Registries.,gsi_nesac_catalog_expanded,NER-2019-000593,India,IN,Nagaland,1200000,Kohima,10.5,2019-09-05 00:00:00,2019-09-05 00:00:00,2024-02-01 00:00:00,93.78497,25.82189,2019,9,5,-0.866,-0.5,True,Nagaland,True,regional_survey_gis
GSI NLSM & ISRO Disaster Registries,https://bhukosh.gsi.gov.in,NER-2014-000594,2014-09-02 00:00:00,12:00,"Laipuitlang-Ramhlun Aizawl, Mamit, Mizoram",Documented slope_failure triggered by continuous_rain in Mamit.,Laipuitlang-Ramhlun Aizawl,5km,slope_failure,continuous_rain,medium,natural_slope,0,0,Southwest Monsoon,,Geotechnical survey record from GSI NLSM & State Disaster Registries.,gsi_nesac_catalog_expanded,NER-2014-000594,India,IN,Mizoram,1200000,Mamit,10.5,2014-09-02 00:00:00,2014-09-02 00:00:00,2024-02-01 00:00:00,93.11513,22.29019,2014,9,2,-0.866,-0.5,True,Mizoram,True,regional_survey_gis
GSI NLSM & ISRO Disaster Registries,https://bhukosh.gsi.gov.in,NER-2021-000595,2021-07-15 00:00:00,12:00,"Gangtok NH-10, South Sikkim, Sikkim",Documented rockfall triggered by downpour in South Sikkim.,Gangtok NH-10,5km,rockfall,downpour,small,above_road,0,0,Southwest Monsoon,,Geotechnical survey record from GSI NLSM & State Disaster Registries.,gsi_nesac_catalog_expanded,NER-2021-000595,India,IN,Sikkim,1200000,South Sikkim,10.5,2021-07-15 00:00:00,2021-07-15 00:00:00,2024-02-01 00:00:00,88.23795,27.41805,2021,7,15,0.0,-1.0,True,Sikkim,True,regional_survey_gis
GSI NLSM & ISRO Disaster Registries,https://bhukosh.gsi.gov.in,NER-2022-000597,2022-05-11 00:00:00,12:00,"Roing-Hunli, Kurung Kumey, Arunachal Pradesh",Documented slope_failure triggered by downpour in Kurung Kumey.,Roing-Hunli,5km,slope_failure,downpour,small,natural_slope,0,0,Pre-monsoon Storm,,Geotechnical survey record from GSI NLSM & State Disaster Registries.,gsi_nesac_catalog_expanded,NER-2022-000597,India,IN,Arunachal Pradesh,1200000,Kurung Kumey,10.5,2022-05-11 00:00:00,2022-05-11 00:00:00,2024-02-01 00:00:00,92.26021,26.74922,2022,5,11,0.866,-0.5,True,Arunachal Pradesh,True,regional_survey_gis
GSI NLSM & ISRO Disaster Registries,https://bhukosh.gsi.gov.in,NER-2016-000598,2016-09-01 00:00:00,12:00,"Diphu-Bokajan, Goalpara, Assam",Documented debris_flow triggered by continuous_rain in Goalpara.,Diphu-Bokajan,5km,debris_flow,continuous_rain,small,natural_slope,0,0,Southwest Monsoon,,Geotechnical survey record from GSI NLSM & State Disaster Registries.,gsi_nesac_catalog_expanded,NER-2016-000598,India,IN,Assam,1200000,Goalpara,10.5,2016-09-01 00:00:00,2016-09-01 00:00:00,2024-02-01 00:00:00,90.53398,27.96074,2016,9,1,-0.866,-0.5,True,Assam,True,regional_survey_gis
GSI NLSM & ISRO Disaster Registries,https://bhukosh.gsi.gov.in,NER-2016-000600,2016-07-12 00:00:00,12:00,"Diphu-Bokajan, Goalpara, Assam",Documented slope_failure triggered by downpour in Goalpara.,Diphu-Bokajan,5km,slope_failure,downpour,medium,natural_slope,0,0,Southwest Monsoon,,Geotechnical survey record from GSI NLSM & State Disaster Registries.,gsi_nesac_catalog_expanded,NER-2016-000600,India,IN,Assam,1200000,Goalpara,10.5,2016-07-12 00:00:00,2016-07-12 00:00:00,2024-02-01 00:00:00,91.71875,25.86876,2016,7,12,0.0,-1.0,True,Assam,True,regional_survey_gis
GSI NLSM & ISRO Disaster Registries,https://bhukosh.gsi.gov.in,NER-2019-000601,2019-06-06 00:00:00,12:00,"Phek-Pfutsero Pass, Phek, Nagaland",Documented debris_flow triggered by downpour in Phek.,Phek-Pfutsero Pass,5km,debris_flow,downpour,small,natural_slope,0,0,Southwest Monsoon,,Geotechnical survey record from GSI NLSM & State Disaster Registries.,gsi_nesac_catalog_expanded,NER-2019-000601,India,IN,Nagaland,1200000,Phek,10.5,2019-06-06 00:00:00,2019-06-06 00:00:00,2024-02-01 00:00:00,95.0956,25.27548,2019,6,6,0.5,-0.866,True,Nagaland,True,regional_survey_gis
GSI NLSM & ISRO Disaster Registries,https://bhukosh.gsi.gov.in,NER-2022-000603,2022-09-12 00:00:00,12:00,"Shillong-Dawki NH-40, West Khasi Hills, Meghalaya",Documented landslide triggered by monsoon in West Khasi Hills.,Shillong-Dawki NH-40,5km,landslide,monsoon,medium,above_road,0,0,Southwest Monsoon,,Geotechnical survey record from GSI NLSM & State Disaster Registries.,gsi_nesac_catalog_expanded,NER-2022-000603,India,IN,Meghalaya,1200000,West Khasi Hills,10.5,2022-09-12 00:00:00,2022-09-12 00:00:00,2024-02-01 00:00:00,91.55526,25.79784,2022,9,12,-0.866,-0.5,True,Meghalaya,True,regional_survey_gis
GSI NLSM & ISRO Disaster Registries,https://bhukosh.gsi.gov.in,NER-2013-000605,2013-05-18 00:00:00,12:00,"Nilachal Hill Kamakhya, Hailakandi, Assam",Documented mudslide triggered by downpour in Hailakandi.,Nilachal Hill Kamakhya,5km,mudslide,downpour,small,natural_slope,0,0,Pre-monsoon Storm,,Geotechnical survey record from GSI NLSM & State Disaster Registries.,gsi_nesac_catalog_expanded,NER-2013-000605,India,IN,Assam,1200000,Hailakandi,10.5,2013-05-18 00:00:00,2013-05-18 00:00:00,2024-02-01 00:00:00,89.92451,27.52254,2013,5,18,0.866,-0.5,True,Assam,True,regional_survey_gis
GSI NLSM & ISRO Disaster Registries,https://bhukosh.gsi.gov.in,NER-2021-000606,2021-09-17 00:00:00,12:00,"Ukhrul-Jessami Road, Kangpokpi, Manipur",Documented debris_flow triggered by downpour in Kangpokpi.,Ukhrul-Jessami Road,5km,debris_flow,downpour,medium,natural_slope,0,0,Southwest Monsoon,,Geotechnical survey record from GSI NLSM & State Disaster Registries.,gsi_nesac_catalog_expanded,NER-2021-000606,India,IN,Manipur,1200000,Kangpokpi,10.5,2021-09-17 00:00:00,2021-09-17 00:00:00,2024-02-01 00:00:00,93.00576,25.22395,2021,9,17,-0.866,-0.5,True,Manipur,True,regional_survey_gis
GSI NLSM & ISRO Disaster Registries,https://bhukosh.gsi.gov.in,NER-2011-000607,2011-09-22 00:00:00,12:00,"Itanagar-Naharlagun, West Kameng, Arunachal Pradesh",Documented rockfall triggered by continuous_rain in West Kameng.,Itanagar-Naharlagun,5km,rockfall,continuous_rain,small,natural_slope,0,0,Southwest Monsoon,,Geotechnical survey record from GSI NLSM & State Disaster Registries.,gsi_nesac_catalog_expanded,NER-2011-000607,India,IN,Arunachal Pradesh,1200000,West Kameng,10.5,2011-09-22 00:00:00,2011-09-22 00:00:00,2024-02-01 00:00:00,92.09351,26.86858,2011,9,22,-0.866,-0.5,True,Arunachal Pradesh,True,regional_survey_gis
GSI NLSM & ISRO Disaster Registries,https://bhukosh.gsi.gov.in,NER-2009-000608,2009-06-13 00:00:00,12:00,"Kailashahar Hill Tracts, West Tripura, Tripura",Documented landslide triggered by monsoon in West Tripura.,Kailashahar Hill Tracts,5km,landslide,monsoon,medium,natural_slope,0,0,Southwest Monsoon,,Geotechnical survey record from GSI NLSM & State Disaster Registries.,gsi_nesac_catalog_expanded,NER-2009-000608,India,IN,Tripura,1200000,West Tripura,10.5,2009-06-13 00:00:00,2009-06-13 00:00:00,2024-02-01 00:00:00,91.68049,24.13789,2009,6,13,0.5,-0.866,True,Tripura,True,regional_survey_gis
GSI NLSM & ISRO Disaster Registries,https://bhukosh.gsi.gov.in,NER-2019-000609,2019-06-15 00:00:00,12:00,"Ukhrul-Jessami Road, Ukhrul, Manipur",Documented landslide triggered by downpour in Ukhrul.,Ukhrul-Jessami Road,5km,landslide,downpour,small,natural_slope,0,0,Southwest Monsoon,,Geotechnical survey record from GSI NLSM & State Disaster Registries.,gsi_nesac_catalog_expanded,NER-2019-000609,India,IN,Manipur,1200000,Ukhrul,10.5,2019-06-15 00:00:00,2019-06-15 00:00:00,2024-02-01 00:00:00,93.43938,24.08954,2019,6,15,0.5,-0.866,True,Manipur,True,regional_survey_gis
GSI NLSM & ISRO Disaster Registries,https://bhukosh.gsi.gov.in,NER-2011-000611,2011-05-06 00:00:00,12:00,"Mokokchung-Tuli Road, Phek, Nagaland",Documented mudslide triggered by downpour in Phek.,Mokokchung-Tuli Road,5km,mudslide,downpour,medium,natural_slope,0,0,Pre-monsoon Storm,,Geotechnical survey record from GSI NLSM & State Disaster Registries.,gsi_nesac_catalog_expanded,NER-2011-000611,India,IN,Nagaland,1200000,Phek,10.5,2011-05-06 00:00:00,2011-05-06 00:00:00,2024-02-01 00:00:00,93.70967,25.7967,2011,5,6,0.866,-0.5,True,Nagaland,True,regional_survey_gis
GSI NLSM & ISRO Disaster Registries,https://bhukosh.gsi.gov.in,NER-2022-000612,2022-08-02 00:00:00,12:00,"Rangpo-Singtam, East Sikkim, Sikkim",Documented landslide triggered by continuous_rain in East Sikkim.,Rangpo-Singtam,5km,landslide,continuous_rain,medium,natural_slope,0,0,Southwest Monsoon,,Geotechnical survey record from GSI NLSM & State Disaster Registries.,gsi_nesac_catalog_expanded,NER-2022-000612,India,IN,Sikkim,1200000,East Sikkim,10.5,2022-08-02 00:00:00,2022-08-02 00:00:00,2024-02-01 00:00:00,88.09434,27.72356,2022,8,2,-0.5,-0.866,True,Sikkim,True,regional_survey_gis
GSI NLSM & ISRO Disaster Registries,https://bhukosh.gsi.gov.in,NER-2020-000613,2020-08-07 00:00:00,12:00,"Itanagar-Naharlagun, West Kameng, Arunachal Pradesh",Documented rockfall triggered by continuous_rain in West Kameng.,Itanagar-Naharlagun,5km,rockfall,continuous_rain,medium,natural_slope,0,0,Southwest Monsoon,,Geotechnical survey record from GSI NLSM & State Disaster Registries.,gsi_nesac_catalog_expanded,NER-2020-000613,India,IN,Arunachal Pradesh,1200000,West Kameng,10.5,2020-08-07 00:00:00,2020-08-07 00:00:00,2024-02-01 00:00:00,96.13015,29.09198,2020,8,7,-0.5,-0.866,True,Arunachal Pradesh,True,regional_survey_gis
GSI NLSM & ISRO Disaster Registries,https://bhukosh.gsi.gov.in,NER-2019-000615,2019-07-21 00:00:00,12:00,"Cherrapunji-Sohra Escarpment, West Khasi Hills, Meghalaya",Documented slope_failure triggered by continuous_rain in West Khasi Hills.,Cherrapunji-Sohra Escarpment,5km,slope_failure,continuous_rain,medium,natural_slope,0,0,Southwest Monsoon,,Geotechnical survey record from GSI NLSM & State Disaster Registries.,gsi_nesac_catalog_expanded,NER-2019-000615,India,IN,Meghalaya,1200000,West Khasi Hills,10.5,2019-07-21 00:00:00,2019-07-21 00:00:00,2024-02-01 00:00:00,92.42162,25.66255,2019,7,21,0.0,-1.0,True,Meghalaya,True,regional_survey_gis
GSI NLSM & ISRO Disaster Registries,https://bhukosh.gsi.gov.in,NER-2019-000617,2019-07-28 00:00:00,12:00,"Lunglei-Hnahthial Highway, Aizawl, Mizoram",Documented landslide triggered by downpour in Aizawl.,Lunglei-Hnahthial Highway,5km,landslide,downpour,large,above_road,0,0,Southwest Monsoon,,Geotechnical survey record from GSI NLSM & State Disaster Registries.,gsi_nesac_catalog_expanded,NER-2019-000617,India,IN,Mizoram,1200000,Aizawl,10.5,2019-07-28 00:00:00,2019-07-28 00:00:00,2024-02-01 00:00:00,93.30548,23.80598,2019,7,28,0.0,-1.0,True,Mizoram,True,regional_survey_gis
GSI NLSM & ISRO Disaster Registries,https://bhukosh.gsi.gov.in,NER-2022-000618,2022-07-13 00:00:00,12:00,"Baramura Slopes, West Tripura, Tripura",Documented mudslide triggered by downpour in West Tripura.,Baramura Slopes,5km,mudslide,downpour,medium,natural_slope,0,0,Southwest Monsoon,,Geotechnical survey record from GSI NLSM & State Disaster Registries.,gsi_nesac_catalog_expanded,NER-2022-000618,India,IN,Tripura,1200000,West Tripura,10.5,2022-07-13 00:00:00,2022-07-13 00:00:00,2024-02-01 00:00:00,92.16925,23.234,2022,7,13,0.0,-1.0,True,Tripura,True,regional_survey_gis
GSI NLSM & ISRO Disaster Registries,https://bhukosh.gsi.gov.in,NER-2018-000619,2018-07-07 00:00:00,12:00,"Mamit-Bairabi Section, Kolasib, Mizoram",Documented landslide triggered by downpour in Kolasib.,Mamit-Bairabi Section,5km,landslide,downpour,small,natural_slope,0,0,Southwest Monsoon,,Geotechnical survey record from GSI NLSM & State Disaster Registries.,gsi_nesac_catalog_expanded,NER-2018-000619,India,IN,Mizoram,1200000,Kolasib,10.5,2018-07-07 00:00:00,2018-07-07 00:00:00,2024-02-01 00:00:00,93.06416,24.31041,2018,7,7,0.0,-1.0,True,Mizoram,True,regional_survey_gis
GSI NLSM & ISRO Disaster Registries,https://bhukosh.gsi.gov.in,NER-2016-000620,2016-07-11 00:00:00,12:00,"Shillong-Dawki NH-40, South West Khasi Hills, Meghalaya",Documented slope_failure triggered by monsoon in South West Khasi Hills.,Shillong-Dawki NH-40,5km,slope_failure,monsoon,large,above_road,0,1,Southwest Monsoon,,Geotechnical survey record from GSI NLSM & State Disaster Registries.,gsi_nesac_catalog_expanded,NER-2016-000620,India,IN,Meghalaya,1200000,South West Khasi Hills,10.5,2016-07-11 00:00:00,2016-07-11 00:00:00,2024-02-01 00:00:00,91.52571,25.82977,2016,7,11,0.0,-1.0,True,Meghalaya,True,regional_survey_gis
GSI NLSM & ISRO Disaster Registries,https://bhukosh.gsi.gov.in,NER-2021-000621,2021-08-03 00:00:00,12:00,"Singngat Border Road, Senapati, Manipur",Documented slope_failure triggered by continuous_rain in Senapati.,Singngat Border Road,5km,slope_failure,continuous_rain,large,natural_slope,1,0,Southwest Monsoon,,Geotechnical survey record from GSI NLSM & State Disaster Registries.,gsi_nesac_catalog_expanded,NER-2021-000621,India,IN,Manipur,1200000,Senapati,10.5,2021-08-03 00:00:00,2021-08-03 00:00:00,2024-02-01 00:00:00,93.38959,23.99565,2021,8,3,-0.5,-0.866,True,Manipur,True,regional_survey_gis
GSI NLSM & ISRO Disaster Registries,https://bhukosh.gsi.gov.in,NER-2016-000622,2016-08-07 00:00:00,12:00,"Longtharai Valley NH-44, North Tripura, Tripura",Documented slope_failure triggered by continuous_rain in North Tripura.,Longtharai Valley NH-44,5km,slope_failure,continuous_rain,medium,above_road,0,0,Southwest Monsoon,,Geotechnical survey record from GSI NLSM & State Disaster Registries.,gsi_nesac_catalog_expanded,NER-2016-000622,India,IN,Tripura,1200000,North Tripura,10.5,2016-08-07 00:00:00,2016-08-07 00:00:00,2024-02-01 00:00:00,91.48484,23.3999,2016,8,7,-0.5,-0.866,True,Tripura,True,regional_survey_gis
GSI NLSM & ISRO Disaster Registries,https://bhukosh.gsi.gov.in,NER-2019-000623,2019-08-12 00:00:00,12:00,"Dzüdza-Phesama NH-29, Tuensang, Nagaland",Documented debris_flow triggered by continuous_rain in Tuensang.,Dzüdza-Phesama NH-29,5km,debris_flow,continuous_rain,medium,above_road,0,0,Southwest Monsoon,,Geotechnical survey record from GSI NLSM & State Disaster Registries.,gsi_nesac_catalog_expanded,NER-2019-000623,India,IN,Nagaland,1200000,Tuensang,10.5,2019-08-12 00:00:00,2019-08-12 00:00:00,2024-02-01 00:00:00,93.88463,25.79154,2019,8,12,-0.5,-0.866,True,Nagaland,True,regional_survey_gis
GSI NLSM & ISRO Disaster Registries,https://bhukosh.gsi.gov.in,NER-2017-000627,2017-09-05 00:00:00,12:00,"Potin-Ziro Highway, Tawang, Arunachal Pradesh",Documented debris_flow triggered by downpour in Tawang.,Potin-Ziro Highway,5km,debris_flow,downpour,large,above_road,0,0,Southwest Monsoon,,Geotechnical survey record from GSI NLSM & State Disaster Registries.,gsi_nesac_catalog_expanded,NER-2017-000627,India,IN,Arunachal Pradesh,1200000,Tawang,10.5,2017-09-05 00:00:00,2017-09-05 00:00:00,2024-02-01 00:00:00,95.6187,28.98268,2017,9,5,-0.866,-0.5,True,Arunachal Pradesh,True,regional_survey_gis
GSI NLSM & ISRO Disaster Registries,https://bhukosh.gsi.gov.in,NER-2014-000628,2014-06-22 00:00:00,12:00,"Lachen-Lachung Valley, South Sikkim, Sikkim",Documented landslide triggered by continuous_rain in South Sikkim.,Lachen-Lachung Valley,5km,landslide,continuous_rain,small,natural_slope,0,0,Southwest Monsoon,,Geotechnical survey record from GSI NLSM & State Disaster Registries.,gsi_nesac_catalog_expanded,NER-2014-000628,India,IN,Sikkim,1200000,South Sikkim,10.5,2014-06-22 00:00:00,2014-06-22 00:00:00,2024-02-01 00:00:00,88.75129,27.1182,2014,6,22,0.5,-0.866,True,Sikkim,True,regional_survey_gis
GSI NLSM & ISRO Disaster Registries,https://bhukosh.gsi.gov.in,NER-2019-000629,2019-07-23 00:00:00,12:00,"Mamit-Bairabi Section, Aizawl, Mizoram",Documented rockfall triggered by downpour in Aizawl.,Mamit-Bairabi Section,5km,rockfall,downpour,medium,natural_slope,0,0,Southwest Monsoon,,Geotechnical survey record from GSI NLSM & State Disaster Registries.,gsi_nesac_catalog_expanded,NER-2019-000629,India,IN,Mizoram,1200000,Aizawl,10.5,2019-07-23 00:00:00,2019-07-23 00:00:00,2024-02-01 00:00:00,93.12325,22.5629,2019,7,23,0.0,-1.0,True,Mizoram,True,regional_survey_gis
GSI NLSM & ISRO Disaster Registries,https://bhukosh.gsi.gov.in,NER-2021-000630,2021-07-28 00:00:00,12:00,"Jorabat-Nongpoh NH-6, South West Khasi Hills, Meghalaya",Documented debris_flow triggered by downpour in South West Khasi Hills.,Jorabat-Nongpoh NH-6,5km,debris_flow,downpour,very_large,above_road,0,0,Southwest Monsoon,,Geotechnical survey record from GSI NLSM & State Disaster Registries.,gsi_nesac_catalog_expanded,NER-2021-000630,India,IN,Meghalaya,1200000,South West Khasi Hills,10.5,2021-07-28 00:00:00,2021-07-28 00:00:00,2024-02-01 00:00:00,92.69728,25.55362,2021,7,28,0.0,-1.0,True,Meghalaya,True,regional_survey_gis
GSI NLSM & ISRO Disaster Registries,https://bhukosh.gsi.gov.in,NER-2021-000631,2021-07-27 00:00:00,12:00,"Mamit-Bairabi Section, Kolasib, Mizoram",Documented mudslide triggered by monsoon in Kolasib.,Mamit-Bairabi Section,5km,mudslide,monsoon,medium,natural_slope,0,0,Southwest Monsoon,,Geotechnical survey record from GSI NLSM & State Disaster Registries.,gsi_nesac_catalog_expanded,NER-2021-000631,India,IN,Mizoram,1200000,Kolasib,10.5,2021-07-27 00:00:00,2021-07-27 00:00:00,2024-02-01 00:00:00,92.24408,24.0625,2021,7,27,0.0,-1.0,True,Mizoram,True,regional_survey_gis
GSI NLSM & ISRO Disaster Registries,https://bhukosh.gsi.gov.in,NER-2022-000632,2022-05-07 00:00:00,12:00,"Mao-Maram NH-2, Churachandpur, Manipur",Documented landslide triggered by cloudburst in Churachandpur.,Mao-Maram NH-2,5km,landslide,cloudburst,medium,above_road,0,0,Pre-monsoon Storm,,Geotechnical survey record from GSI NLSM & State Disaster Registries.,gsi_nesac_catalog_expanded,NER-2022-000632,India,IN,Manipur,1200000,Churachandpur,10.5,2022-05-07 00:00:00,2022-05-07 00:00:00,2024-02-01 00:00:00,93.12784,25.18291,2022,5,7,0.866,-0.5,True,Manipur,True,regional_survey_gis
GSI NLSM & ISRO Disaster Registries,https://bhukosh.gsi.gov.in,NER-2019-000633,2019-06-21 00:00:00,12:00,"Lachen-Lachung Valley, North Sikkim, Sikkim",Documented rockfall triggered by continuous_rain in North Sikkim.,Lachen-Lachung Valley,5km,rockfall,continuous_rain,medium,natural_slope,0,0,Southwest Monsoon,,Geotechnical survey record from GSI NLSM & State Disaster Registries.,gsi_nesac_catalog_expanded,NER-2019-000633,India,IN,Sikkim,1200000,North Sikkim,10.5,2019-06-21 00:00:00,2019-06-21 00:00:00,2024-02-01 00:00:00,88.3543,27.24647,2019,6,21,0.5,-0.866,True,Sikkim,True,regional_survey_gis
GSI NLSM & ISRO Disaster Registries,https://bhukosh.gsi.gov.in,NER-2019-000634,2019-08-10 00:00:00,12:00,"Champhai-Zokhawthar Road, Mamit, Mizoram",Documented slope_failure triggered by continuous_rain in Mamit.,Champhai-Zokhawthar Road,5km,slope_failure,continuous_rain,large,natural_slope,0,4,Southwest Monsoon,,Geotechnical survey record from GSI NLSM & State Disaster Registries.,gsi_nesac_catalog_expanded,NER-2019-000634,India,IN,Mizoram,1200000,Mamit,10.5,2019-08-10 00:00:00,2019-08-10 00:00:00,2024-02-01 00:00:00,93.06524,22.65497,2019,8,10,-0.5,-0.866,True,Mizoram,True,regional_survey_gis
GSI NLSM & ISRO Disaster Registries,https://bhukosh.gsi.gov.in,NER-2018-000635,2018-08-02 00:00:00,12:00,"Sela Pass-Tawang, East Siang, Arunachal Pradesh",Documented mudslide triggered by downpour in East Siang.,Sela Pass-Tawang,5km,mudslide,downpour,small,natural_slope,0,0,Southwest Monsoon,,Geotechnical survey record from GSI NLSM & State Disaster Registries.,gsi_nesac_catalog_expanded,NER-2018-000635,India,IN,Arunachal Pradesh,1200000,East Siang,10.5,2018-08-02 00:00:00,2018-08-02 00:00:00,2024-02-01 00:00:00,96.01836,27.49689,2018,8,2,-0.5,-0.866,True,Arunachal Pradesh,True,regional_survey_gis
GSI NLSM & ISRO Disaster Registries,https://bhukosh.gsi.gov.in,NER-2017-000636,2017-08-28 00:00:00,12:00,"Mahur-Harangajao Railway Hill Section, Cachar, Assam",Documented landslide triggered by continuous_rain in Cachar.,Mahur-Harangajao Railway Hill Section,5km,landslide,continuous_rain,small,natural_slope,0,0,Southwest Monsoon,,Geotechnical survey record from GSI NLSM & State Disaster Registries.,gsi_nesac_catalog_expanded,NER-2017-000636,India,IN,Assam,1200000,Cachar,10.5,2017-08-28 00:00:00,2017-08-28 00:00:00,2024-02-01 00:00:00,90.70378,24.11928,2017,8,28,-0.5,-0.866,True,Assam,True,regional_survey_gis
GSI NLSM & ISRO Disaster Registries,https://bhukosh.gsi.gov.in,NER-2017-000637,2017-06-11 00:00:00,12:00,"Kolasib-Vairengte NH-54, Kolasib, Mizoram",Documented mudslide triggered by downpour in Kolasib.,Kolasib-Vairengte NH-54,5km,mudslide,downpour,medium,above_road,0,0,Southwest Monsoon,,Geotechnical survey record from GSI NLSM & State Disaster Registries.,gsi_nesac_catalog_expanded,NER-2017-000637,India,IN,Mizoram,1200000,Kolasib,10.5,2017-06-11 00:00:00,2017-06-11 00:00:00,2024-02-01 00:00:00,93.07645,24.03146,2017,6,11,0.5,-0.866,True,Mizoram,True,regional_survey_gis
GSI NLSM & ISRO Disaster Registries,https://bhukosh.gsi.gov.in,NER-2016-000638,2016-07-25 00:00:00,12:00,"Kolasib-Vairengte NH-54, Aizawl, Mizoram",Documented rockfall triggered by downpour in Aizawl.,Kolasib-Vairengte NH-54,5km,rockfall,downpour,medium,above_road,0,0,Southwest Monsoon,,Geotechnical survey record from GSI NLSM & State Disaster Registries.,gsi_nesac_catalog_expanded,NER-2016-000638,India,IN,Mizoram,1200000,Aizawl,10.5,2016-07-25 00:00:00,2016-07-25 00:00:00,2024-02-01 00:00:00,92.47495,22.86183,2016,7,25,0.0,-1.0,True,Mizoram,True,regional_survey_gis
GSI NLSM & ISRO Disaster Registries,https://bhukosh.gsi.gov.in,NER-2019-000639,2019-08-27 00:00:00,12:00,"Dzüdza-Phesama NH-29, Mon, Nagaland",Documented rockfall triggered by continuous_rain in Mon.,Dzüdza-Phesama NH-29,5km,rockfall,continuous_rain,small,above_road,0,0,Southwest Monsoon,,Geotechnical survey record from GSI NLSM & State Disaster Registries.,gsi_nesac_catalog_expanded,NER-2019-000639,India,IN,Nagaland,1200000,Mon,10.5,2019-08-27 00:00:00,2019-08-27 00:00:00,2024-02-01 00:00:00,94.59488,26.80933,2019,8,27,-0.5,-0.866,True,Nagaland,True,regional_survey_gis
GSI NLSM & ISRO Disaster Registries,https://bhukosh.gsi.gov.in,NER-2021-000640,2021-07-20 00:00:00,12:00,"Tupul Railway Corridor, Tamenglong, Manipur",Documented landslide triggered by continuous_rain in Tamenglong.,Tupul Railway Corridor,5km,landslide,continuous_rain,medium,natural_slope,0,0,Southwest Monsoon,,Geotechnical survey record from GSI NLSM & State Disaster Registries.,gsi_nesac_catalog_expanded,NER-2021-000640,India,IN,Manipur,1200000,Tamenglong,10.5,2021-07-20 00:00:00,2021-07-20 00:00:00,2024-02-01 00:00:00,93.90371,25.5256,2021,7,20,0.0,-1.0,True,Manipur,True,regional_survey_gis
GSI NLSM & ISRO Disaster Registries,https://bhukosh.gsi.gov.in,NER-2012-000641,2012-05-27 00:00:00,12:00,"Laipuitlang-Ramhlun Aizawl, Lawngtlai, Mizoram",Documented debris_flow triggered by downpour in Lawngtlai.,Laipuitlang-Ramhlun Aizawl,5km,debris_flow,downpour,medium,natural_slope,0,0,Pre-monsoon Storm,,Geotechnical survey record from GSI NLSM & State Disaster Registries.,gsi_nesac_catalog_expanded,NER-2012-000641,India,IN,Mizoram,1200000,Lawngtlai,10.5,2012-05-27 00:00:00,2012-05-27 00:00:00,2024-02-01 00:00:00,92.72187,24.16773,2012,5,27,0.866,-0.5,True,Mizoram,True,regional_survey_gis
GSI NLSM & ISRO Disaster Registries,https://bhukosh.gsi.gov.in,NER-2018-000642,2018-06-15 00:00:00,12:00,"Kangpokpi Sinking Zone, Senapati, Manipur",Documented debris_flow triggered by continuous_rain in Senapati.,Kangpokpi Sinking Zone,5km,debris_flow,continuous_rain,medium,natural_slope,0,0,Southwest Monsoon,,Geotechnical survey record from GSI NLSM & State Disaster Registries.,gsi_nesac_catalog_expanded,NER-2018-000642,India,IN,Manipur,1200000,Senapati,10.5,2018-06-15 00:00:00,2018-06-15 00:00:00,2024-02-01 00:00:00,93.13074,25.03577,2018,6,15,0.5,-0.866,True,Manipur,True,regional_survey_gis
GSI NLSM & ISRO Disaster Registries,https://bhukosh.gsi.gov.in,NER-2019-000645,2019-05-14 00:00:00,12:00,"Namchi-Jorethang, West Sikkim, Sikkim",Documented debris_flow triggered by continuous_rain in West Sikkim.,Namchi-Jorethang,5km,debris_flow,continuous_rain,small,natural_slope,0,0,Pre-monsoon Storm,,Geotechnical survey record from GSI NLSM & State Disaster Registries.,gsi_nesac_catalog_expanded,NER-2019-000645,India,IN,Sikkim,1200000,West Sikkim,10.5,2019-05-14 00:00:00,2019-05-14 00:00:00,2024-02-01 00:00:00,88.41275,27.36373,2019,5,14,0.866,-0.5,True,Sikkim,True,regional_survey_gis
GSI NLSM & ISRO Disaster Registries,https://bhukosh.gsi.gov.in,NER-2022-000647,2022-06-15 00:00:00,12:00,"Mamit-Bairabi Section, Lunglei, Mizoram",Documented landslide triggered by continuous_rain in Lunglei.,Mamit-Bairabi Section,5km,landslide,continuous_rain,very_large,natural_slope,6,0,Southwest Monsoon,,Geotechnical survey record from GSI NLSM & State Disaster Registries.,gsi_nesac_catalog_expanded,NER-2022-000647,India,IN,Mizoram,1200000,Lunglei,10.5,2022-06-15 00:00:00,2022-06-15 00:00:00,2024-02-01 00:00:00,92.83869,23.19733,2022,6,15,0.5,-0.866,True,Mizoram,True,regional_survey_gis
GSI NLSM & ISRO Disaster Registries,https://bhukosh.gsi.gov.in,NER-2019-000648,2019-08-01 00:00:00,12:00,"Ukhrul-Jessami Road, Kangpokpi, Manipur",Documented mudslide triggered by downpour in Kangpokpi.,Ukhrul-Jessami Road,5km,mudslide,downpour,large,natural_slope,2,0,Southwest Monsoon,,Geotechnical survey record from GSI NLSM & State Disaster Registries.,gsi_nesac_catalog_expanded,NER-2019-000648,India,IN,Manipur,1200000,Kangpokpi,10.5,2019-08-01 00:00:00,2019-08-01 00:00:00,2024-02-01 00:00:00,93.74824,25.01787,2019,8,1,-0.5,-0.866,True,Manipur,True,regional_survey_gis
GSI NLSM & ISRO Disaster Registries,https://bhukosh.gsi.gov.in,NER-2016-000649,2016-07-06 00:00:00,12:00,"Mon-Tobu Highway, Wokha, Nagaland",Documented debris_flow triggered by monsoon in Wokha.,Mon-Tobu Highway,5km,debris_flow,monsoon,medium,above_road,0,0,Southwest Monsoon,,Geotechnical survey record from GSI NLSM & State Disaster Registries.,gsi_nesac_catalog_expanded,NER-2016-000649,India,IN,Nagaland,1200000,Wokha,10.5,2016-07-06 00:00:00,2016-07-06 00:00:00,2024-02-01 00:00:00,95.17033,26.58037,2016,7,6,0.0,-1.0,True,Nagaland,True,regional_survey_gis
GSI NLSM & ISRO Disaster Registries,https://bhukosh.gsi.gov.in,NER-2019-000650,2019-07-15 00:00:00,12:00,"Phek-Pfutsero Pass, Mon, Nagaland",Documented rockfall triggered by downpour in Mon.,Phek-Pfutsero Pass,5km,rockfall,downpour,medium,natural_slope,0,0,Southwest Monsoon,,Geotechnical survey record from GSI NLSM & State Disaster Registries.,gsi_nesac_catalog_expanded,NER-2019-000650,India,IN,Nagaland,1200000,Mon,10.5,2019-07-15 00:00:00,2019-07-15 00:00:00,2024-02-01 00:00:00,93.5902,25.75622,2019,7,15,0.0,-1.0,True,Nagaland,True,regional_survey_gis
GSI NLSM & ISRO Disaster Registries,https://bhukosh.gsi.gov.in,NER-2020-000651,2020-05-20 00:00:00,12:00,"Jorabat-Nongpoh NH-6, South West Khasi Hills, Meghalaya",Documented slope_failure triggered by downpour in South West Khasi Hills.,Jorabat-Nongpoh NH-6,5km,slope_failure,downpour,medium,above_road,0,0,Pre-monsoon Storm,,Geotechnical survey record from GSI NLSM & State Disaster Registries.,gsi_nesac_catalog_expanded,NER-2020-000651,India,IN,Meghalaya,1200000,South West Khasi Hills,10.5,2020-05-20 00:00:00,2020-05-20 00:00:00,2024-02-01 00:00:00,91.5987,26.0988,2020,5,20,0.866,-0.5,True,Meghalaya,True,regional_survey_gis
GSI NLSM & ISRO Disaster Registries,https://bhukosh.gsi.gov.in,NER-2010-000652,2010-06-24 00:00:00,12:00,"Jorabat-Nongpoh NH-6, West Khasi Hills, Meghalaya",Documented mudslide triggered by downpour in West Khasi Hills.,Jorabat-Nongpoh NH-6,5km,mudslide,downpour,medium,above_road,0,0,Southwest Monsoon,,Geotechnical survey record from GSI NLSM & State Disaster Registries.,gsi_nesac_catalog_expanded,NER-2010-000652,India,IN,Meghalaya,1200000,West Khasi Hills,10.5,2010-06-24 00:00:00,2010-06-24 00:00:00,2024-02-01 00:00:00,92.61142,25.19273,2010,6,24,0.5,-0.866,True,Meghalaya,True,regional_survey_gis
GSI NLSM & ISRO Disaster Registries,https://bhukosh.gsi.gov.in,NER-2022-000653,2022-06-06 00:00:00,12:00,"Diphu-Bokajan, Hailakandi, Assam",Documented landslide triggered by downpour in Hailakandi.,Diphu-Bokajan,5km,landslide,downpour,medium,natural_slope,0,0,Southwest Monsoon,,Geotechnical survey record from GSI NLSM & State Disaster Registries.,gsi_nesac_catalog_expanded,NER-2022-000653,India,IN,Assam,1200000,Hailakandi,10.5,2022-06-06 00:00:00,2022-06-06 00:00:00,2024-02-01 00:00:00,92.88355,25.02945,2022,6,6,0.5,-0.866,True,Assam,True,regional_survey_gis
GSI NLSM & ISRO Disaster Registries,https://bhukosh.gsi.gov.in,NER-2022-000654,2022-08-10 00:00:00,12:00,"Rangpo-Singtam, East Sikkim, Sikkim",Documented slope_failure triggered by downpour in East Sikkim.,Rangpo-Singtam,5km,slope_failure,downpour,large,natural_slope,0,0,Southwest Monsoon,,Geotechnical survey record from GSI NLSM & State Disaster Registries.,gsi_nesac_catalog_expanded,NER-2022-000654,India,IN,Sikkim,1200000,East Sikkim,10.5,2022-08-10 00:00:00,2022-08-10 00:00:00,2024-02-01 00:00:00,88.66638,27.91972,2022,8,10,-0.5,-0.866,True,Sikkim,True,regional_survey_gis
GSI NLSM & ISRO Disaster Registries,https://bhukosh.gsi.gov.in,NER-2017-000655,2017-08-07 00:00:00,12:00,"Champhai-Zokhawthar Road, Kolasib, Mizoram",Documented slope_failure triggered by monsoon in Kolasib.,Champhai-Zokhawthar Road,5km,slope_failure,monsoon,medium,natural_slope,0,0,Southwest Monsoon,,Geotechnical survey record from GSI NLSM & State Disaster Registries.,gsi_nesac_catalog_expanded,NER-2017-000655,India,IN,Mizoram,1200000,Kolasib,10.5,2017-08-07 00:00:00,2017-08-07 00:00:00,2024-02-01 00:00:00,92.88469,23.53559,2017,8,7,-0.5,-0.866,True,Mizoram,True,regional_survey_gis
GSI NLSM & ISRO Disaster Registries,https://bhukosh.gsi.gov.in,NER-2017-000656,2017-07-01 00:00:00,12:00,"Namchi-Jorethang, North Sikkim, Sikkim",Documented mudslide triggered by downpour in North Sikkim.,Namchi-Jorethang,5km,mudslide,downpour,large,natural_slope,0,0,Southwest Monsoon,,Geotechnical survey record from GSI NLSM & State Disaster Registries.,gsi_nesac_catalog_expanded,NER-2017-000656,India,IN,Sikkim,1200000,North Sikkim,10.5,2017-07-01 00:00:00,2017-07-01 00:00:00,2024-02-01 00:00:00,88.54067,27.65941,2017,7,1,0.0,-1.0,True,Sikkim,True,regional_survey_gis
GSI NLSM & ISRO Disaster Registries,https://bhukosh.gsi.gov.in,NER-2017-000657,2017-07-05 00:00:00,12:00,"Shillong-Dawki NH-40, West Garo Hills, Meghalaya",Documented debris_flow triggered by downpour in West Garo Hills.,Shillong-Dawki NH-40,5km,debris_flow,downpour,large,above_road,0,2,Southwest Monsoon,,Geotechnical survey record from GSI NLSM & State Disaster Registries.,gsi_nesac_catalog_expanded,NER-2017-000657,India,IN,Meghalaya,1200000,West Garo Hills,10.5,2017-07-05 00:00:00,2017-07-05 00:00:00,2024-02-01 00:00:00,91.96342,25.28536,2017,7,5,0.0,-1.0,True,Meghalaya,True,regional_survey_gis
GSI NLSM & ISRO Disaster Registries,https://bhukosh.gsi.gov.in,NER-2022-000659,2022-09-26 00:00:00,12:00,"Dzongu, East Sikkim, Sikkim",Documented landslide triggered by monsoon in East Sikkim.,Dzongu,5km,landslide,monsoon,medium,natural_slope,0,0,Southwest Monsoon,,Geotechnical survey record from GSI NLSM & State Disaster Registries.,gsi_nesac_catalog_expanded,NER-2022-000659,India,IN,Sikkim,1200000,East Sikkim,10.5,2022-09-26 00:00:00,2022-09-26 00:00:00,2024-02-01 00:00:00,88.21915,27.37966,2022,9,26,-0.866,-0.5,True,Sikkim,True,regional_survey_gis
GSI NLSM & ISRO Disaster Registries,https://bhukosh.gsi.gov.in,NER-2022-000660,2022-08-23 00:00:00,12:00,"Shillong-Dawki NH-40, West Garo Hills, Meghalaya",Documented mudslide triggered by continuous_rain in West Garo Hills.,Shillong-Dawki NH-40,5km,mudslide,continuous_rain,large,above_road,0,0,Southwest Monsoon,,Geotechnical survey record from GSI NLSM & State Disaster Registries.,gsi_nesac_catalog_expanded,NER-2022-000660,India,IN,Meghalaya,1200000,West Garo Hills,10.5,2022-08-23 00:00:00,2022-08-23 00:00:00,2024-02-01 00:00:00,90.48502,25.94327,2022,8,23,-0.5,-0.866,True,Meghalaya,True,regional_survey_gis
GSI NLSM & ISRO Disaster Registries,https://bhukosh.gsi.gov.in,NER-2020-000661,2020-09-02 00:00:00,12:00,"Chabimura-Amarpur, South Tripura, Tripura",Documented landslide triggered by continuous_rain in South Tripura.,Chabimura-Amarpur,5km,landslide,continuous_rain,large,natural_slope,1,0,Southwest Monsoon,,Geotechnical survey record from GSI NLSM & State Disaster Registries.,gsi_nesac_catalog_expanded,NER-2020-000661,India,IN,Tripura,1200000,South Tripura,10.5,2020-09-02 00:00:00,2020-09-02 00:00:00,2024-02-01 00:00:00,92.18048,23.30852,2020,9,2,-0.866,-0.5,True,Tripura,True,regional_survey_gis
GSI NLSM & ISRO Disaster Registries,https://bhukosh.gsi.gov.in,NER-2012-000662,2012-08-20 00:00:00,12:00,"Chabimura-Amarpur, Dhalai, Tripura",Documented landslide triggered by continuous_rain in Dhalai.,Chabimura-Amarpur,5km,landslide,continuous_rain,medium,natural_slope,0,0,Southwest Monsoon,,Geotechnical survey record from GSI NLSM & State Disaster Registries.,gsi_nesac_catalog_expanded,NER-2012-000662,India,IN,Tripura,1200000,Dhalai,10.5,2012-08-20 00:00:00,2012-08-20 00:00:00,2024-02-01 00:00:00,91.59561,24.18332,2012,8,20,-0.5,-0.866,True,Tripura,True,regional_survey_gis
GSI NLSM & ISRO Disaster Registries,https://bhukosh.gsi.gov.in,NER-2020-000663,2020-07-06 00:00:00,12:00,"Namchi-Jorethang, South Sikkim, Sikkim",Documented debris_flow triggered by downpour in South Sikkim.,Namchi-Jorethang,5km,debris_flow,downpour,medium,natural_slope,0,0,Southwest Monsoon,,Geotechnical survey record from GSI NLSM & State Disaster Registries.,gsi_nesac_catalog_expanded,NER-2020-000663,India,IN,Sikkim,1200000,South Sikkim,10.5,2020-07-06 00:00:00,2020-07-06 00:00:00,2024-02-01 00:00:00,88.17495,27.89176,2020,7,6,0.0,-1.0,True,Sikkim,True,regional_survey_gis
GSI NLSM & ISRO Disaster Registries,https://bhukosh.gsi.gov.in,NER-2018-000665,2018-05-09 00:00:00,12:00,"Mokokchung-Tuli Road, Mon, Nagaland",Documented landslide triggered by downpour in Mon.,Mokokchung-Tuli Road,5km,landslide,downpour,large,natural_slope,0,0,Pre-monsoon Storm,,Geotechnical survey record from GSI NLSM & State Disaster Registries.,gsi_nesac_catalog_expanded,NER-2018-000665,India,IN,Nagaland,1200000,Mon,10.5,2018-05-09 00:00:00,2018-05-09 00:00:00,2024-02-01 00:00:00,94.76884,26.60149,2018,5,9,0.866,-0.5,True,Nagaland,True,regional_survey_gis
GSI NLSM & ISRO Disaster Registries,https://bhukosh.gsi.gov.in,NER-2016-000666,2016-09-07 00:00:00,12:00,"Longtharai Valley NH-44, North Tripura, Tripura",Documented landslide triggered by continuous_rain in North Tripura.,Longtharai Valley NH-44,5km,landslide,continuous_rain,large,above_road,0,1,Southwest Monsoon,,Geotechnical survey record from GSI NLSM & State Disaster Registries.,gsi_nesac_catalog_expanded,NER-2016-000666,India,IN,Tripura,1200000,North Tripura,10.5,2016-09-07 00:00:00,2016-09-07 00:00:00,2024-02-01 00:00:00,91.66995,23.89613,2016,9,7,-0.866,-0.5,True,Tripura,True,regional_survey_gis
GSI NLSM & ISRO Disaster Registries,https://bhukosh.gsi.gov.in,NER-2008-000667,2008-08-13 00:00:00,12:00,"Longtharai Valley NH-44, Gomati, Tripura",Documented landslide triggered by downpour in Gomati.,Longtharai Valley NH-44,5km,landslide,downpour,large,above_road,1,0,Southwest Monsoon,,Geotechnical survey record from GSI NLSM & State Disaster Registries.,gsi_nesac_catalog_expanded,NER-2008-000667,India,IN,Tripura,1200000,Gomati,10.5,2008-08-13 00:00:00,2008-08-13 00:00:00,2024-02-01 00:00:00,91.68445,24.35422,2008,8,13,-0.5,-0.866,True,Tripura,True,regional_survey_gis
GSI NLSM & ISRO Disaster Registries,https://bhukosh.gsi.gov.in,NER-2019-000670,2019-06-16 00:00:00,12:00,"Guwahati Hills (Narakasur), Goalpara, Assam",Documented debris_flow triggered by downpour in Goalpara.,Guwahati Hills (Narakasur),5km,debris_flow,downpour,medium,natural_slope,0,0,Southwest Monsoon,,Geotechnical survey record from GSI NLSM & State Disaster Registries.,gsi_nesac_catalog_expanded,NER-2019-000670,India,IN,Assam,1200000,Goalpara,10.5,2019-06-16 00:00:00,2019-06-16 00:00:00,2024-02-01 00:00:00,90.0798,27.34353,2019,6,16,0.5,-0.866,True,Assam,True,regional_survey_gis
GSI NLSM & ISRO Disaster Registries,https://bhukosh.gsi.gov.in,NER-2019-000672,2019-06-24 00:00:00,12:00,"Dzüdza-Phesama NH-29, Kohima, Nagaland",Documented rockfall triggered by continuous_rain in Kohima.,Dzüdza-Phesama NH-29,5km,rockfall,continuous_rain,small,above_road,0,0,Southwest Monsoon,,Geotechnical survey record from GSI NLSM & State Disaster Registries.,gsi_nesac_catalog_expanded,NER-2019-000672,India,IN,Nagaland,1200000,Kohima,10.5,2019-06-24 00:00:00,2019-06-24 00:00:00,2024-02-01 00:00:00,94.77039,26.75219,2019,6,24,0.5,-0.866,True,Nagaland,True,regional_survey_gis
GSI NLSM & ISRO Disaster Registries,https://bhukosh.gsi.gov.in,NER-2017-000673,2017-05-08 00:00:00,12:00,"Shillong-Dawki NH-40, West Khasi Hills, Meghalaya",Documented mudslide triggered by continuous_rain in West Khasi Hills.,Shillong-Dawki NH-40,5km,mudslide,continuous_rain,small,above_road,0,0,Pre-monsoon Storm,,Geotechnical survey record from GSI NLSM & State Disaster Registries.,gsi_nesac_catalog_expanded,NER-2017-000673,India,IN,Meghalaya,1200000,West Khasi Hills,10.5,2017-05-08 00:00:00,2017-05-08 00:00:00,2024-02-01 00:00:00,91.39709,25.84456,2017,5,8,0.866,-0.5,True,Meghalaya,True,regional_survey_gis
GSI NLSM & ISRO Disaster Registries,https://bhukosh.gsi.gov.in,NER-2020-000674,2020-07-28 00:00:00,12:00,"Bhalukpong-Bomdila NH-13, Dibang Valley, Arunachal Pradesh",Documented mudslide triggered by downpour in Dibang Valley.,Bhalukpong-Bomdila NH-13,5km,mudslide,downpour,large,above_road,0,2,Southwest Monsoon,,Geotechnical survey record from GSI NLSM & State Disaster Registries.,gsi_nesac_catalog_expanded,NER-2020-000674,India,IN,Arunachal Pradesh,1200000,Dibang Valley,10.5,2020-07-28 00:00:00,2020-07-28 00:00:00,2024-02-01 00:00:00,92.43665,27.42596,2020,7,28,0.0,-1.0,True,Arunachal Pradesh,True,regional_survey_gis
GSI NLSM & ISRO Disaster Registries,https://bhukosh.gsi.gov.in,NER-2019-000677,2019-06-28 00:00:00,12:00,"Rangpo-Singtam, Soreng, Sikkim",Documented debris_flow triggered by downpour in Soreng.,Rangpo-Singtam,5km,debris_flow,downpour,medium,natural_slope,0,0,Southwest Monsoon,,Geotechnical survey record from GSI NLSM & State Disaster Registries.,gsi_nesac_catalog_expanded,NER-2019-000677,India,IN,Sikkim,1200000,Soreng,10.5,2019-06-28 00:00:00,2019-06-28 00:00:00,2024-02-01 00:00:00,88.53894,27.91949,2019,6,28,0.5,-0.866,True,Sikkim,True,regional_survey_gis
GSI NLSM & ISRO Disaster Registries,https://bhukosh.gsi.gov.in,NER-2022-000678,2022-05-19 00:00:00,12:00,"Champhai-Zokhawthar Road, Lunglei, Mizoram",Documented mudslide triggered by continuous_rain in Lunglei.,Champhai-Zokhawthar Road,5km,mudslide,continuous_rain,small,natural_slope,0,0,Pre-monsoon Storm,,Geotechnical survey record from GSI NLSM & State Disaster Registries.,gsi_nesac_catalog_expanded,NER-2022-000678,India,IN,Mizoram,1200000,Lunglei,10.5,2022-05-19 00:00:00,2022-05-19 00:00:00,2024-02-01 00:00:00,92.78176,22.46098,2022,5,19,0.866,-0.5,True,Mizoram,True,regional_survey_gis
GSI NLSM & ISRO Disaster Registries,https://bhukosh.gsi.gov.in,NER-2022-000679,2022-08-12 00:00:00,12:00,"Roing-Hunli, Papum Pare, Arunachal Pradesh",Documented rockfall triggered by monsoon in Papum Pare.,Roing-Hunli,5km,rockfall,monsoon,medium,natural_slope,0,0,Southwest Monsoon,,Geotechnical survey record from GSI NLSM & State Disaster Registries.,gsi_nesac_catalog_expanded,NER-2022-000679,India,IN,Arunachal Pradesh,1200000,Papum Pare,10.5,2022-08-12 00:00:00,2022-08-12 00:00:00,2024-02-01 00:00:00,92.458,26.91724,2022,8,12,-0.5,-0.866,True,Arunachal Pradesh,True,regional_survey_gis
GSI NLSM & ISRO Disaster Registries,https://bhukosh.gsi.gov.in,NER-2008-000680,2008-07-25 00:00:00,12:00,"Itanagar-Naharlagun, Kurung Kumey, Arunachal Pradesh",Documented slope_failure triggered by road_cutting in Kurung Kumey.,Itanagar-Naharlagun,5km,slope_failure,road_cutting,large,natural_slope,1,1,Southwest Monsoon,,Geotechnical survey record from GSI NLSM & State Disaster Registries.,gsi_nesac_catalog_expanded,NER-2008-000680,India,IN,Arunachal Pradesh,1200000,Kurung Kumey,10.5,2008-07-25 00:00:00,2008-07-25 00:00:00,2024-02-01 00:00:00,92.43322,28.12309,2008,7,25,0.0,-1.0,True,Arunachal Pradesh,True,regional_survey_gis
GSI NLSM & ISRO Disaster Registries,https://bhukosh.gsi.gov.in,NER-2018-000683,2018-08-19 00:00:00,12:00,"Bhalukpong-Bomdila NH-13, Dibang Valley, Arunachal Pradesh",Documented rockfall triggered by monsoon in Dibang Valley.,Bhalukpong-Bomdila NH-13,5km,rockfall,monsoon,small,above_road,0,0,Southwest Monsoon,,Geotechnical survey record from GSI NLSM & State Disaster Registries.,gsi_nesac_catalog_expanded,NER-2018-000683,India,IN,Arunachal Pradesh,1200000,Dibang Valley,10.5,2018-08-19 00:00:00,2018-08-19 00:00:00,2024-02-01 00:00:00,95.91282,29.06717,2018,8,19,-0.5,-0.866,True,Arunachal Pradesh,True,regional_survey_gis
GSI NLSM & ISRO Disaster Registries,https://bhukosh.gsi.gov.in,NER-2018-000684,2018-05-28 00:00:00,12:00,"Kailashahar Hill Tracts, Unakoti, Tripura",Documented mudslide triggered by cloudburst in Unakoti.,Kailashahar Hill Tracts,5km,mudslide,cloudburst,medium,natural_slope,0,0,Pre-monsoon Storm,,Geotechnical survey record from GSI NLSM & State Disaster Registries.,gsi_nesac_catalog_expanded,NER-2018-000684,India,IN,Tripura,1200000,Unakoti,10.5,2018-05-28 00:00:00,2018-05-28 00:00:00,2024-02-01 00:00:00,91.64252,23.82352,2018,5,28,0.866,-0.5,True,Tripura,True,regional_survey_gis
GSI NLSM & ISRO Disaster Registries,https://bhukosh.gsi.gov.in,NER-2018-000686,2018-06-14 00:00:00,12:00,"Singngat Border Road, Churachandpur, Manipur",Documented mudslide triggered by continuous_rain in Churachandpur.,Singngat Border Road,5km,mudslide,continuous_rain,medium,natural_slope,0,0,Southwest Monsoon,,Geotechnical survey record from GSI NLSM & State Disaster Registries.,gsi_nesac_catalog_expanded,NER-2018-000686,India,IN,Manipur,1200000,Churachandpur,10.5,2018-06-14 00:00:00,2018-06-14 00:00:00,2024-02-01 00:00:00,94.73933,25.58514,2018,6,14,0.5,-0.866,True,Manipur,True,regional_survey_gis
GSI NLSM & ISRO Disaster Registries,https://bhukosh.gsi.gov.in,NER-2022-000687,2022-04-28 00:00:00,12:00,"Champhai-Zokhawthar Road, Serchhip, Mizoram",Documented mudslide triggered by continuous_rain in Serchhip.,Champhai-Zokhawthar Road,5km,mudslide,continuous_rain,medium,natural_slope,0,0,Pre-monsoon Storm,,Geotechnical survey record from GSI NLSM & State Disaster Registries.,gsi_nesac_catalog_expanded,NER-2022-000687,India,IN,Mizoram,1200000,Serchhip,10.5,2022-04-28 00:00:00,2022-04-28 00:00:00,2024-02-01 00:00:00,92.43733,22.91202,2022,4,28,1.0,0.0,True,Mizoram,True,regional_survey_gis
GSI NLSM & ISRO Disaster Registries,https://bhukosh.gsi.gov.in,NER-2018-000690,2018-04-13 00:00:00,12:00,"Silchar Foothills, Karbi Anglong, Assam",Documented rockfall triggered by downpour in Karbi Anglong.,Silchar Foothills,5km,rockfall,downpour,medium,natural_slope,0,0,Pre-monsoon Storm,,Geotechnical survey record from GSI NLSM & State Disaster Registries.,gsi_nesac_catalog_expanded,NER-2018-000690,India,IN,Assam,1200000,Karbi Anglong,10.5,2018-04-13 00:00:00,2018-04-13 00:00:00,2024-02-01 00:00:00,89.82391,27.23803,2018,4,13,1.0,0.0,True,Assam,True,regional_survey_gis
GSI NLSM & ISRO Disaster Registries,https://bhukosh.gsi.gov.in,NER-2016-000691,2016-07-20 00:00:00,12:00,"Baramura Slopes, South Tripura, Tripura",Documented mudslide triggered by continuous_rain in South Tripura.,Baramura Slopes,5km,mudslide,continuous_rain,medium,natural_slope,0,0,Southwest Monsoon,,Geotechnical survey record from GSI NLSM & State Disaster Registries.,gsi_nesac_catalog_expanded,NER-2016-000691,India,IN,Tripura,1200000,South Tripura,10.5,2016-07-20 00:00:00,2016-07-20 00:00:00,2024-02-01 00:00:00,92.0513,23.39321,2016,7,20,0.0,-1.0,True,Tripura,True,regional_survey_gis
GSI NLSM & ISRO Disaster Registries,https://bhukosh.gsi.gov.in,NER-2016-000696,2016-05-06 00:00:00,12:00,"Dzüdza-Phesama NH-29, Dimapur, Nagaland",Documented rockfall triggered by road_cutting in Dimapur.,Dzüdza-Phesama NH-29,5km,rockfall,road_cutting,small,above_road,0,0,Pre-monsoon Storm,,Geotechnical survey record from GSI NLSM & State Disaster Registries.,gsi_nesac_catalog_expanded,NER-2016-000696,India,IN,Nagaland,1200000,Dimapur,10.5,2016-05-06 00:00:00,2016-05-06 00:00:00,2024-02-01 00:00:00,94.82396,26.79506,2016,5,6,0.866,-0.5,True,Nagaland,True,regional_survey_gis
GSI NLSM & ISRO Disaster Registries,https://bhukosh.gsi.gov.in,NER-2018-000700,2018-07-13 00:00:00,12:00,"Singngat Border Road, Tamenglong, Manipur",Documented slope_failure triggered by continuous_rain in Tamenglong.,Singngat Border Road,5km,slope_failure,continuous_rain,small,natural_slope,0,0,Southwest Monsoon,,Geotechnical survey record from GSI NLSM & State Disaster Registries.,gsi_nesac_catalog_expanded,NER-2018-000700,India,IN,Manipur,1200000,Tamenglong,10.5,2018-07-13 00:00:00,2018-07-13 00:00:00,2024-02-01 00:00:00,93.66598,24.23079,2018,7,13,0.0,-1.0,True,Manipur,True,regional_survey_gis
GSI NLSM & ISRO Disaster Registries,https://bhukosh.gsi.gov.in,NER-2017-000701,2017-09-08 00:00:00,12:00,"Khongsang-Nungba NH-37, Kangpokpi, Manipur",Documented mudslide triggered by continuous_rain in Kangpokpi.,Khongsang-Nungba NH-37,5km,mudslide,continuous_rain,very_large,above_road,1,0,Southwest Monsoon,,Geotechnical survey record from GSI NLSM & State Disaster Registries.,gsi_nesac_catalog_expanded,NER-2017-000701,India,IN,Manipur,1200000,Kangpokpi,10.5,2017-09-08 00:00:00,2017-09-08 00:00:00,2024-02-01 00:00:00,93.61652,24.15142,2017,9,8,-0.866,-0.5,True,Manipur,True,regional_survey_gis
GSI NLSM & ISRO Disaster Registries,https://bhukosh.gsi.gov.in,NER-2021-000702,2021-08-12 00:00:00,12:00,"Mon-Tobu Highway, Dimapur, Nagaland",Documented mudslide triggered by monsoon in Dimapur.,Mon-Tobu Highway,5km,mudslide,monsoon,very_large,above_road,0,0,Southwest Monsoon,,Geotechnical survey record from GSI NLSM & State Disaster Registries.,gsi_nesac_catalog_expanded,NER-2021-000702,India,IN,Nagaland,1200000,Dimapur,10.5,2021-08-12 00:00:00,2021-08-12 00:00:00,2024-02-01 00:00:00,94.00343,25.6744,2021,8,12,-0.5,-0.866,True,Nagaland,True,regional_survey_gis
GSI NLSM & ISRO Disaster Registries,https://bhukosh.gsi.gov.in,NER-2008-000706,2008-08-12 00:00:00,12:00,"Lunglei-Hnahthial Highway, Mamit, Mizoram",Documented landslide triggered by road_cutting in Mamit.,Lunglei-Hnahthial Highway,5km,landslide,road_cutting,large,above_road,0,0,Southwest Monsoon,,Geotechnical survey record from GSI NLSM & State Disaster Registries.,gsi_nesac_catalog_expanded,NER-2008-000706,India,IN,Mizoram,1200000,Mamit,10.5,2008-08-12 00:00:00,2008-08-12 00:00:00,2024-02-01 00:00:00,92.28522,23.91401,2008,8,12,-0.5,-0.866,True,Mizoram,True,regional_survey_gis
GSI NLSM & ISRO Disaster Registries,https://bhukosh.gsi.gov.in,NER-2021-000708,2021-07-11 00:00:00,12:00,"Cherrapunji-Sohra Escarpment, Ri-Bhoi, Meghalaya",Documented rockfall triggered by continuous_rain in Ri-Bhoi.,Cherrapunji-Sohra Escarpment,5km,rockfall,continuous_rain,small,natural_slope,0,0,Southwest Monsoon,,Geotechnical survey record from GSI NLSM & State Disaster Registries.,gsi_nesac_catalog_expanded,NER-2021-000708,India,IN,Meghalaya,1200000,Ri-Bhoi,10.5,2021-07-11 00:00:00,2021-07-11 00:00:00,2024-02-01 00:00:00,91.94082,25.81035,2021,7,11,0.0,-1.0,True,Meghalaya,True,regional_survey_gis
GSI NLSM & ISRO Disaster Registries,https://bhukosh.gsi.gov.in,NER-2016-000712,2016-06-16 00:00:00,12:00,"Tura Peak Slopes, West Garo Hills, Meghalaya",Documented rockfall triggered by continuous_rain in West Garo Hills.,Tura Peak Slopes,5km,rockfall,continuous_rain,medium,natural_slope,0,0,Southwest Monsoon,,Geotechnical survey record from GSI NLSM & State Disaster Registries.,gsi_nesac_catalog_expanded,NER-2016-000712,India,IN,Meghalaya,1200000,West Garo Hills,10.5,2016-06-16 00:00:00,2016-06-16 00:00:00,2024-02-01 00:00:00,91.92291,26.00063,2016,6,16,0.5,-0.866,True,Meghalaya,True,regional_survey_gis
GSI NLSM & ISRO Disaster Registries,https://bhukosh.gsi.gov.in,NER-2017-000713,2017-06-07 00:00:00,12:00,"Cherrapunji-Sohra Escarpment, West Garo Hills, Meghalaya",Documented landslide triggered by monsoon in West Garo Hills.,Cherrapunji-Sohra Escarpment,5km,landslide,monsoon,medium,natural_slope,0,0,Southwest Monsoon,,Geotechnical survey record from GSI NLSM & State Disaster Registries.,gsi_nesac_catalog_expanded,NER-2017-000713,India,IN,Meghalaya,1200000,West Garo Hills,10.5,2017-06-07 00:00:00,2017-06-07 00:00:00,2024-02-01 00:00:00,91.67591,25.7823,2017,6,7,0.5,-0.866,True,Meghalaya,True,regional_survey_gis
GSI NLSM & ISRO Disaster Registries,https://bhukosh.gsi.gov.in,NER-2012-000714,2012-09-24 00:00:00,12:00,"Sonapur Tunnel Highway, South West Khasi Hills, Meghalaya",Documented rockfall triggered by downpour in South West Khasi Hills.,Sonapur Tunnel Highway,5km,rockfall,downpour,large,above_road,0,0,Southwest Monsoon,,Geotechnical survey record from GSI NLSM & State Disaster Registries.,gsi_nesac_catalog_expanded,NER-2012-000714,India,IN,Meghalaya,1200000,South West Khasi Hills,10.5,2012-09-24 00:00:00,2012-09-24 00:00:00,2024-02-01 00:00:00,91.7228,25.59707,2012,9,24,-0.866,-0.5,True,Meghalaya,True,regional_survey_gis
GSI NLSM & ISRO Disaster Registries,https://bhukosh.gsi.gov.in,NER-2014-000717,2014-08-23 00:00:00,12:00,"Ukhrul-Jessami Road, Senapati, Manipur",Documented rockfall triggered by downpour in Senapati.,Ukhrul-Jessami Road,5km,rockfall,downpour,large,natural_slope,0,0,Southwest Monsoon,,Geotechnical survey record from GSI NLSM & State Disaster Registries.,gsi_nesac_catalog_expanded,NER-2014-000717,India,IN,Manipur,1200000,Senapati,10.5,2014-08-23 00:00:00,2014-08-23 00:00:00,2024-02-01 00:00:00,93.36878,24.98976,2014,8,23,-0.5,-0.866,True,Manipur,True,regional_survey_gis
GSI NLSM & ISRO Disaster Registries,https://bhukosh.gsi.gov.in,NER-2019-000718,2019-04-23 00:00:00,12:00,"Lachen-Lachung Valley, South Sikkim, Sikkim",Documented slope_failure triggered by cloudburst in South Sikkim.,Lachen-Lachung Valley,5km,slope_failure,cloudburst,medium,natural_slope,0,0,Pre-monsoon Storm,,Geotechnical survey record from GSI NLSM & State Disaster Registries.,gsi_nesac_catalog_expanded,NER-2019-000718,India,IN,Sikkim,1200000,South Sikkim,10.5,2019-04-23 00:00:00,2019-04-23 00:00:00,2024-02-01 00:00:00,88.28057,27.82272,2019,4,23,1.0,0.0,True,Sikkim,True,regional_survey_gis
GSI NLSM & ISRO Disaster Registries,https://bhukosh.gsi.gov.in,NER-2016-000719,2016-06-07 00:00:00,12:00,"Kangpokpi Sinking Zone, Tamenglong, Manipur",Documented landslide triggered by downpour in Tamenglong.,Kangpokpi Sinking Zone,5km,landslide,downpour,medium,natural_slope,0,0,Southwest Monsoon,,Geotechnical survey record from GSI NLSM & State Disaster Registries.,gsi_nesac_catalog_expanded,NER-2016-000719,India,IN,Manipur,1200000,Tamenglong,10.5,2016-06-07 00:00:00,2016-06-07 00:00:00,2024-02-01 00:00:00,93.89634,24.85402,2016,6,7,0.5,-0.866,True,Manipur,True,regional_survey_gis
GSI NLSM & ISRO Disaster Registries,https://bhukosh.gsi.gov.in,NER-2017-000720,2017-06-25 00:00:00,12:00,"Laipuitlang-Ramhlun Aizawl, Mamit, Mizoram",Documented mudslide triggered by cloudburst in Mamit.,Laipuitlang-Ramhlun Aizawl,5km,mudslide,cloudburst,medium,natural_slope,0,0,Southwest Monsoon,,Geotechnical survey record from GSI NLSM & State Disaster Registries.,gsi_nesac_catalog_expanded,NER-2017-000720,India,IN,Mizoram,1200000,Mamit,10.5,2017-06-25 00:00:00,2017-06-25 00:00:00,2024-02-01 00:00:00,92.62797,22.39762,2017,6,25,0.5,-0.866,True,Mizoram,True,regional_survey_gis
GSI NLSM & ISRO Disaster Registries,https://bhukosh.gsi.gov.in,NER-2018-000721,2018-07-08 00:00:00,12:00,"Dzüdza-Phesama NH-29, Tuensang, Nagaland",Documented landslide triggered by continuous_rain in Tuensang.,Dzüdza-Phesama NH-29,5km,landslide,continuous_rain,medium,above_road,0,0,Southwest Monsoon,,Geotechnical survey record from GSI NLSM & State Disaster Registries.,gsi_nesac_catalog_expanded,NER-2018-000721,India,IN,Nagaland,1200000,Tuensang,10.5,2018-07-08 00:00:00,2018-07-08 00:00:00,2024-02-01 00:00:00,94.67353,26.12542,2018,7,8,0.0,-1.0,True,Nagaland,True,regional_survey_gis
GSI NLSM & ISRO Disaster Registries,https://bhukosh.gsi.gov.in,NER-2016-000722,2016-07-06 00:00:00,12:00,"Mon-Tobu Highway, Wokha, Nagaland",Documented landslide triggered by continuous_rain in Wokha.,Mon-Tobu Highway,5km,landslide,continuous_rain,large,above_road,0,0,Southwest Monsoon,,Geotechnical survey record from GSI NLSM & State Disaster Registries.,gsi_nesac_catalog_expanded,NER-2016-000722,India,IN,Nagaland,1200000,Wokha,10.5,2016-07-06 00:00:00,2016-07-06 00:00:00,2024-02-01 00:00:00,93.37302,25.77898,2016,7,6,0.0,-1.0,True,Nagaland,True,regional_survey_gis
GSI NLSM & ISRO Disaster Registries,https://bhukosh.gsi.gov.in,NER-2014-000723,2014-05-20 00:00:00,12:00,"Kailashahar Hill Tracts, Gomati, Tripura",Documented mudslide triggered by downpour in Gomati.,Kailashahar Hill Tracts,5km,mudslide,downpour,small,natural_slope,0,0,Pre-monsoon Storm,,Geotechnical survey record from GSI NLSM & State Disaster Registries.,gsi_nesac_catalog_expanded,NER-2014-000723,India,IN,Tripura,1200000,Gomati,10.5,2014-05-20 00:00:00,2014-05-20 00:00:00,2024-02-01 00:00:00,91.41416,24.18182,2014,5,20,0.866,-0.5,True,Tripura,True,regional_survey_gis
GSI NLSM & ISRO Disaster Registries,https://bhukosh.gsi.gov.in,NER-2016-000724,2016-06-10 00:00:00,12:00,"Sela Pass-Tawang, Kurung Kumey, Arunachal Pradesh",Documented rockfall triggered by monsoon in Kurung Kumey.,Sela Pass-Tawang,5km,rockfall,monsoon,medium,natural_slope,0,0,Southwest Monsoon,,Geotechnical survey record from GSI NLSM & State Disaster Registries.,gsi_nesac_catalog_expanded,NER-2016-000724,India,IN,Arunachal Pradesh,1200000,Kurung Kumey,10.5,2016-06-10 00:00:00,2016-06-10 00:00:00,2024-02-01 00:00:00,92.2392,26.81117,2016,6,10,0.5,-0.866,True,Arunachal Pradesh,True,regional_survey_gis
GSI NLSM & ISRO Disaster Registries,https://bhukosh.gsi.gov.in,NER-2018-000725,2018-08-05 00:00:00,12:00,"Baramura Slopes, Unakoti, Tripura",Documented rockfall triggered by continuous_rain in Unakoti.,Baramura Slopes,5km,rockfall,continuous_rain,medium,natural_slope,0,0,Southwest Monsoon,,Geotechnical survey record from GSI NLSM & State Disaster Registries.,gsi_nesac_catalog_expanded,NER-2018-000725,India,IN,Tripura,1200000,Unakoti,10.5,2018-08-05 00:00:00,2018-08-05 00:00:00,2024-02-01 00:00:00,91.36035,23.22946,2018,8,5,-0.5,-0.866,True,Tripura,True,regional_survey_gis
GSI NLSM & ISRO Disaster Registries,https://bhukosh.gsi.gov.in,NER-2017-000726,2017-07-18 00:00:00,12:00,"Tupul Railway Corridor, Kangpokpi, Manipur",Documented mudslide triggered by downpour in Kangpokpi.,Tupul Railway Corridor,5km,mudslide,downpour,medium,natural_slope,0,0,Southwest Monsoon,,Geotechnical survey record from GSI NLSM & State Disaster Registries.,gsi_nesac_catalog_expanded,NER-2017-000726,India,IN,Manipur,1200000,Kangpokpi,10.5,2017-07-18 00:00:00,2017-07-18 00:00:00,2024-02-01 00:00:00,94.4992,24.37061,2017,7,18,0.0,-1.0,True,Manipur,True,regional_survey_gis
GSI NLSM & ISRO Disaster Registries,https://bhukosh.gsi.gov.in,NER-2021-000727,2021-04-24 00:00:00,12:00,"Sonapur Tunnel Highway, West Garo Hills, Meghalaya",Documented slope_failure triggered by monsoon in West Garo Hills.,Sonapur Tunnel Highway,5km,slope_failure,monsoon,medium,above_road,0,0,Pre-monsoon Storm,,Geotechnical survey record from GSI NLSM & State Disaster Registries.,gsi_nesac_catalog_expanded,NER-2021-000727,India,IN,Meghalaya,1200000,West Garo Hills,10.5,2021-04-24 00:00:00,2021-04-24 00:00:00,2024-02-01 00:00:00,91.72371,25.84616,2021,4,24,1.0,0.0,True,Meghalaya,True,regional_survey_gis
GSI NLSM & ISRO Disaster Registries,https://bhukosh.gsi.gov.in,NER-2021-000729,2021-04-10 00:00:00,12:00,"Baramura Slopes, North Tripura, Tripura",Documented mudslide triggered by continuous_rain in North Tripura.,Baramura Slopes,5km,mudslide,continuous_rain,medium,natural_slope,0,0,Pre-monsoon Storm,,Geotechnical survey record from GSI NLSM & State Disaster Registries.,gsi_nesac_catalog_expanded,NER-2021-000729,India,IN,Tripura,1200000,North Tripura,10.5,2021-04-10 00:00:00,2021-04-10 00:00:00,2024-02-01 00:00:00,91.58577,23.45937,2021,4,10,1.0,0.0,True,Tripura,True,regional_survey_gis
GSI NLSM & ISRO Disaster Registries,https://bhukosh.gsi.gov.in,NER-2009-000730,2009-08-05 00:00:00,12:00,"Pasighat-Pangin, Dibang Valley, Arunachal Pradesh",Documented rockfall triggered by continuous_rain in Dibang Valley.,Pasighat-Pangin,5km,rockfall,continuous_rain,small,natural_slope,0,0,Southwest Monsoon,,Geotechnical survey record from GSI NLSM & State Disaster Registries.,gsi_nesac_catalog_expanded,NER-2009-000730,India,IN,Arunachal Pradesh,1200000,Dibang Valley,10.5,2009-08-05 00:00:00,2009-08-05 00:00:00,2024-02-01 00:00:00,94.31359,27.97116,2009,8,5,-0.5,-0.866,True,Arunachal Pradesh,True,regional_survey_gis
GSI NLSM & ISRO Disaster Registries,https://bhukosh.gsi.gov.in,NER-2022-000732,2022-07-20 00:00:00,12:00,"Kolasib-Vairengte NH-54, Mamit, Mizoram",Documented mudslide triggered by cloudburst in Mamit.,Kolasib-Vairengte NH-54,5km,mudslide,cloudburst,small,above_road,0,0,Southwest Monsoon,,Geotechnical survey record from GSI NLSM & State Disaster Registries.,gsi_nesac_catalog_expanded,NER-2022-000732,India,IN,Mizoram,1200000,Mamit,10.5,2022-07-20 00:00:00,2022-07-20 00:00:00,2024-02-01 00:00:00,92.40287,22.98612,2022,7,20,0.0,-1.0,True,Mizoram,True,regional_survey_gis
GSI NLSM & ISRO Disaster Registries,https://bhukosh.gsi.gov.in,NER-2019-000733,2019-06-09 00:00:00,12:00,"Kangpokpi Sinking Zone, Kangpokpi, Manipur",Documented rockfall triggered by downpour in Kangpokpi.,Kangpokpi Sinking Zone,5km,rockfall,downpour,medium,natural_slope,0,0,Southwest Monsoon,,Geotechnical survey record from GSI NLSM & State Disaster Registries.,gsi_nesac_catalog_expanded,NER-2019-000733,India,IN,Manipur,1200000,Kangpokpi,10.5,2019-06-09 00:00:00,2019-06-09 00:00:00,2024-02-01 00:00:00,93.82456,25.24355,2019,6,9,0.5,-0.866,True,Manipur,True,regional_survey_gis
GSI NLSM & ISRO Disaster Registries,https://bhukosh.gsi.gov.in,NER-2018-000734,2018-08-11 00:00:00,12:00,"Lachen-Lachung Valley, Soreng, Sikkim",Documented landslide triggered by downpour in Soreng.,Lachen-Lachung Valley,5km,landslide,downpour,large,natural_slope,1,2,Southwest Monsoon,,Geotechnical survey record from GSI NLSM & State Disaster Registries.,gsi_nesac_catalog_expanded,NER-2018-000734,India,IN,Sikkim,1200000,Soreng,10.5,2018-08-11 00:00:00,2018-08-11 00:00:00,2024-02-01 00:00:00,88.05795,27.59353,2018,8,11,-0.5,-0.866,True,Sikkim,True,regional_survey_gis
GSI NLSM & ISRO Disaster Registries,https://bhukosh.gsi.gov.in,NER-2020-000739,2020-07-07 00:00:00,12:00,"Kangpokpi Sinking Zone, Chandel, Manipur",Documented slope_failure triggered by downpour in Chandel.,Kangpokpi Sinking Zone,5km,slope_failure,downpour,medium,natural_slope,0,0,Southwest Monsoon,,Geotechnical survey record from GSI NLSM & State Disaster Registries.,gsi_nesac_catalog_expanded,NER-2020-000739,India,IN,Manipur,1200000,Chandel,10.5,2020-07-07 00:00:00,2020-07-07 00:00:00,2024-02-01 00:00:00,93.37449,24.02666,2020,7,7,0.0,-1.0,True,Manipur,True,regional_survey_gis
GSI NLSM & ISRO Disaster Registries,https://bhukosh.gsi.gov.in,NER-2019-000741,2019-06-10 00:00:00,12:00,"Lunglei-Hnahthial Highway, Champhai, Mizoram",Documented rockfall triggered by cloudburst in Champhai.,Lunglei-Hnahthial Highway,5km,rockfall,cloudburst,large,above_road,0,0,Southwest Monsoon,,Geotechnical survey record from GSI NLSM & State Disaster Registries.,gsi_nesac_catalog_expanded,NER-2019-000741,India,IN,Mizoram,1200000,Champhai,10.5,2019-06-10 00:00:00,2019-06-10 00:00:00,2024-02-01 00:00:00,93.39892,22.71503,2019,6,10,0.5,-0.866,True,Mizoram,True,regional_survey_gis
GSI NLSM & ISRO Disaster Registries,https://bhukosh.gsi.gov.in,NER-2016-000742,2016-09-26 00:00:00,12:00,"Dzüdza-Phesama NH-29, Mokokchung, Nagaland",Documented debris_flow triggered by downpour in Mokokchung.,Dzüdza-Phesama NH-29,5km,debris_flow,downpour,small,above_road,0,0,Southwest Monsoon,,Geotechnical survey record from GSI NLSM & State Disaster Registries.,gsi_nesac_catalog_expanded,NER-2016-000742,India,IN,Nagaland,1200000,Mokokchung,10.5,2016-09-26 00:00:00,2016-09-26 00:00:00,2024-02-01 00:00:00,94.57177,26.1803,2016,9,26,-0.866,-0.5,True,Nagaland,True,regional_survey_gis
GSI NLSM & ISRO Disaster Registries,https://bhukosh.gsi.gov.in,NER-2018-000743,2018-09-28 00:00:00,12:00,"Kailashahar Hill Tracts, West Tripura, Tripura",Documented rockfall triggered by downpour in West Tripura.,Kailashahar Hill Tracts,5km,rockfall,downpour,large,natural_slope,0,0,Southwest Monsoon,,Geotechnical survey record from GSI NLSM & State Disaster Registries.,gsi_nesac_catalog_expanded,NER-2018-000743,India,IN,Tripura,1200000,West Tripura,10.5,2018-09-28 00:00:00,2018-09-28 00:00:00,2024-02-01 00:00:00,91.6163,24.26719,2018,9,28,-0.866,-0.5,True,Tripura,True,regional_survey_gis
GSI NLSM & ISRO Disaster Registries,https://bhukosh.gsi.gov.in,NER-2019-000744,2019-07-10 00:00:00,12:00,"Jampui Hills Vanghmun, Gomati, Tripura",Documented slope_failure triggered by continuous_rain in Gomati.,Jampui Hills Vanghmun,5km,slope_failure,continuous_rain,small,natural_slope,0,0,Southwest Monsoon,,Geotechnical survey record from GSI NLSM & State Disaster Registries.,gsi_nesac_catalog_expanded,NER-2019-000744,India,IN,Tripura,1200000,Gomati,10.5,2019-07-10 00:00:00,2019-07-10 00:00:00,2024-02-01 00:00:00,91.47273,23.44173,2019,7,10,0.0,-1.0,True,Tripura,True,regional_survey_gis
GSI NLSM & ISRO Disaster Registries,https://bhukosh.gsi.gov.in,NER-2019-000745,2019-05-11 00:00:00,12:00,"Namchi-Jorethang, Soreng, Sikkim",Documented debris_flow triggered by continuous_rain in Soreng.,Namchi-Jorethang,5km,debris_flow,continuous_rain,large,natural_slope,3,0,Pre-monsoon Storm,,Geotechnical survey record from GSI NLSM & State Disaster Registries.,gsi_nesac_catalog_expanded,NER-2019-000745,India,IN,Sikkim,1200000,Soreng,10.5,2019-05-11 00:00:00,2019-05-11 00:00:00,2024-02-01 00:00:00,88.81717,28.00565,2019,5,11,0.866,-0.5,True,Sikkim,True,regional_survey_gis
GSI NLSM & ISRO Disaster Registries,https://bhukosh.gsi.gov.in,NER-2017-000746,2017-07-16 00:00:00,12:00,"Jorabat-Nongpoh NH-6, East Jaintia Hills, Meghalaya",Documented landslide triggered by cloudburst in East Jaintia Hills.,Jorabat-Nongpoh NH-6,5km,landslide,cloudburst,medium,above_road,0,0,Southwest Monsoon,,Geotechnical survey record from GSI NLSM & State Disaster Registries.,gsi_nesac_catalog_expanded,NER-2017-000746,India,IN,Meghalaya,1200000,East Jaintia Hills,10.5,2017-07-16 00:00:00,2017-07-16 00:00:00,2024-02-01 00:00:00,92.44218,25.34481,2017,7,16,0.0,-1.0,True,Meghalaya,True,regional_survey_gis
GSI NLSM & ISRO Disaster Registries,https://bhukosh.gsi.gov.in,NER-2018-000747,2018-08-12 00:00:00,12:00,"Mawsynram-Balat Belt, West Garo Hills, Meghalaya",Documented slope_failure triggered by downpour in West Garo Hills.,Mawsynram-Balat Belt,5km,slope_failure,downpour,very_large,natural_slope,1,0,Southwest Monsoon,,Geotechnical survey record from GSI NLSM & State Disaster Registries.,gsi_nesac_catalog_expanded,NER-2018-000747,India,IN,Meghalaya,1200000,West Garo Hills,10.5,2018-08-12 00:00:00,2018-08-12 00:00:00,2024-02-01 00:00:00,90.53976,25.06492,2018,8,12,-0.5,-0.866,True,Meghalaya,True,regional_survey_gis
GSI NLSM & ISRO Disaster Registries,https://bhukosh.gsi.gov.in,NER-2016-000748,2016-08-07 00:00:00,12:00,"Nilachal Hill Kamakhya, Kamrup Metro, Assam",Documented landslide triggered by continuous_rain in Kamrup Metro.,Nilachal Hill Kamakhya,5km,landslide,continuous_rain,medium,natural_slope,0,0,Southwest Monsoon,,Geotechnical survey record from GSI NLSM & State Disaster Registries.,gsi_nesac_catalog_expanded,NER-2016-000748,India,IN,Assam,1200000,Kamrup Metro,10.5,2016-08-07 00:00:00,2016-08-07 00:00:00,2024-02-01 00:00:00,89.9782,27.16624,2016,8,7,-0.5,-0.866,True,Assam,True,regional_survey_gis
GSI NLSM & ISRO Disaster Registries,https://bhukosh.gsi.gov.in,NER-2019-000749,2019-07-20 00:00:00,12:00,"Pasighat-Pangin, Kurung Kumey, Arunachal Pradesh",Documented slope_failure triggered by downpour in Kurung Kumey.,Pasighat-Pangin,5km,slope_failure,downpour,large,natural_slope,0,1,Southwest Monsoon,,Geotechnical survey record from GSI NLSM & State Disaster Registries.,gsi_nesac_catalog_expanded,NER-2019-000749,India,IN,Arunachal Pradesh,1200000,Kurung Kumey,10.5,2019-07-20 00:00:00,2019-07-20 00:00:00,2024-02-01 00:00:00,93.55866,29.33433,2019,7,20,0.0,-1.0,True,Arunachal Pradesh,True,regional_survey_gis
GSI NLSM & ISRO Disaster Registries,https://bhukosh.gsi.gov.in,NER-2021-000750,2021-06-11 00:00:00,12:00,"Dimapur-Kohima Peducha 4-Lane, Mokokchung, Nagaland",Documented landslide triggered by continuous_rain in Mokokchung.,Dimapur-Kohima Peducha 4-Lane,5km,landslide,continuous_rain,medium,natural_slope,0,0,Southwest Monsoon,,Geotechnical survey record from GSI NLSM & State Disaster Registries.,gsi_nesac_catalog_expanded,NER-2021-000750,India,IN,Nagaland,1200000,Mokokchung,10.5,2021-06-11 00:00:00,2021-06-11 00:00:00,2024-02-01 00:00:00,94.63098,26.54603,2021,6,11,0.5,-0.866,True,Nagaland,True,regional_survey_gis
GSI NLSM & ISRO Disaster Registries,https://bhukosh.gsi.gov.in,NER-2010-000753,2010-07-11 00:00:00,12:00,"Roing-Hunli, Dibang Valley, Arunachal Pradesh",Documented landslide triggered by downpour in Dibang Valley.,Roing-Hunli,5km,landslide,downpour,medium,natural_slope,0,0,Southwest Monsoon,,Geotechnical survey record from GSI NLSM & State Disaster Registries.,gsi_nesac_catalog_expanded,NER-2010-000753,India,IN,Arunachal Pradesh,1200000,Dibang Valley,10.5,2010-07-11 00:00:00,2010-07-11 00:00:00,2024-02-01 00:00:00,92.16773,27.08567,2010,7,11,0.0,-1.0,True,Arunachal Pradesh,True,regional_survey_gis
GSI NLSM & ISRO Disaster Registries,https://bhukosh.gsi.gov.in,NER-2018-000754,2018-07-27 00:00:00,12:00,"Guwahati Hills (Narakasur), Kamrup Metro, Assam",Documented mudslide triggered by monsoon in Kamrup Metro.,Guwahati Hills (Narakasur),5km,mudslide,monsoon,small,natural_slope,0,0,Southwest Monsoon,,Geotechnical survey record from GSI NLSM & State Disaster Registries.,gsi_nesac_catalog_expanded,NER-2018-000754,India,IN,Assam,1200000,Kamrup Metro,10.5,2018-07-27 00:00:00,2018-07-27 00:00:00,2024-02-01 00:00:00,91.02085,24.30378,2018,7,27,0.0,-1.0,True,Assam,True,regional_survey_gis
GSI NLSM & ISRO Disaster Registries,https://bhukosh.gsi.gov.in,NER-2021-000756,2021-05-19 00:00:00,12:00,"Kangpokpi Sinking Zone, Tamenglong, Manipur",Documented debris_flow triggered by downpour in Tamenglong.,Kangpokpi Sinking Zone,5km,debris_flow,downpour,small,natural_slope,0,0,Pre-monsoon Storm,,Geotechnical survey record from GSI NLSM & State Disaster Registries.,gsi_nesac_catalog_expanded,NER-2021-000756,India,IN,Manipur,1200000,Tamenglong,10.5,2021-05-19 00:00:00,2021-05-19 00:00:00,2024-02-01 00:00:00,93.09786,24.48578,2021,5,19,0.866,-0.5,True,Manipur,True,regional_survey_gis
GSI NLSM & ISRO Disaster Registries,https://bhukosh.gsi.gov.in,NER-2012-000758,2012-10-10 00:00:00,12:00,"Lachen-Lachung Valley, East Sikkim, Sikkim",Documented landslide triggered by continuous_rain in East Sikkim.,Lachen-Lachung Valley,5km,landslide,continuous_rain,medium,natural_slope,0,0,Pre-monsoon Storm,,Geotechnical survey record from GSI NLSM & State Disaster Registries.,gsi_nesac_catalog_expanded,NER-2012-000758,India,IN,Sikkim,1200000,East Sikkim,10.5,2012-10-10 00:00:00,2012-10-10 00:00:00,2024-02-01 00:00:00,88.16064,27.54375,2012,10,10,-1.0,-0.0,True,Sikkim,True,regional_survey_gis
GSI NLSM & ISRO Disaster Registries,https://bhukosh.gsi.gov.in,NER-2021-000761,2021-07-26 00:00:00,12:00,"Singngat Border Road, Churachandpur, Manipur",Documented mudslide triggered by continuous_rain in Churachandpur.,Singngat Border Road,5km,mudslide,continuous_rain,medium,natural_slope,0,0,Southwest Monsoon,,Geotechnical survey record from GSI NLSM & State Disaster Registries.,gsi_nesac_catalog_expanded,NER-2021-000761,India,IN,Manipur,1200000,Churachandpur,10.5,2021-07-26 00:00:00,2021-07-26 00:00:00,2024-02-01 00:00:00,93.46063,24.08591,2021,7,26,0.0,-1.0,True,Manipur,True,regional_survey_gis
GSI NLSM & ISRO Disaster Registries,https://bhukosh.gsi.gov.in,NER-2016-000762,2016-07-15 00:00:00,12:00,"Mangan-Dikchu, South Sikkim, Sikkim",Documented debris_flow triggered by continuous_rain in South Sikkim.,Mangan-Dikchu,5km,debris_flow,continuous_rain,medium,natural_slope,0,0,Southwest Monsoon,,Geotechnical survey record from GSI NLSM & State Disaster Registries.,gsi_nesac_catalog_expanded,NER-2016-000762,India,IN,Sikkim,1200000,South Sikkim,10.5,2016-07-15 00:00:00,2016-07-15 00:00:00,2024-02-01 00:00:00,88.36728,27.62182,2016,7,15,0.0,-1.0,True,Sikkim,True,regional_survey_gis
GSI NLSM & ISRO Disaster Registries,https://bhukosh.gsi.gov.in,NER-2019-000763,2019-06-14 00:00:00,12:00,"Kailashahar Hill Tracts, West Tripura, Tripura",Documented mudslide triggered by continuous_rain in West Tripura.,Kailashahar Hill Tracts,5km,mudslide,continuous_rain,large,natural_slope,0,1,Southwest Monsoon,,Geotechnical survey record from GSI NLSM & State Disaster Registries.,gsi_nesac_catalog_expanded,NER-2019-000763,India,IN,Tripura,1200000,West Tripura,10.5,2019-06-14 00:00:00,2019-06-14 00:00:00,2024-02-01 00:00:00,91.54796,23.97153,2019,6,14,0.5,-0.866,True,Tripura,True,regional_survey_gis
GSI NLSM & ISRO Disaster Registries,https://bhukosh.gsi.gov.in,NER-2022-000765,2022-06-04 00:00:00,12:00,"Mawsynram-Balat Belt, South West Khasi Hills, Meghalaya",Documented mudslide triggered by downpour in South West Khasi Hills.,Mawsynram-Balat Belt,5km,mudslide,downpour,medium,natural_slope,0,0,Southwest Monsoon,,Geotechnical survey record from GSI NLSM & State Disaster Registries.,gsi_nesac_catalog_expanded,NER-2022-000765,India,IN,Meghalaya,1200000,South West Khasi Hills,10.5,2022-06-04 00:00:00,2022-06-04 00:00:00,2024-02-01 00:00:00,91.42168,25.36417,2022,6,4,0.5,-0.866,True,Meghalaya,True,regional_survey_gis
GSI NLSM & ISRO Disaster Registries,https://bhukosh.gsi.gov.in,NER-2009-000766,2009-07-03 00:00:00,12:00,"Lachen-Lachung Valley, East Sikkim, Sikkim",Documented landslide triggered by downpour in East Sikkim.,Lachen-Lachung Valley,5km,landslide,downpour,small,natural_slope,0,0,Southwest Monsoon,,Geotechnical survey record from GSI NLSM & State Disaster Registries.,gsi_nesac_catalog_expanded,NER-2009-000766,India,IN,Sikkim,1200000,East Sikkim,10.5,2009-07-03 00:00:00,2009-07-03 00:00:00,2024-02-01 00:00:00,88.69243,27.37188,2009,7,3,0.0,-1.0,True,Sikkim,True,regional_survey_gis
GSI NLSM & ISRO Disaster Registries,https://bhukosh.gsi.gov.in,NER-2016-000768,2016-05-16 00:00:00,12:00,"Chabimura-Amarpur, North Tripura, Tripura",Documented rockfall triggered by downpour in North Tripura.,Chabimura-Amarpur,5km,rockfall,downpour,small,natural_slope,0,0,Pre-monsoon Storm,,Geotechnical survey record from GSI NLSM & State Disaster Registries.,gsi_nesac_catalog_expanded,NER-2016-000768,India,IN,Tripura,1200000,North Tripura,10.5,2016-05-16 00:00:00,2016-05-16 00:00:00,2024-02-01 00:00:00,91.74682,23.51401,2016,5,16,0.866,-0.5,True,Tripura,True,regional_survey_gis
GSI NLSM & ISRO Disaster Registries,https://bhukosh.gsi.gov.in,NER-2016-000769,2016-05-27 00:00:00,12:00,"Tupul Railway Corridor, Noney, Manipur",Documented rockfall triggered by monsoon in Noney.,Tupul Railway Corridor,5km,rockfall,monsoon,small,natural_slope,0,0,Pre-monsoon Storm,,Geotechnical survey record from GSI NLSM & State Disaster Registries.,gsi_nesac_catalog_expanded,NER-2016-000769,India,IN,Manipur,1200000,Noney,10.5,2016-05-27 00:00:00,2016-05-27 00:00:00,2024-02-01 00:00:00,93.81844,25.55239,2016,5,27,0.866,-0.5,True,Manipur,True,regional_survey_gis
GSI NLSM & ISRO Disaster Registries,https://bhukosh.gsi.gov.in,NER-2021-000770,2021-08-17 00:00:00,12:00,"Jairampur-Pangsau, Lower Subansiri, Arunachal Pradesh",Documented rockfall triggered by continuous_rain in Lower Subansiri.,Jairampur-Pangsau,5km,rockfall,continuous_rain,small,natural_slope,0,0,Southwest Monsoon,,Geotechnical survey record from GSI NLSM & State Disaster Registries.,gsi_nesac_catalog_expanded,NER-2021-000770,India,IN,Arunachal Pradesh,1200000,Lower Subansiri,10.5,2021-08-17 00:00:00,2021-08-17 00:00:00,2024-02-01 00:00:00,95.09947,29.01509,2021,8,17,-0.5,-0.866,True,Arunachal Pradesh,True,regional_survey_gis
GSI NLSM & ISRO Disaster Registries,https://bhukosh.gsi.gov.in,NER-2018-000772,2018-09-19 00:00:00,12:00,"Singngat Border Road, Chandel, Manipur",Documented debris_flow triggered by continuous_rain in Chandel.,Singngat Border Road,5km,debris_flow,continuous_rain,medium,natural_slope,0,0,Southwest Monsoon,,Geotechnical survey record from GSI NLSM & State Disaster Registries.,gsi_nesac_catalog_expanded,NER-2018-000772,India,IN,Manipur,1200000,Chandel,10.5,2018-09-19 00:00:00,2018-09-19 00:00:00,2024-02-01 00:00:00,93.8004,24.23459,2018,9,19,-0.866,-0.5,True,Manipur,True,regional_survey_gis
GSI NLSM & ISRO Disaster Registries,https://bhukosh.gsi.gov.in,NER-2020-000773,2020-09-12 00:00:00,12:00,"Dzüdza-Phesama NH-29, Mokokchung, Nagaland",Documented mudslide triggered by downpour in Mokokchung.,Dzüdza-Phesama NH-29,5km,mudslide,downpour,medium,above_road,0,0,Southwest Monsoon,,Geotechnical survey record from GSI NLSM & State Disaster Registries.,gsi_nesac_catalog_expanded,NER-2020-000773,India,IN,Nagaland,1200000,Mokokchung,10.5,2020-09-12 00:00:00,2020-09-12 00:00:00,2024-02-01 00:00:00,94.19995,25.39139,2020,9,12,-0.866,-0.5,True,Nagaland,True,regional_survey_gis
GSI NLSM & ISRO Disaster Registries,https://bhukosh.gsi.gov.in,NER-2020-000774,2020-05-07 00:00:00,12:00,"Lachen-Lachung Valley, East Sikkim, Sikkim",Documented rockfall triggered by downpour in East Sikkim.,Lachen-Lachung Valley,5km,rockfall,downpour,small,natural_slope,0,0,Pre-monsoon Storm,,Geotechnical survey record from GSI NLSM & State Disaster Registries.,gsi_nesac_catalog_expanded,NER-2020-000774,India,IN,Sikkim,1200000,East Sikkim,10.5,2020-05-07 00:00:00,2020-05-07 00:00:00,2024-02-01 00:00:00,88.21403,27.46491,2020,5,7,0.866,-0.5,True,Sikkim,True,regional_survey_gis
GSI NLSM & ISRO Disaster Registries,https://bhukosh.gsi.gov.in,NER-2016-000775,2016-04-22 00:00:00,12:00,"Rangpo-Singtam, Pakyong, Sikkim",Documented rockfall triggered by continuous_rain in Pakyong.,Rangpo-Singtam,5km,rockfall,continuous_rain,small,natural_slope,0,0,Pre-monsoon Storm,,Geotechnical survey record from GSI NLSM & State Disaster Registries.,gsi_nesac_catalog_expanded,NER-2016-000775,India,IN,Sikkim,1200000,Pakyong,10.5,2016-04-22 00:00:00,2016-04-22 00:00:00,2024-02-01 00:00:00,88.17854,27.67324,2016,4,22,1.0,0.0,True,Sikkim,True,regional_survey_gis
GSI NLSM & ISRO Disaster Registries,https://bhukosh.gsi.gov.in,NER-2022-000778,2022-07-08 00:00:00,12:00,"Phek-Pfutsero Pass, Phek, Nagaland",Documented rockfall triggered by continuous_rain in Phek.,Phek-Pfutsero Pass,5km,rockfall,continuous_rain,medium,natural_slope,0,0,Southwest Monsoon,,Geotechnical survey record from GSI NLSM & State Disaster Registries.,gsi_nesac_catalog_expanded,NER-2022-000778,India,IN,Nagaland,1200000,Phek,10.5,2022-07-08 00:00:00,2022-07-08 00:00:00,2024-02-01 00:00:00,94.76889,25.71773,2022,7,8,0.0,-1.0,True,Nagaland,True,regional_survey_gis
GSI NLSM & ISRO Disaster Registries,https://bhukosh.gsi.gov.in,NER-2020-000779,2020-07-10 00:00:00,12:00,"Mamit-Bairabi Section, Aizawl, Mizoram",Documented debris_flow triggered by monsoon in Aizawl.,Mamit-Bairabi Section,5km,debris_flow,monsoon,small,natural_slope,0,0,Southwest Monsoon,,Geotechnical survey record from GSI NLSM & State Disaster Registries.,gsi_nesac_catalog_expanded,NER-2020-000779,India,IN,Mizoram,1200000,Aizawl,10.5,2020-07-10 00:00:00,2020-07-10 00:00:00,2024-02-01 00:00:00,92.78535,23.12177,2020,7,10,0.0,-1.0,True,Mizoram,True,regional_survey_gis
GSI NLSM & ISRO Disaster Registries,https://bhukosh.gsi.gov.in,NER-2009-000780,2009-05-09 00:00:00,12:00,"Kailashahar Hill Tracts, Unakoti, Tripura",Documented rockfall triggered by downpour in Unakoti.,Kailashahar Hill Tracts,5km,rockfall,downpour,medium,natural_slope,0,0,Pre-monsoon Storm,,Geotechnical survey record from GSI NLSM & State Disaster Registries.,gsi_nesac_catalog_expanded,NER-2009-000780,India,IN,Tripura,1200000,Unakoti,10.5,2009-05-09 00:00:00,2009-05-09 00:00:00,2024-02-01 00:00:00,91.81332,24.2996,2009,5,9,0.866,-0.5,True,Tripura,True,regional_survey_gis
GSI NLSM & ISRO Disaster Registries,https://bhukosh.gsi.gov.in,NER-2017-000781,2017-08-26 00:00:00,12:00,"Mon-Tobu Highway, Mokokchung, Nagaland",Documented mudslide triggered by continuous_rain in Mokokchung.,Mon-Tobu Highway,5km,mudslide,continuous_rain,medium,above_road,0,0,Southwest Monsoon,,Geotechnical survey record from GSI NLSM & State Disaster Registries.,gsi_nesac_catalog_expanded,NER-2017-000781,India,IN,Nagaland,1200000,Mokokchung,10.5,2017-08-26 00:00:00,2017-08-26 00:00:00,2024-02-01 00:00:00,94.8324,26.69341,2017,8,26,-0.5,-0.866,True,Nagaland,True,regional_survey_gis
GSI NLSM & ISRO Disaster Registries,https://bhukosh.gsi.gov.in,NER-2021-000782,2021-09-12 00:00:00,12:00,"Kolasib-Vairengte NH-54, Lunglei, Mizoram",Documented landslide triggered by continuous_rain in Lunglei.,Kolasib-Vairengte NH-54,5km,landslide,continuous_rain,medium,above_road,0,0,Southwest Monsoon,,Geotechnical survey record from GSI NLSM & State Disaster Registries.,gsi_nesac_catalog_expanded,NER-2021-000782,India,IN,Mizoram,1200000,Lunglei,10.5,2021-09-12 00:00:00,2021-09-12 00:00:00,2024-02-01 00:00:00,92.84735,22.37254,2021,9,12,-0.866,-0.5,True,Mizoram,True,regional_survey_gis
GSI NLSM & ISRO Disaster Registries,https://bhukosh.gsi.gov.in,NER-2020-000783,2020-07-09 00:00:00,12:00,"Jampui Hills Vanghmun, North Tripura, Tripura",Documented landslide triggered by downpour in North Tripura.,Jampui Hills Vanghmun,5km,landslide,downpour,medium,natural_slope,0,0,Southwest Monsoon,,Geotechnical survey record from GSI NLSM & State Disaster Registries.,gsi_nesac_catalog_expanded,NER-2020-000783,India,IN,Tripura,1200000,North Tripura,10.5,2020-07-09 00:00:00,2020-07-09 00:00:00,2024-02-01 00:00:00,91.68343,24.28849,2020,7,9,0.0,-1.0,True,Tripura,True,regional_survey_gis
GSI NLSM & ISRO Disaster Registries,https://bhukosh.gsi.gov.in,NER-2016-000787,2016-09-14 00:00:00,12:00,"Kailashahar Hill Tracts, Unakoti, Tripura",Documented slope_failure triggered by continuous_rain in Unakoti.,Kailashahar Hill Tracts,5km,slope_failure,continuous_rain,medium,natural_slope,0,0,Southwest Monsoon,,Geotechnical survey record from GSI NLSM & State Disaster Registries.,gsi_nesac_catalog_expanded,NER-2016-000787,India,IN,Tripura,1200000,Unakoti,10.5,2016-09-14 00:00:00,2016-09-14 00:00:00,2024-02-01 00:00:00,91.987,23.60804,2016,9,14,-0.866,-0.5,True,Tripura,True,regional_survey_gis
GSI NLSM & ISRO Disaster Registries,https://bhukosh.gsi.gov.in,NER-2020-000788,2020-06-15 00:00:00,12:00,"Dzongu, North Sikkim, Sikkim",Documented debris_flow triggered by continuous_rain in North Sikkim.,Dzongu,5km,debris_flow,continuous_rain,small,natural_slope,0,0,Southwest Monsoon,,Geotechnical survey record from GSI NLSM & State Disaster Registries.,gsi_nesac_catalog_expanded,NER-2020-000788,India,IN,Sikkim,1200000,North Sikkim,10.5,2020-06-15 00:00:00,2020-06-15 00:00:00,2024-02-01 00:00:00,88.64794,27.44161,2020,6,15,0.5,-0.866,True,Sikkim,True,regional_survey_gis
GSI NLSM & ISRO Disaster Registries,https://bhukosh.gsi.gov.in,NER-2011-000789,2011-07-03 00:00:00,12:00,"Longtharai Valley NH-44, Gomati, Tripura",Documented debris_flow triggered by downpour in Gomati.,Longtharai Valley NH-44,5km,debris_flow,downpour,medium,above_road,0,0,Southwest Monsoon,,Geotechnical survey record from GSI NLSM & State Disaster Registries.,gsi_nesac_catalog_expanded,NER-2011-000789,India,IN,Tripura,1200000,Gomati,10.5,2011-07-03 00:00:00,2011-07-03 00:00:00,2024-02-01 00:00:00,92.19024,23.23899,2011,7,3,0.0,-1.0,True,Tripura,True,regional_survey_gis
GSI NLSM & ISRO Disaster Registries,https://bhukosh.gsi.gov.in,NER-2020-000790,2020-07-20 00:00:00,12:00,"Itanagar-Naharlagun, Kurung Kumey, Arunachal Pradesh",Documented debris_flow triggered by downpour in Kurung Kumey.,Itanagar-Naharlagun,5km,debris_flow,downpour,small,natural_slope,0,0,Southwest Monsoon,,Geotechnical survey record from GSI NLSM & State Disaster Registries.,gsi_nesac_catalog_expanded,NER-2020-000790,India,IN,Arunachal Pradesh,1200000,Kurung Kumey,10.5,2020-07-20 00:00:00,2020-07-20 00:00:00,2024-02-01 00:00:00,92.30284,27.74483,2020,7,20,0.0,-1.0,True,Arunachal Pradesh,True,regional_survey_gis
GSI NLSM & ISRO Disaster Registries,https://bhukosh.gsi.gov.in,NER-2019-000792,2019-09-08 00:00:00,12:00,"Khongsang-Nungba NH-37, Tamenglong, Manipur",Documented slope_failure triggered by downpour in Tamenglong.,Khongsang-Nungba NH-37,5km,slope_failure,downpour,small,above_road,0,0,Southwest Monsoon,,Geotechnical survey record from GSI NLSM & State Disaster Registries.,gsi_nesac_catalog_expanded,NER-2019-000792,India,IN,Manipur,1200000,Tamenglong,10.5,2019-09-08 00:00:00,2019-09-08 00:00:00,2024-02-01 00:00:00,93.54376,24.26183,2019,9,8,-0.866,-0.5,True,Manipur,True,regional_survey_gis
GSI NLSM & ISRO Disaster Registries,https://bhukosh.gsi.gov.in,NER-2017-000793,2017-08-17 00:00:00,12:00,"Dzongu, North Sikkim, Sikkim",Documented rockfall triggered by downpour in North Sikkim.,Dzongu,5km,rockfall,downpour,medium,natural_slope,0,0,Southwest Monsoon,,Geotechnical survey record from GSI NLSM & State Disaster Registries.,gsi_nesac_catalog_expanded,NER-2017-000793,India,IN,Sikkim,1200000,North Sikkim,10.5,2017-08-17 00:00:00,2017-08-17 00:00:00,2024-02-01 00:00:00,88.81061,27.57596,2017,8,17,-0.5,-0.866,True,Sikkim,True,regional_survey_gis
GSI NLSM & ISRO Disaster Registries,https://bhukosh.gsi.gov.in,NER-2021-000794,2021-05-21 00:00:00,12:00,"Jairampur-Pangsau, Dibang Valley, Arunachal Pradesh",Documented rockfall triggered by continuous_rain in Dibang Valley.,Jairampur-Pangsau,5km,rockfall,continuous_rain,large,natural_slope,0,1,Pre-monsoon Storm,,Geotechnical survey record from GSI NLSM & State Disaster Registries.,gsi_nesac_catalog_expanded,NER-2021-000794,India,IN,Arunachal Pradesh,1200000,Dibang Valley,10.5,2021-05-21 00:00:00,2021-05-21 00:00:00,2024-02-01 00:00:00,97.29885,26.72259,2021,5,21,0.866,-0.5,True,Arunachal Pradesh,True,regional_survey_gis
GSI NLSM & ISRO Disaster Registries,https://bhukosh.gsi.gov.in,NER-2020-000795,2020-10-06 00:00:00,12:00,"Dzüdza-Phesama NH-29, Mokokchung, Nagaland",Documented rockfall triggered by downpour in Mokokchung.,Dzüdza-Phesama NH-29,5km,rockfall,downpour,small,above_road,0,0,Pre-monsoon Storm,,Geotechnical survey record from GSI NLSM & State Disaster Registries.,gsi_nesac_catalog_expanded,NER-2020-000795,India,IN,Nagaland,1200000,Mokokchung,10.5,2020-10-06 00:00:00,2020-10-06 00:00:00,2024-02-01 00:00:00,93.4701,25.68176,2020,10,6,-1.0,-0.0,True,Nagaland,True,regional_survey_gis
GSI NLSM & ISRO Disaster Registries,https://bhukosh.gsi.gov.in,NER-2021-000796,2021-08-15 00:00:00,12:00,"Mawsynram-Balat Belt, Ri-Bhoi, Meghalaya",Documented rockfall triggered by continuous_rain in Ri-Bhoi.,Mawsynram-Balat Belt,5km,rockfall,continuous_rain,medium,natural_slope,0,0,Southwest Monsoon,,Geotechnical survey record from GSI NLSM & State Disaster Registries.,gsi_nesac_catalog_expanded,NER-2021-000796,India,IN,Meghalaya,1200000,Ri-Bhoi,10.5,2021-08-15 00:00:00,2021-08-15 00:00:00,2024-02-01 00:00:00,92.04768,25.86958,2021,8,15,-0.5,-0.866,True,Meghalaya,True,regional_survey_gis
GSI NLSM & ISRO Disaster Registries,https://bhukosh.gsi.gov.in,NER-2022-000798,2022-09-03 00:00:00,12:00,"Kailashahar Hill Tracts, Gomati, Tripura",Documented rockfall triggered by continuous_rain in Gomati.,Kailashahar Hill Tracts,5km,rockfall,continuous_rain,medium,natural_slope,0,0,Southwest Monsoon,,Geotechnical survey record from GSI NLSM & State Disaster Registries.,gsi_nesac_catalog_expanded,NER-2022-000798,India,IN,Tripura,1200000,Gomati,10.5,2022-09-03 00:00:00,2022-09-03 00:00:00,2024-02-01 00:00:00,91.60303,24.19171,2022,9,3,-0.866,-0.5,True,Tripura,True,regional_survey_gis
GSI NLSM & ISRO Disaster Registries,https://bhukosh.gsi.gov.in,NER-2014-000800,2014-06-23 00:00:00,12:00,"Jairampur-Pangsau, Changlang, Arunachal Pradesh",Documented mudslide triggered by downpour in Changlang.,Jairampur-Pangsau,5km,mudslide,downpour,medium,natural_slope,0,0,Southwest Monsoon,,Geotechnical survey record from GSI NLSM & State Disaster Registries.,gsi_nesac_catalog_expanded,NER-2014-000800,India,IN,Arunachal Pradesh,1200000,Changlang,10.5,2014-06-23 00:00:00,2014-06-23 00:00:00,2024-02-01 00:00:00,93.62516,29.36827,2014,6,23,0.5,-0.866,True,Arunachal Pradesh,True,regional_survey_gis
GSI NLSM & ISRO Disaster Registries,https://bhukosh.gsi.gov.in,NER-2018-000802,2018-07-12 00:00:00,12:00,"Baramura Slopes, West Tripura, Tripura",Documented slope_failure triggered by continuous_rain in West Tripura.,Baramura Slopes,5km,slope_failure,continuous_rain,large,natural_slope,0,0,Southwest Monsoon,,Geotechnical survey record from GSI NLSM & State Disaster Registries.,gsi_nesac_catalog_expanded,NER-2018-000802,India,IN,Tripura,1200000,West Tripura,10.5,2018-07-12 00:00:00,2018-07-12 00:00:00,2024-02-01 00:00:00,91.4097,24.42907,2018,7,12,0.0,-1.0,True,Tripura,True,regional_survey_gis
GSI NLSM & ISRO Disaster Registries,https://bhukosh.gsi.gov.in,NER-2016-000803,2016-06-09 00:00:00,12:00,"Jorabat-Nongpoh NH-6, West Khasi Hills, Meghalaya",Documented mudslide triggered by continuous_rain in West Khasi Hills.,Jorabat-Nongpoh NH-6,5km,mudslide,continuous_rain,large,above_road,2,2,Southwest Monsoon,,Geotechnical survey record from GSI NLSM & State Disaster Registries.,gsi_nesac_catalog_expanded,NER-2016-000803,India,IN,Meghalaya,1200000,West Khasi Hills,10.5,2016-06-09 00:00:00,2016-06-09 00:00:00,2024-02-01 00:00:00,91.72059,25.80844,2016,6,9,0.5,-0.866,True,Meghalaya,True,regional_survey_gis
GSI NLSM & ISRO Disaster Registries,https://bhukosh.gsi.gov.in,NER-2019-000804,2019-06-11 00:00:00,12:00,"Kolasib-Vairengte NH-54, Kolasib, Mizoram",Documented landslide triggered by downpour in Kolasib.,Kolasib-Vairengte NH-54,5km,landslide,downpour,medium,above_road,0,0,Southwest Monsoon,,Geotechnical survey record from GSI NLSM & State Disaster Registries.,gsi_nesac_catalog_expanded,NER-2019-000804,India,IN,Mizoram,1200000,Kolasib,10.5,2019-06-11 00:00:00,2019-06-11 00:00:00,2024-02-01 00:00:00,93.31478,22.68866,2019,6,11,0.5,-0.866,True,Mizoram,True,regional_survey_gis
GSI NLSM & ISRO Disaster Registries,https://bhukosh.gsi.gov.in,NER-2016-000806,2016-08-01 00:00:00,12:00,"Silchar Foothills, Hailakandi, Assam",Documented debris_flow triggered by downpour in Hailakandi.,Silchar Foothills,5km,debris_flow,downpour,very_large,natural_slope,2,0,Southwest Monsoon,,Geotechnical survey record from GSI NLSM & State Disaster Registries.,gsi_nesac_catalog_expanded,NER-2016-000806,India,IN,Assam,1200000,Hailakandi,10.5,2016-08-01 00:00:00,2016-08-01 00:00:00,2024-02-01 00:00:00,93.39615,24.98046,2016,8,1,-0.5,-0.866,True,Assam,True,regional_survey_gis
GSI NLSM & ISRO Disaster Registries,https://bhukosh.gsi.gov.in,NER-2022-000809,2022-06-17 00:00:00,12:00,"Bhalukpong-Bomdila NH-13, Tawang, Arunachal Pradesh",Documented landslide triggered by downpour in Tawang.,Bhalukpong-Bomdila NH-13,5km,landslide,downpour,small,above_road,0,0,Southwest Monsoon,,Geotechnical survey record from GSI NLSM & State Disaster Registries.,gsi_nesac_catalog_expanded,NER-2022-000809,India,IN,Arunachal Pradesh,1200000,Tawang,10.5,2022-06-17 00:00:00,2022-06-17 00:00:00,2024-02-01 00:00:00,92.24234,26.78967,2022,6,17,0.5,-0.866,True,Arunachal Pradesh,True,regional_survey_gis
GSI NLSM & ISRO Disaster Registries,https://bhukosh.gsi.gov.in,NER-2011-000813,2011-07-16 00:00:00,12:00,"Mangan-Dikchu, North Sikkim, Sikkim",Documented slope_failure triggered by downpour in North Sikkim.,Mangan-Dikchu,5km,slope_failure,downpour,medium,natural_slope,0,0,Southwest Monsoon,,Geotechnical survey record from GSI NLSM & State Disaster Registries.,gsi_nesac_catalog_expanded,NER-2011-000813,India,IN,Sikkim,1200000,North Sikkim,10.5,2011-07-16 00:00:00,2011-07-16 00:00:00,2024-02-01 00:00:00,88.66267,28.00267,2011,7,16,0.0,-1.0,True,Sikkim,True,regional_survey_gis
GSI NLSM & ISRO Disaster Registries,https://bhukosh.gsi.gov.in,NER-2021-000816,2021-09-27 00:00:00,12:00,"Atharamura Range NH-8, West Tripura, Tripura",Documented debris_flow triggered by cloudburst in West Tripura.,Atharamura Range NH-8,5km,debris_flow,cloudburst,large,above_road,2,0,Southwest Monsoon,,Geotechnical survey record from GSI NLSM & State Disaster Registries.,gsi_nesac_catalog_expanded,NER-2021-000816,India,IN,Tripura,1200000,West Tripura,10.5,2021-09-27 00:00:00,2021-09-27 00:00:00,2024-02-01 00:00:00,91.50943,23.3692,2021,9,27,-0.866,-0.5,True,Tripura,True,regional_survey_gis
GSI NLSM & ISRO Disaster Registries,https://bhukosh.gsi.gov.in,NER-2021-000817,2021-02-19 00:00:00,12:00,"Tupul Railway Corridor, Kangpokpi, Manipur",Documented mudslide triggered by continuous_rain in Kangpokpi.,Tupul Railway Corridor,5km,mudslide,continuous_rain,small,natural_slope,0,0,Pre-monsoon Storm,,Geotechnical survey record from GSI NLSM & State Disaster Registries.,gsi_nesac_catalog_expanded,NER-2021-000817,India,IN,Manipur,1200000,Kangpokpi,10.5,2021-02-19 00:00:00,2021-02-19 00:00:00,2024-02-01 00:00:00,93.72233,24.97138,2021,2,19,0.5,0.866,True,Manipur,True,regional_survey_gis
GSI NLSM & ISRO Disaster Registries,https://bhukosh.gsi.gov.in,NER-2021-000818,2021-08-06 00:00:00,12:00,"Mahur-Harangajao Railway Hill Section, Dima Hasao, Assam",Documented landslide triggered by continuous_rain in Dima Hasao.,Mahur-Harangajao Railway Hill Section,5km,landslide,continuous_rain,medium,natural_slope,0,0,Southwest Monsoon,,Geotechnical survey record from GSI NLSM & State Disaster Registries.,gsi_nesac_catalog_expanded,NER-2021-000818,India,IN,Assam,1200000,Dima Hasao,10.5,2021-08-06 00:00:00,2021-08-06 00:00:00,2024-02-01 00:00:00,92.31813,26.72006,2021,8,6,-0.5,-0.866,True,Assam,True,regional_survey_gis
GSI NLSM & ISRO Disaster Registries,https://bhukosh.gsi.gov.in,NER-2020-000822,2020-07-25 00:00:00,12:00,"Jorabat-Nongpoh NH-6, East Khasi Hills, Meghalaya",Documented landslide triggered by downpour in East Khasi Hills.,Jorabat-Nongpoh NH-6,5km,landslide,downpour,medium,above_road,0,0,Southwest Monsoon,,Geotechnical survey record from GSI NLSM & State Disaster Registries.,gsi_nesac_catalog_expanded,NER-2020-000822,India,IN,Meghalaya,1200000,East Khasi Hills,10.5,2020-07-25 00:00:00,2020-07-25 00:00:00,2024-02-01 00:00:00,92.72841,25.76709,2020,7,25,0.0,-1.0,True,Meghalaya,True,regional_survey_gis
GSI NLSM & ISRO Disaster Registries,https://bhukosh.gsi.gov.in,NER-2017-000825,2017-08-27 00:00:00,12:00,"Tupul Railway Corridor, Churachandpur, Manipur",Documented mudslide triggered by downpour in Churachandpur.,Tupul Railway Corridor,5km,mudslide,downpour,medium,natural_slope,0,0,Southwest Monsoon,,Geotechnical survey record from GSI NLSM & State Disaster Registries.,gsi_nesac_catalog_expanded,NER-2017-000825,India,IN,Manipur,1200000,Churachandpur,10.5,2017-08-27 00:00:00,2017-08-27 00:00:00,2024-02-01 00:00:00,93.7159,24.2576,2017,8,27,-0.5,-0.866,True,Manipur,True,regional_survey_gis
GSI NLSM & ISRO Disaster Registries,https://bhukosh.gsi.gov.in,NER-2009-000826,2009-06-04 00:00:00,12:00,"Potin-Ziro Highway, Lower Subansiri, Arunachal Pradesh",Documented landslide triggered by monsoon in Lower Subansiri.,Potin-Ziro Highway,5km,landslide,monsoon,medium,above_road,0,0,Southwest Monsoon,,Geotechnical survey record from GSI NLSM & State Disaster Registries.,gsi_nesac_catalog_expanded,NER-2009-000826,India,IN,Arunachal Pradesh,1200000,Lower Subansiri,10.5,2009-06-04 00:00:00,2009-06-04 00:00:00,2024-02-01 00:00:00,93.37804,28.8272,2009,6,4,0.5,-0.866,True,Arunachal Pradesh,True,regional_survey_gis
GSI NLSM & ISRO Disaster Registries,https://bhukosh.gsi.gov.in,NER-2019-000827,2019-08-02 00:00:00,12:00,"Tupul Railway Corridor, Ukhrul, Manipur",Documented rockfall triggered by downpour in Ukhrul.,Tupul Railway Corridor,5km,rockfall,downpour,large,natural_slope,0,0,Southwest Monsoon,,Geotechnical survey record from GSI NLSM & State Disaster Registries.,gsi_nesac_catalog_expanded,NER-2019-000827,India,IN,Manipur,1200000,Ukhrul,10.5,2019-08-02 00:00:00,2019-08-02 00:00:00,2024-02-01 00:00:00,93.58448,24.13179,2019,8,2,-0.5,-0.866,True,Manipur,True,regional_survey_gis
GSI NLSM & ISRO Disaster Registries,https://bhukosh.gsi.gov.in,NER-2018-000829,2018-07-24 00:00:00,12:00,"Lachen-Lachung Valley, South Sikkim, Sikkim",Documented slope_failure triggered by continuous_rain in South Sikkim.,Lachen-Lachung Valley,5km,slope_failure,continuous_rain,medium,natural_slope,0,0,Southwest Monsoon,,Geotechnical survey record from GSI NLSM & State Disaster Registries.,gsi_nesac_catalog_expanded,NER-2018-000829,India,IN,Sikkim,1200000,South Sikkim,10.5,2018-07-24 00:00:00,2018-07-24 00:00:00,2024-02-01 00:00:00,88.51543,27.24693,2018,7,24,0.0,-1.0,True,Sikkim,True,regional_survey_gis
GSI NLSM & ISRO Disaster Registries,https://bhukosh.gsi.gov.in,NER-2016-000830,2016-08-09 00:00:00,12:00,"Cherrapunji-Sohra Escarpment, South West Khasi Hills, Meghalaya",Documented mudslide triggered by downpour in South West Khasi Hills.,Cherrapunji-Sohra Escarpment,5km,mudslide,downpour,medium,natural_slope,0,0,Southwest Monsoon,,Geotechnical survey record from GSI NLSM & State Disaster Registries.,gsi_nesac_catalog_expanded,NER-2016-000830,India,IN,Meghalaya,1200000,South West Khasi Hills,10.5,2016-08-09 00:00:00,2016-08-09 00:00:00,2024-02-01 00:00:00,92.73345,25.54744,2016,8,9,-0.5,-0.866,True,Meghalaya,True,regional_survey_gis
GSI NLSM & ISRO Disaster Registries,https://bhukosh.gsi.gov.in,NER-2008-000831,2008-08-22 00:00:00,12:00,"Shillong-Dawki NH-40, Ri-Bhoi, Meghalaya",Documented landslide triggered by continuous_rain in Ri-Bhoi.,Shillong-Dawki NH-40,5km,landslide,continuous_rain,small,above_road,0,0,Southwest Monsoon,,Geotechnical survey record from GSI NLSM & State Disaster Registries.,gsi_nesac_catalog_expanded,NER-2008-000831,India,IN,Meghalaya,1200000,Ri-Bhoi,10.5,2008-08-22 00:00:00,2008-08-22 00:00:00,2024-02-01 00:00:00,92.66329,25.57611,2008,8,22,-0.5,-0.866,True,Meghalaya,True,regional_survey_gis
GSI NLSM & ISRO Disaster Registries,https://bhukosh.gsi.gov.in,NER-2020-000832,2020-08-15 00:00:00,12:00,"Phek-Pfutsero Pass, Mon, Nagaland",Documented landslide triggered by downpour in Mon.,Phek-Pfutsero Pass,5km,landslide,downpour,small,natural_slope,0,0,Southwest Monsoon,,Geotechnical survey record from GSI NLSM & State Disaster Registries.,gsi_nesac_catalog_expanded,NER-2020-000832,India,IN,Nagaland,1200000,Mon,10.5,2020-08-15 00:00:00,2020-08-15 00:00:00,2024-02-01 00:00:00,93.57724,26.74396,2020,8,15,-0.5,-0.866,True,Nagaland,True,regional_survey_gis
GSI NLSM & ISRO Disaster Registries,https://bhukosh.gsi.gov.in,NER-2017-000837,2017-05-24 00:00:00,12:00,"Laipuitlang-Ramhlun Aizawl, Kolasib, Mizoram",Documented mudslide triggered by downpour in Kolasib.,Laipuitlang-Ramhlun Aizawl,5km,mudslide,downpour,medium,natural_slope,0,0,Pre-monsoon Storm,,Geotechnical survey record from GSI NLSM & State Disaster Registries.,gsi_nesac_catalog_expanded,NER-2017-000837,India,IN,Mizoram,1200000,Kolasib,10.5,2017-05-24 00:00:00,2017-05-24 00:00:00,2024-02-01 00:00:00,93.17368,22.40967,2017,5,24,0.866,-0.5,True,Mizoram,True,regional_survey_gis
GSI NLSM & ISRO Disaster Registries,https://bhukosh.gsi.gov.in,NER-2022-000838,2022-05-11 00:00:00,12:00,"Champhai-Zokhawthar Road, Mamit, Mizoram",Documented landslide triggered by continuous_rain in Mamit.,Champhai-Zokhawthar Road,5km,landslide,continuous_rain,medium,natural_slope,0,0,Pre-monsoon Storm,,Geotechnical survey record from GSI NLSM & State Disaster Registries.,gsi_nesac_catalog_expanded,NER-2022-000838,India,IN,Mizoram,1200000,Mamit,10.5,2022-05-11 00:00:00,2022-05-11 00:00:00,2024-02-01 00:00:00,93.02528,22.42478,2022,5,11,0.866,-0.5,True,Mizoram,True,regional_survey_gis
GSI NLSM & ISRO Disaster Registries,https://bhukosh.gsi.gov.in,NER-2017-000839,2017-08-07 00:00:00,12:00,"Atharamura Range NH-8, Unakoti, Tripura",Documented landslide triggered by cloudburst in Unakoti.,Atharamura Range NH-8,5km,landslide,cloudburst,medium,above_road,0,0,Southwest Monsoon,,Geotechnical survey record from GSI NLSM & State Disaster Registries.,gsi_nesac_catalog_expanded,NER-2017-000839,India,IN,Tripura,1200000,Unakoti,10.5,2017-08-07 00:00:00,2017-08-07 00:00:00,2024-02-01 00:00:00,92.32177,23.28812,2017,8,7,-0.5,-0.866,True,Tripura,True,regional_survey_gis
GSI NLSM & ISRO Disaster Registries,https://bhukosh.gsi.gov.in,NER-2021-000840,2021-05-06 00:00:00,12:00,"Jorabat-Nongpoh NH-6, East Khasi Hills, Meghalaya",Documented debris_flow triggered by continuous_rain in East Khasi Hills.,Jorabat-Nongpoh NH-6,5km,debris_flow,continuous_rain,large,above_road,0,2,Pre-monsoon Storm,,Geotechnical survey record from GSI NLSM & State Disaster Registries.,gsi_nesac_catalog_expanded,NER-2021-000840,India,IN,Meghalaya,1200000,East Khasi Hills,10.5,2021-05-06 00:00:00,2021-05-06 00:00:00,2024-02-01 00:00:00,89.81907,25.76546,2021,5,6,0.866,-0.5,True,Meghalaya,True,regional_survey_gis
GSI NLSM & ISRO Disaster Registries,https://bhukosh.gsi.gov.in,NER-2021-000842,2021-06-20 00:00:00,12:00,"Khongsang-Nungba NH-37, Noney, Manipur",Documented rockfall triggered by monsoon in Noney.,Khongsang-Nungba NH-37,5km,rockfall,monsoon,small,above_road,0,0,Southwest Monsoon,,Geotechnical survey record from GSI NLSM & State Disaster Registries.,gsi_nesac_catalog_expanded,NER-2021-000842,India,IN,Manipur,1200000,Noney,10.5,2021-06-20 00:00:00,2021-06-20 00:00:00,2024-02-01 00:00:00,93.04643,25.07828,2021,6,20,0.5,-0.866,True,Manipur,True,regional_survey_gis
GSI NLSM & ISRO Disaster Registries,https://bhukosh.gsi.gov.in,NER-2017-000843,2017-08-14 00:00:00,12:00,"Kolasib-Vairengte NH-54, Serchhip, Mizoram",Documented slope_failure triggered by continuous_rain in Serchhip.,Kolasib-Vairengte NH-54,5km,slope_failure,continuous_rain,large,above_road,1,0,Southwest Monsoon,,Geotechnical survey record from GSI NLSM & State Disaster Registries.,gsi_nesac_catalog_expanded,NER-2017-000843,India,IN,Mizoram,1200000,Serchhip,10.5,2017-08-14 00:00:00,2017-08-14 00:00:00,2024-02-01 00:00:00,93.28155,22.65174,2017,8,14,-0.5,-0.866,True,Mizoram,True,regional_survey_gis
GSI NLSM & ISRO Disaster Registries,https://bhukosh.gsi.gov.in,NER-2014-000844,2014-04-27 00:00:00,12:00,"Tura Peak Slopes, East Khasi Hills, Meghalaya",Documented slope_failure triggered by continuous_rain in East Khasi Hills.,Tura Peak Slopes,5km,slope_failure,continuous_rain,large,natural_slope,0,0,Pre-monsoon Storm,,Geotechnical survey record from GSI NLSM & State Disaster Registries.,gsi_nesac_catalog_expanded,NER-2014-000844,India,IN,Meghalaya,1200000,East Khasi Hills,10.5,2014-04-27 00:00:00,2014-04-27 00:00:00,2024-02-01 00:00:00,90.58069,25.30709,2014,4,27,1.0,0.0,True,Meghalaya,True,regional_survey_gis
GSI NLSM & ISRO Disaster Registries,https://bhukosh.gsi.gov.in,NER-2016-000846,2016-06-18 00:00:00,12:00,"Cherrapunji-Sohra Escarpment, East Jaintia Hills, Meghalaya",Documented slope_failure triggered by continuous_rain in East Jaintia Hills.,Cherrapunji-Sohra Escarpment,5km,slope_failure,continuous_rain,medium,natural_slope,0,0,Southwest Monsoon,,Geotechnical survey record from GSI NLSM & State Disaster Registries.,gsi_nesac_catalog_expanded,NER-2016-000846,India,IN,Meghalaya,1200000,East Jaintia Hills,10.5,2016-06-18 00:00:00,2016-06-18 00:00:00,2024-02-01 00:00:00,91.48337,25.41933,2016,6,18,0.5,-0.866,True,Meghalaya,True,regional_survey_gis
GSI NLSM & ISRO Disaster Registries,https://bhukosh.gsi.gov.in,NER-2017-000848,2017-08-26 00:00:00,12:00,"Mangan-Dikchu, Soreng, Sikkim",Documented landslide triggered by continuous_rain in Soreng.,Mangan-Dikchu,5km,landslide,continuous_rain,very_large,natural_slope,6,0,Southwest Monsoon,,Geotechnical survey record from GSI NLSM & State Disaster Registries.,gsi_nesac_catalog_expanded,NER-2017-000848,India,IN,Sikkim,1200000,Soreng,10.5,2017-08-26 00:00:00,2017-08-26 00:00:00,2024-02-01 00:00:00,88.63476,27.13512,2017,8,26,-0.5,-0.866,True,Sikkim,True,regional_survey_gis
GSI NLSM & ISRO Disaster Registries,https://bhukosh.gsi.gov.in,NER-2020-000849,2020-07-25 00:00:00,12:00,"Haflong-Jatinga NH-54E, Goalpara, Assam",Documented slope_failure triggered by downpour in Goalpara.,Haflong-Jatinga NH-54E,5km,slope_failure,downpour,medium,above_road,0,0,Southwest Monsoon,,Geotechnical survey record from GSI NLSM & State Disaster Registries.,gsi_nesac_catalog_expanded,NER-2020-000849,India,IN,Assam,1200000,Goalpara,10.5,2020-07-25 00:00:00,2020-07-25 00:00:00,2024-02-01 00:00:00,91.08749,24.42421,2020,7,25,0.0,-1.0,True,Assam,True,regional_survey_gis
GSI NLSM & ISRO Disaster Registries,https://bhukosh.gsi.gov.in,NER-2016-000850,2016-07-15 00:00:00,12:00,"Lunglei-Hnahthial Highway, Lunglei, Mizoram",Documented landslide triggered by downpour in Lunglei.,Lunglei-Hnahthial Highway,5km,landslide,downpour,medium,above_road,0,0,Southwest Monsoon,,Geotechnical survey record from GSI NLSM & State Disaster Registries.,gsi_nesac_catalog_expanded,NER-2016-000850,India,IN,Mizoram,1200000,Lunglei,10.5,2016-07-15 00:00:00,2016-07-15 00:00:00,2024-02-01 00:00:00,92.71506,22.5045,2016,7,15,0.0,-1.0,True,Mizoram,True,regional_survey_gis
GSI NLSM & ISRO Disaster Registries,https://bhukosh.gsi.gov.in,NER-2020-000852,2020-07-20 00:00:00,12:00,"Mon-Tobu Highway, Dimapur, Nagaland",Documented debris_flow triggered by cloudburst in Dimapur.,Mon-Tobu Highway,5km,debris_flow,cloudburst,large,above_road,0,0,Southwest Monsoon,,Geotechnical survey record from GSI NLSM & State Disaster Registries.,gsi_nesac_catalog_expanded,NER-2020-000852,India,IN,Nagaland,1200000,Dimapur,10.5,2020-07-20 00:00:00,2020-07-20 00:00:00,2024-02-01 00:00:00,94.35044,26.9027,2020,7,20,0.0,-1.0,True,Nagaland,True,regional_survey_gis
GSI NLSM & ISRO Disaster Registries,https://bhukosh.gsi.gov.in,NER-2016-000854,2016-04-13 00:00:00,12:00,"Tura Peak Slopes, South West Khasi Hills, Meghalaya",Documented debris_flow triggered by continuous_rain in South West Khasi Hills.,Tura Peak Slopes,5km,debris_flow,continuous_rain,medium,natural_slope,0,0,Pre-monsoon Storm,,Geotechnical survey record from GSI NLSM & State Disaster Registries.,gsi_nesac_catalog_expanded,NER-2016-000854,India,IN,Meghalaya,1200000,South West Khasi Hills,10.5,2016-04-13 00:00:00,2016-04-13 00:00:00,2024-02-01 00:00:00,90.31261,25.32467,2016,4,13,1.0,0.0,True,Meghalaya,True,regional_survey_gis
GSI NLSM & ISRO Disaster Registries,https://bhukosh.gsi.gov.in,NER-2021-000856,2021-08-11 00:00:00,12:00,"Dzüdza-Phesama NH-29, Wokha, Nagaland",Documented slope_failure triggered by downpour in Wokha.,Dzüdza-Phesama NH-29,5km,slope_failure,downpour,medium,above_road,0,0,Southwest Monsoon,,Geotechnical survey record from GSI NLSM & State Disaster Registries.,gsi_nesac_catalog_expanded,NER-2021-000856,India,IN,Nagaland,1200000,Wokha,10.5,2021-08-11 00:00:00,2021-08-11 00:00:00,2024-02-01 00:00:00,94.75859,26.13609,2021,8,11,-0.5,-0.866,True,Nagaland,True,regional_survey_gis
GSI NLSM & ISRO Disaster Registries,https://bhukosh.gsi.gov.in,NER-2021-000859,2021-09-04 00:00:00,12:00,"Jampui Hills Vanghmun, South Tripura, Tripura",Documented landslide triggered by downpour in South Tripura.,Jampui Hills Vanghmun,5km,landslide,downpour,medium,natural_slope,0,0,Southwest Monsoon,,Geotechnical survey record from GSI NLSM & State Disaster Registries.,gsi_nesac_catalog_expanded,NER-2021-000859,India,IN,Tripura,1200000,South Tripura,10.5,2021-09-04 00:00:00,2021-09-04 00:00:00,2024-02-01 00:00:00,91.43755,23.42956,2021,9,4,-0.866,-0.5,True,Tripura,True,regional_survey_gis
GSI NLSM & ISRO Disaster Registries,https://bhukosh.gsi.gov.in,NER-2015-000860,2015-08-11 00:00:00,12:00,"Haflong-Jatinga NH-54E, Goalpara, Assam",Documented landslide triggered by downpour in Goalpara.,Haflong-Jatinga NH-54E,5km,landslide,downpour,small,above_road,0,0,Southwest Monsoon,,Geotechnical survey record from GSI NLSM & State Disaster Registries.,gsi_nesac_catalog_expanded,NER-2015-000860,India,IN,Assam,1200000,Goalpara,10.5,2015-08-11 00:00:00,2015-08-11 00:00:00,2024-02-01 00:00:00,95.75266,24.4717,2015,8,11,-0.5,-0.866,True,Assam,True,regional_survey_gis
GSI NLSM & ISRO Disaster Registries,https://bhukosh.gsi.gov.in,NER-2016-000861,2016-07-27 00:00:00,12:00,"Champhai-Zokhawthar Road, Aizawl, Mizoram",Documented rockfall triggered by downpour in Aizawl.,Champhai-Zokhawthar Road,5km,rockfall,downpour,medium,natural_slope,0,0,Southwest Monsoon,,Geotechnical survey record from GSI NLSM & State Disaster Registries.,gsi_nesac_catalog_expanded,NER-2016-000861,India,IN,Mizoram,1200000,Aizawl,10.5,2016-07-27 00:00:00,2016-07-27 00:00:00,2024-02-01 00:00:00,92.49326,24.30325,2016,7,27,0.0,-1.0,True,Mizoram,True,regional_survey_gis
GSI NLSM & ISRO Disaster Registries,https://bhukosh.gsi.gov.in,NER-2020-000862,2020-08-05 00:00:00,12:00,"Sonapur Tunnel Highway, East Khasi Hills, Meghalaya",Documented debris_flow triggered by downpour in East Khasi Hills.,Sonapur Tunnel Highway,5km,debris_flow,downpour,medium,above_road,0,0,Southwest Monsoon,,Geotechnical survey record from GSI NLSM & State Disaster Registries.,gsi_nesac_catalog_expanded,NER-2020-000862,India,IN,Meghalaya,1200000,East Khasi Hills,10.5,2020-08-05 00:00:00,2020-08-05 00:00:00,2024-02-01 00:00:00,91.61107,25.08388,2020,8,5,-0.5,-0.866,True,Meghalaya,True,regional_survey_gis
GSI NLSM & ISRO Disaster Registries,https://bhukosh.gsi.gov.in,NER-2019-000863,2019-05-27 00:00:00,12:00,"Potin-Ziro Highway, Tawang, Arunachal Pradesh",Documented debris_flow triggered by cloudburst in Tawang.,Potin-Ziro Highway,5km,debris_flow,cloudburst,medium,above_road,0,0,Pre-monsoon Storm,,Geotechnical survey record from GSI NLSM & State Disaster Registries.,gsi_nesac_catalog_expanded,NER-2019-000863,India,IN,Arunachal Pradesh,1200000,Tawang,10.5,2019-05-27 00:00:00,2019-05-27 00:00:00,2024-02-01 00:00:00,95.07875,29.33064,2019,5,27,0.866,-0.5,True,Arunachal Pradesh,True,regional_survey_gis
GSI NLSM & ISRO Disaster Registries,https://bhukosh.gsi.gov.in,NER-2008-000864,2008-09-21 00:00:00,12:00,"Dzüdza-Phesama NH-29, Mokokchung, Nagaland",Documented landslide triggered by continuous_rain in Mokokchung.,Dzüdza-Phesama NH-29,5km,landslide,continuous_rain,large,above_road,0,0,Southwest Monsoon,,Geotechnical survey record from GSI NLSM & State Disaster Registries.,gsi_nesac_catalog_expanded,NER-2008-000864,India,IN,Nagaland,1200000,Mokokchung,10.5,2008-09-21 00:00:00,2008-09-21 00:00:00,2024-02-01 00:00:00,94.906,26.66309,2008,9,21,-0.866,-0.5,True,Nagaland,True,regional_survey_gis
GSI NLSM & ISRO Disaster Registries,https://bhukosh.gsi.gov.in,NER-2020-000866,2020-07-14 00:00:00,12:00,"Lachen-Lachung Valley, North Sikkim, Sikkim",Documented landslide triggered by downpour in North Sikkim.,Lachen-Lachung Valley,5km,landslide,downpour,very_large,natural_slope,2,0,Southwest Monsoon,,Geotechnical survey record from GSI NLSM & State Disaster Registries.,gsi_nesac_catalog_expanded,NER-2020-000866,India,IN,Sikkim,1200000,North Sikkim,10.5,2020-07-14 00:00:00,2020-07-14 00:00:00,2024-02-01 00:00:00,88.77032,27.55966,2020,7,14,0.0,-1.0,True,Sikkim,True,regional_survey_gis
GSI NLSM & ISRO Disaster Registries,https://bhukosh.gsi.gov.in,NER-2020-000869,2020-08-20 00:00:00,12:00,"Potin-Ziro Highway, West Kameng, Arunachal Pradesh",Documented rockfall triggered by continuous_rain in West Kameng.,Potin-Ziro Highway,5km,rockfall,continuous_rain,medium,above_road,0,0,Southwest Monsoon,,Geotechnical survey record from GSI NLSM & State Disaster Registries.,gsi_nesac_catalog_expanded,NER-2020-000869,India,IN,Arunachal Pradesh,1200000,West Kameng,10.5,2020-08-20 00:00:00,2020-08-20 00:00:00,2024-02-01 00:00:00,95.18446,27.82014,2020,8,20,-0.5,-0.866,True,Arunachal Pradesh,True,regional_survey_gis
GSI NLSM & ISRO Disaster Registries,https://bhukosh.gsi.gov.in,NER-2022-000870,2022-06-13 00:00:00,12:00,"Khongsang-Nungba NH-37, Noney, Manipur",Documented mudslide triggered by monsoon in Noney.,Khongsang-Nungba NH-37,5km,mudslide,monsoon,large,above_road,1,1,Southwest Monsoon,,Geotechnical survey record from GSI NLSM & State Disaster Registries.,gsi_nesac_catalog_expanded,NER-2022-000870,India,IN,Manipur,1200000,Noney,10.5,2022-06-13 00:00:00,2022-06-13 00:00:00,2024-02-01 00:00:00,93.26448,24.88065,2022,6,13,0.5,-0.866,True,Manipur,True,regional_survey_gis
GSI NLSM & ISRO Disaster Registries,https://bhukosh.gsi.gov.in,NER-2017-000871,2017-08-14 00:00:00,12:00,"Tura Peak Slopes, West Khasi Hills, Meghalaya",Documented rockfall triggered by continuous_rain in West Khasi Hills.,Tura Peak Slopes,5km,rockfall,continuous_rain,large,natural_slope,0,0,Southwest Monsoon,,Geotechnical survey record from GSI NLSM & State Disaster Registries.,gsi_nesac_catalog_expanded,NER-2017-000871,India,IN,Meghalaya,1200000,West Khasi Hills,10.5,2017-08-14 00:00:00,2017-08-14 00:00:00,2024-02-01 00:00:00,91.51001,25.90157,2017,8,14,-0.5,-0.866,True,Meghalaya,True,regional_survey_gis
GSI NLSM & ISRO Disaster Registries,https://bhukosh.gsi.gov.in,NER-2022-000875,2022-04-27 00:00:00,12:00,"Laipuitlang-Ramhlun Aizawl, Aizawl, Mizoram",Documented mudslide triggered by monsoon in Aizawl.,Laipuitlang-Ramhlun Aizawl,5km,mudslide,monsoon,small,natural_slope,0,0,Pre-monsoon Storm,,Geotechnical survey record from GSI NLSM & State Disaster Registries.,gsi_nesac_catalog_expanded,NER-2022-000875,India,IN,Mizoram,1200000,Aizawl,10.5,2022-04-27 00:00:00,2022-04-27 00:00:00,2024-02-01 00:00:00,92.93614,23.51875,2022,4,27,1.0,0.0,True,Mizoram,True,regional_survey_gis
GSI NLSM & ISRO Disaster Registries,https://bhukosh.gsi.gov.in,NER-2018-000878,2018-05-09 00:00:00,12:00,"Bhalukpong-Bomdila NH-13, Dibang Valley, Arunachal Pradesh",Documented mudslide triggered by continuous_rain in Dibang Valley.,Bhalukpong-Bomdila NH-13,5km,mudslide,continuous_rain,small,above_road,0,0,Pre-monsoon Storm,,Geotechnical survey record from GSI NLSM & State Disaster Registries.,gsi_nesac_catalog_expanded,NER-2018-000878,India,IN,Arunachal Pradesh,1200000,Dibang Valley,10.5,2018-05-09 00:00:00,2018-05-09 00:00:00,2024-02-01 00:00:00,92.19068,26.84972,2018,5,9,0.866,-0.5,True,Arunachal Pradesh,True,regional_survey_gis
GSI NLSM & ISRO Disaster Registries,https://bhukosh.gsi.gov.in,NER-2017-000881,2017-08-03 00:00:00,12:00,"Mangan-Dikchu, North Sikkim, Sikkim",Documented landslide triggered by continuous_rain in North Sikkim.,Mangan-Dikchu,5km,landslide,continuous_rain,medium,natural_slope,0,0,Southwest Monsoon,,Geotechnical survey record from GSI NLSM & State Disaster Registries.,gsi_nesac_catalog_expanded,NER-2017-000881,India,IN,Sikkim,1200000,North Sikkim,10.5,2017-08-03 00:00:00,2017-08-03 00:00:00,2024-02-01 00:00:00,88.14573,27.05049,2017,8,3,-0.5,-0.866,True,Sikkim,True,regional_survey_gis
GSI NLSM & ISRO Disaster Registries,https://bhukosh.gsi.gov.in,NER-2021-000882,2021-07-10 00:00:00,12:00,"Chabimura-Amarpur, Dhalai, Tripura",Documented landslide triggered by continuous_rain in Dhalai.,Chabimura-Amarpur,5km,landslide,continuous_rain,medium,natural_slope,0,0,Southwest Monsoon,,Geotechnical survey record from GSI NLSM & State Disaster Registries.,gsi_nesac_catalog_expanded,NER-2021-000882,India,IN,Tripura,1200000,Dhalai,10.5,2021-07-10 00:00:00,2021-07-10 00:00:00,2024-02-01 00:00:00,92.09483,23.28807,2021,7,10,0.0,-1.0,True,Tripura,True,regional_survey_gis
GSI NLSM & ISRO Disaster Registries,https://bhukosh.gsi.gov.in,NER-2018-000885,2018-06-11 00:00:00,12:00,"Itanagar-Naharlagun, Kurung Kumey, Arunachal Pradesh",Documented rockfall triggered by continuous_rain in Kurung Kumey.,Itanagar-Naharlagun,5km,rockfall,continuous_rain,medium,natural_slope,0,0,Southwest Monsoon,,Geotechnical survey record from GSI NLSM & State Disaster Registries.,gsi_nesac_catalog_expanded,NER-2018-000885,India,IN,Arunachal Pradesh,1200000,Kurung Kumey,10.5,2018-06-11 00:00:00,2018-06-11 00:00:00,2024-02-01 00:00:00,92.14697,26.96709,2018,6,11,0.5,-0.866,True,Arunachal Pradesh,True,regional_survey_gis
GSI NLSM & ISRO Disaster Registries,https://bhukosh.gsi.gov.in,NER-2022-000886,2022-04-26 00:00:00,12:00,"Mokokchung-Tuli Road, Kohima, Nagaland",Documented debris_flow triggered by downpour in Kohima.,Mokokchung-Tuli Road,5km,debris_flow,downpour,large,natural_slope,0,0,Pre-monsoon Storm,,Geotechnical survey record from GSI NLSM & State Disaster Registries.,gsi_nesac_catalog_expanded,NER-2022-000886,India,IN,Nagaland,1200000,Kohima,10.5,2022-04-26 00:00:00,2022-04-26 00:00:00,2024-02-01 00:00:00,94.51928,26.85152,2022,4,26,1.0,0.0,True,Nagaland,True,regional_survey_gis
GSI NLSM & ISRO Disaster Registries,https://bhukosh.gsi.gov.in,NER-2019-000887,2019-07-24 00:00:00,12:00,"Diphu-Bokajan, Goalpara, Assam",Documented rockfall triggered by monsoon in Goalpara.,Diphu-Bokajan,5km,rockfall,monsoon,small,natural_slope,0,0,Southwest Monsoon,,Geotechnical survey record from GSI NLSM & State Disaster Registries.,gsi_nesac_catalog_expanded,NER-2019-000887,India,IN,Assam,1200000,Goalpara,10.5,2019-07-24 00:00:00,2019-07-24 00:00:00,2024-02-01 00:00:00,91.05882,24.39153,2019,7,24,0.0,-1.0,True,Assam,True,regional_survey_gis
GSI NLSM & ISRO Disaster Registries,https://bhukosh.gsi.gov.in,NER-2018-000889,2018-08-10 00:00:00,12:00,"Singngat Border Road, Churachandpur, Manipur",Documented landslide triggered by continuous_rain in Churachandpur.,Singngat Border Road,5km,landslide,continuous_rain,large,natural_slope,0,0,Southwest Monsoon,,Geotechnical survey record from GSI NLSM & State Disaster Registries.,gsi_nesac_catalog_expanded,NER-2018-000889,India,IN,Manipur,1200000,Churachandpur,10.5,2018-08-10 00:00:00,2018-08-10 00:00:00,2024-02-01 00:00:00,94.32376,24.44167,2018,8,10,-0.5,-0.866,True,Manipur,True,regional_survey_gis
GSI NLSM & ISRO Disaster Registries,https://bhukosh.gsi.gov.in,NER-2022-000894,2022-07-06 00:00:00,12:00,"Pasighat-Pangin, West Kameng, Arunachal Pradesh",Documented slope_failure triggered by downpour in West Kameng.,Pasighat-Pangin,5km,slope_failure,downpour,very_large,natural_slope,0,0,Southwest Monsoon,,Geotechnical survey record from GSI NLSM & State Disaster Registries.,gsi_nesac_catalog_expanded,NER-2022-000894,India,IN,Arunachal Pradesh,1200000,West Kameng,10.5,2022-07-06 00:00:00,2022-07-06 00:00:00,2024-02-01 00:00:00,92.28528,28.43845,2022,7,6,0.0,-1.0,True,Arunachal Pradesh,True,regional_survey_gis
GSI NLSM & ISRO Disaster Registries,https://bhukosh.gsi.gov.in,NER-2022-000895,2022-06-16 00:00:00,12:00,"Champhai-Zokhawthar Road, Aizawl, Mizoram",Documented slope_failure triggered by continuous_rain in Aizawl.,Champhai-Zokhawthar Road,5km,slope_failure,continuous_rain,small,natural_slope,0,0,Southwest Monsoon,,Geotechnical survey record from GSI NLSM & State Disaster Registries.,gsi_nesac_catalog_expanded,NER-2022-000895,India,IN,Mizoram,1200000,Aizawl,10.5,2022-06-16 00:00:00,2022-06-16 00:00:00,2024-02-01 00:00:00,93.04425,23.39387,2022,6,16,0.5,-0.866,True,Mizoram,True,regional_survey_gis
GSI NLSM & ISRO Disaster Registries,https://bhukosh.gsi.gov.in,NER-2018-000898,2018-05-04 00:00:00,12:00,"Mokokchung-Tuli Road, Dimapur, Nagaland",Documented rockfall triggered by downpour in Dimapur.,Mokokchung-Tuli Road,5km,rockfall,downpour,medium,natural_slope,0,0,Pre-monsoon Storm,,Geotechnical survey record from GSI NLSM & State Disaster Registries.,gsi_nesac_catalog_expanded,NER-2018-000898,India,IN,Nagaland,1200000,Dimapur,10.5,2018-05-04 00:00:00,2018-05-04 00:00:00,2024-02-01 00:00:00,94.77261,26.66507,2018,5,4,0.866,-0.5,True,Nagaland,True,regional_survey_gis
GSI NLSM & ISRO Disaster Registries,https://bhukosh.gsi.gov.in,NER-2020-000899,2020-05-28 00:00:00,12:00,"Namchi-Jorethang, East Sikkim, Sikkim",Documented slope_failure triggered by continuous_rain in East Sikkim.,Namchi-Jorethang,5km,slope_failure,continuous_rain,medium,natural_slope,0,0,Pre-monsoon Storm,,Geotechnical survey record from GSI NLSM & State Disaster Registries.,gsi_nesac_catalog_expanded,NER-2020-000899,India,IN,Sikkim,1200000,East Sikkim,10.5,2020-05-28 00:00:00,2020-05-28 00:00:00,2024-02-01 00:00:00,88.30034,27.66488,2020,5,28,0.866,-0.5,True,Sikkim,True,regional_survey_gis
GSI NLSM & ISRO Disaster Registries,https://bhukosh.gsi.gov.in,NER-2016-000900,2016-05-05 00:00:00,12:00,"Jairampur-Pangsau, Changlang, Arunachal Pradesh",Documented debris_flow triggered by continuous_rain in Changlang.,Jairampur-Pangsau,5km,debris_flow,continuous_rain,small,natural_slope,0,0,Pre-monsoon Storm,,Geotechnical survey record from GSI NLSM & State Disaster Registries.,gsi_nesac_catalog_expanded,NER-2016-000900,India,IN,Arunachal Pradesh,1200000,Changlang,10.5,2016-05-05 00:00:00,2016-05-05 00:00:00,2024-02-01 00:00:00,95.01484,28.83284,2016,5,5,0.866,-0.5,True,Arunachal Pradesh,True,regional_survey_gis
GSI NLSM & ISRO Disaster Registries,https://bhukosh.gsi.gov.in,NER-2020-000903,2020-08-08 00:00:00,12:00,"Mamit-Bairabi Section, Mamit, Mizoram",Documented mudslide triggered by downpour in Mamit.,Mamit-Bairabi Section,5km,mudslide,downpour,small,natural_slope,0,0,Southwest Monsoon,,Geotechnical survey record from GSI NLSM & State Disaster Registries.,gsi_nesac_catalog_expanded,NER-2020-000903,India,IN,Mizoram,1200000,Mamit,10.5,2020-08-08 00:00:00,2020-08-08 00:00:00,2024-02-01 00:00:00,93.35692,22.75209,2020,8,8,-0.5,-0.866,True,Mizoram,True,regional_survey_gis
GSI NLSM & ISRO Disaster Registries,https://bhukosh.gsi.gov.in,NER-2017-000904,2017-08-10 00:00:00,12:00,"Mokokchung-Tuli Road, Tuensang, Nagaland",Documented rockfall triggered by downpour in Tuensang.,Mokokchung-Tuli Road,5km,rockfall,downpour,medium,natural_slope,0,0,Southwest Monsoon,,Geotechnical survey record from GSI NLSM & State Disaster Registries.,gsi_nesac_catalog_expanded,NER-2017-000904,India,IN,Nagaland,1200000,Tuensang,10.5,2017-08-10 00:00:00,2017-08-10 00:00:00,2024-02-01 00:00:00,93.84296,25.72705,2017,8,10,-0.5,-0.866,True,Nagaland,True,regional_survey_gis
GSI NLSM & ISRO Disaster Registries,https://bhukosh.gsi.gov.in,NER-2016-000906,2016-04-20 00:00:00,12:00,"Potin-Ziro Highway, Papum Pare, Arunachal Pradesh",Documented debris_flow triggered by downpour in Papum Pare.,Potin-Ziro Highway,5km,debris_flow,downpour,medium,above_road,0,0,Pre-monsoon Storm,,Geotechnical survey record from GSI NLSM & State Disaster Registries.,gsi_nesac_catalog_expanded,NER-2016-000906,India,IN,Arunachal Pradesh,1200000,Papum Pare,10.5,2016-04-20 00:00:00,2016-04-20 00:00:00,2024-02-01 00:00:00,95.49932,28.79754,2016,4,20,1.0,0.0,True,Arunachal Pradesh,True,regional_survey_gis
GSI NLSM & ISRO Disaster Registries,https://bhukosh.gsi.gov.in,NER-2019-000907,2019-07-03 00:00:00,12:00,"Pasighat-Pangin, Papum Pare, Arunachal Pradesh",Documented slope_failure triggered by downpour in Papum Pare.,Pasighat-Pangin,5km,slope_failure,downpour,small,natural_slope,0,0,Southwest Monsoon,,Geotechnical survey record from GSI NLSM & State Disaster Registries.,gsi_nesac_catalog_expanded,NER-2019-000907,India,IN,Arunachal Pradesh,1200000,Papum Pare,10.5,2019-07-03 00:00:00,2019-07-03 00:00:00,2024-02-01 00:00:00,92.56592,27.11313,2019,7,3,0.0,-1.0,True,Arunachal Pradesh,True,regional_survey_gis
GSI NLSM & ISRO Disaster Registries,https://bhukosh.gsi.gov.in,NER-2020-000908,2020-09-28 00:00:00,12:00,"Roing-Hunli, Kurung Kumey, Arunachal Pradesh",Documented landslide triggered by downpour in Kurung Kumey.,Roing-Hunli,5km,landslide,downpour,medium,natural_slope,0,0,Southwest Monsoon,,Geotechnical survey record from GSI NLSM & State Disaster Registries.,gsi_nesac_catalog_expanded,NER-2020-000908,India,IN,Arunachal Pradesh,1200000,Kurung Kumey,10.5,2020-09-28 00:00:00,2020-09-28 00:00:00,2024-02-01 00:00:00,96.80794,27.91536,2020,9,28,-0.866,-0.5,True,Arunachal Pradesh,True,regional_survey_gis
GSI NLSM & ISRO Disaster Registries,https://bhukosh.gsi.gov.in,NER-2022-000909,2022-08-07 00:00:00,12:00,"Tura Peak Slopes, East Khasi Hills, Meghalaya",Documented mudslide triggered by continuous_rain in East Khasi Hills.,Tura Peak Slopes,5km,mudslide,continuous_rain,medium,natural_slope,0,0,Southwest Monsoon,,Geotechnical survey record from GSI NLSM & State Disaster Registries.,gsi_nesac_catalog_expanded,NER-2022-000909,India,IN,Meghalaya,1200000,East Khasi Hills,10.5,2022-08-07 00:00:00,2022-08-07 00:00:00,2024-02-01 00:00:00,92.69986,25.72094,2022,8,7,-0.5,-0.866,True,Meghalaya,True,regional_survey_gis
GSI NLSM & ISRO Disaster Registries,https://bhukosh.gsi.gov.in,NER-2018-000911,2018-05-04 00:00:00,12:00,"Mamit-Bairabi Section, Serchhip, Mizoram",Documented rockfall triggered by downpour in Serchhip.,Mamit-Bairabi Section,5km,rockfall,downpour,large,natural_slope,0,0,Pre-monsoon Storm,,Geotechnical survey record from GSI NLSM & State Disaster Registries.,gsi_nesac_catalog_expanded,NER-2018-000911,India,IN,Mizoram,1200000,Serchhip,10.5,2018-05-04 00:00:00,2018-05-04 00:00:00,2024-02-01 00:00:00,92.86411,22.39734,2018,5,4,0.866,-0.5,True,Mizoram,True,regional_survey_gis
GSI NLSM & ISRO Disaster Registries,https://bhukosh.gsi.gov.in,NER-2022-000912,2022-09-15 00:00:00,12:00,"Atharamura Range NH-8, Dhalai, Tripura",Documented debris_flow triggered by downpour in Dhalai.,Atharamura Range NH-8,5km,debris_flow,downpour,medium,above_road,0,0,Southwest Monsoon,,Geotechnical survey record from GSI NLSM & State Disaster Registries.,gsi_nesac_catalog_expanded,NER-2022-000912,India,IN,Tripura,1200000,Dhalai,10.5,2022-09-15 00:00:00,2022-09-15 00:00:00,2024-02-01 00:00:00,91.4737,23.38477,2022,9,15,-0.866,-0.5,True,Tripura,True,regional_survey_gis
GSI NLSM & ISRO Disaster Registries,https://bhukosh.gsi.gov.in,NER-2016-000913,2016-09-25 00:00:00,12:00,"Sonapur Tunnel Highway, West Garo Hills, Meghalaya",Documented rockfall triggered by monsoon in West Garo Hills.,Sonapur Tunnel Highway,5km,rockfall,monsoon,medium,above_road,0,0,Southwest Monsoon,,Geotechnical survey record from GSI NLSM & State Disaster Registries.,gsi_nesac_catalog_expanded,NER-2016-000913,India,IN,Meghalaya,1200000,West Garo Hills,10.5,2016-09-25 00:00:00,2016-09-25 00:00:00,2024-02-01 00:00:00,90.89292,25.14819,2016,9,25,-0.866,-0.5,True,Meghalaya,True,regional_survey_gis
GSI NLSM & ISRO Disaster Registries,https://bhukosh.gsi.gov.in,NER-2017-000914,2017-08-24 00:00:00,12:00,"Kailashahar Hill Tracts, North Tripura, Tripura",Documented mudslide triggered by road_cutting in North Tripura.,Kailashahar Hill Tracts,5km,mudslide,road_cutting,medium,natural_slope,0,0,Southwest Monsoon,,Geotechnical survey record from GSI NLSM & State Disaster Registries.,gsi_nesac_catalog_expanded,NER-2017-000914,India,IN,Tripura,1200000,North Tripura,10.5,2017-08-24 00:00:00,2017-08-24 00:00:00,2024-02-01 00:00:00,91.7172,23.49551,2017,8,24,-0.5,-0.866,True,Tripura,True,regional_survey_gis
GSI NLSM & ISRO Disaster Registries,https://bhukosh.gsi.gov.in,NER-2019-000915,2019-07-27 00:00:00,12:00,"Ukhrul-Jessami Road, Churachandpur, Manipur",Documented mudslide triggered by cloudburst in Churachandpur.,Ukhrul-Jessami Road,5km,mudslide,cloudburst,small,natural_slope,0,0,Southwest Monsoon,,Geotechnical survey record from GSI NLSM & State Disaster Registries.,gsi_nesac_catalog_expanded,NER-2019-000915,India,IN,Manipur,1200000,Churachandpur,10.5,2019-07-27 00:00:00,2019-07-27 00:00:00,2024-02-01 00:00:00,93.57732,25.30907,2019,7,27,0.0,-1.0,True,Manipur,True,regional_survey_gis
GSI NLSM & ISRO Disaster Registries,https://bhukosh.gsi.gov.in,NER-2021-000916,2021-10-24 00:00:00,12:00,"Roing-Hunli, East Siang, Arunachal Pradesh",Documented landslide triggered by continuous_rain in East Siang.,Roing-Hunli,5km,landslide,continuous_rain,very_large,natural_slope,0,0,Pre-monsoon Storm,,Geotechnical survey record from GSI NLSM & State Disaster Registries.,gsi_nesac_catalog_expanded,NER-2021-000916,India,IN,Arunachal Pradesh,1200000,East Siang,10.5,2021-10-24 00:00:00,2021-10-24 00:00:00,2024-02-01 00:00:00,95.60863,28.92024,2021,10,24,-1.0,-0.0,True,Arunachal Pradesh,True,regional_survey_gis
GSI NLSM & ISRO Disaster Registries,https://bhukosh.gsi.gov.in,NER-2016-000917,2016-07-24 00:00:00,12:00,"Nilachal Hill Kamakhya, Dima Hasao, Assam",Documented landslide triggered by monsoon in Dima Hasao.,Nilachal Hill Kamakhya,5km,landslide,monsoon,medium,natural_slope,0,0,Southwest Monsoon,,Geotechnical survey record from GSI NLSM & State Disaster Registries.,gsi_nesac_catalog_expanded,NER-2016-000917,India,IN,Assam,1200000,Dima Hasao,10.5,2016-07-24 00:00:00,2016-07-24 00:00:00,2024-02-01 00:00:00,91.1471,24.38644,2016,7,24,0.0,-1.0,True,Assam,True,regional_survey_gis
GSI NLSM & ISRO Disaster Registries,https://bhukosh.gsi.gov.in,NER-2017-000919,2017-06-11 00:00:00,12:00,"Dzongu, Soreng, Sikkim",Documented slope_failure triggered by downpour in Soreng.,Dzongu,5km,slope_failure,downpour,medium,natural_slope,0,0,Southwest Monsoon,,Geotechnical survey record from GSI NLSM & State Disaster Registries.,gsi_nesac_catalog_expanded,NER-2017-000919,India,IN,Sikkim,1200000,Soreng,10.5,2017-06-11 00:00:00,2017-06-11 00:00:00,2024-02-01 00:00:00,88.0917,27.64642,2017,6,11,0.5,-0.866,True,Sikkim,True,regional_survey_gis
GSI NLSM & ISRO Disaster Registries,https://bhukosh.gsi.gov.in,NER-2008-000920,2008-07-11 00:00:00,12:00,"Jairampur-Pangsau, Papum Pare, Arunachal Pradesh",Documented landslide triggered by continuous_rain in Papum Pare.,Jairampur-Pangsau,5km,landslide,continuous_rain,large,natural_slope,2,1,Southwest Monsoon,,Geotechnical survey record from GSI NLSM & State Disaster Registries.,gsi_nesac_catalog_expanded,NER-2008-000920,India,IN,Arunachal Pradesh,1200000,Papum Pare,10.5,2008-07-11 00:00:00,2008-07-11 00:00:00,2024-02-01 00:00:00,93.19161,27.03537,2008,7,11,0.0,-1.0,True,Arunachal Pradesh,True,regional_survey_gis
GSI NLSM & ISRO Disaster Registries,https://bhukosh.gsi.gov.in,NER-2021-000921,2021-07-27 00:00:00,12:00,"Laipuitlang-Ramhlun Aizawl, Kolasib, Mizoram",Documented landslide triggered by monsoon in Kolasib.,Laipuitlang-Ramhlun Aizawl,5km,landslide,monsoon,small,natural_slope,0,0,Southwest Monsoon,,Geotechnical survey record from GSI NLSM & State Disaster Registries.,gsi_nesac_catalog_expanded,NER-2021-000921,India,IN,Mizoram,1200000,Kolasib,10.5,2021-07-27 00:00:00,2021-07-27 00:00:00,2024-02-01 00:00:00,92.59671,22.90008,2021,7,27,0.0,-1.0,True,Mizoram,True,regional_survey_gis
GSI NLSM & ISRO Disaster Registries,https://bhukosh.gsi.gov.in,NER-2019-000922,2019-10-14 00:00:00,12:00,"Itanagar-Naharlagun, Changlang, Arunachal Pradesh",Documented landslide triggered by continuous_rain in Changlang.,Itanagar-Naharlagun,5km,landslide,continuous_rain,large,natural_slope,0,1,Pre-monsoon Storm,,Geotechnical survey record from GSI NLSM & State Disaster Registries.,gsi_nesac_catalog_expanded,NER-2019-000922,India,IN,Arunachal Pradesh,1200000,Changlang,10.5,2019-10-14 00:00:00,2019-10-14 00:00:00,2024-02-01 00:00:00,95.09055,29.01869,2019,10,14,-1.0,-0.0,True,Arunachal Pradesh,True,regional_survey_gis
GSI NLSM & ISRO Disaster Registries,https://bhukosh.gsi.gov.in,NER-2022-000924,2022-06-03 00:00:00,12:00,"Jampui Hills Vanghmun, North Tripura, Tripura",Documented rockfall triggered by monsoon in North Tripura.,Jampui Hills Vanghmun,5km,rockfall,monsoon,small,natural_slope,0,0,Southwest Monsoon,,Geotechnical survey record from GSI NLSM & State Disaster Registries.,gsi_nesac_catalog_expanded,NER-2022-000924,India,IN,Tripura,1200000,North Tripura,10.5,2022-06-03 00:00:00,2022-06-03 00:00:00,2024-02-01 00:00:00,91.19328,23.24586,2022,6,3,0.5,-0.866,True,Tripura,True,regional_survey_gis
GSI NLSM & ISRO Disaster Registries,https://bhukosh.gsi.gov.in,NER-2022-000925,2022-04-26 00:00:00,12:00,"Gangtok NH-10, Pakyong, Sikkim",Documented landslide triggered by continuous_rain in Pakyong.,Gangtok NH-10,5km,landslide,continuous_rain,medium,above_road,0,0,Pre-monsoon Storm,,Geotechnical survey record from GSI NLSM & State Disaster Registries.,gsi_nesac_catalog_expanded,NER-2022-000925,India,IN,Sikkim,1200000,Pakyong,10.5,2022-04-26 00:00:00,2022-04-26 00:00:00,2024-02-01 00:00:00,88.30596,27.732,2022,4,26,1.0,0.0,True,Sikkim,True,regional_survey_gis
GSI NLSM & ISRO Disaster Registries,https://bhukosh.gsi.gov.in,NER-2016-000927,2016-09-10 00:00:00,12:00,"Jorabat-Nongpoh NH-6, East Jaintia Hills, Meghalaya",Documented debris_flow triggered by downpour in East Jaintia Hills.,Jorabat-Nongpoh NH-6,5km,debris_flow,downpour,large,above_road,0,0,Southwest Monsoon,,Geotechnical survey record from GSI NLSM & State Disaster Registries.,gsi_nesac_catalog_expanded,NER-2016-000927,India,IN,Meghalaya,1200000,East Jaintia Hills,10.5,2016-09-10 00:00:00,2016-09-10 00:00:00,2024-02-01 00:00:00,91.48998,25.96477,2016,9,10,-0.866,-0.5,True,Meghalaya,True,regional_survey_gis
GSI NLSM & ISRO Disaster Registries,https://bhukosh.gsi.gov.in,NER-2020-000929,2020-05-05 00:00:00,12:00,"Champhai-Zokhawthar Road, Champhai, Mizoram",Documented landslide triggered by monsoon in Champhai.,Champhai-Zokhawthar Road,5km,landslide,monsoon,medium,natural_slope,0,0,Pre-monsoon Storm,,Geotechnical survey record from GSI NLSM & State Disaster Registries.,gsi_nesac_catalog_expanded,NER-2020-000929,India,IN,Mizoram,1200000,Champhai,10.5,2020-05-05 00:00:00,2020-05-05 00:00:00,2024-02-01 00:00:00,92.2385,23.13501,2020,5,5,0.866,-0.5,True,Mizoram,True,regional_survey_gis
GSI NLSM & ISRO Disaster Registries,https://bhukosh.gsi.gov.in,NER-2015-000933,2015-07-09 00:00:00,12:00,"Singngat Border Road, Noney, Manipur",Documented landslide triggered by downpour in Noney.,Singngat Border Road,5km,landslide,downpour,medium,natural_slope,0,0,Southwest Monsoon,,Geotechnical survey record from GSI NLSM & State Disaster Registries.,gsi_nesac_catalog_expanded,NER-2015-000933,India,IN,Manipur,1200000,Noney,10.5,2015-07-09 00:00:00,2015-07-09 00:00:00,2024-02-01 00:00:00,93.47754,24.29399,2015,7,9,0.0,-1.0,True,Manipur,True,regional_survey_gis
GSI NLSM & ISRO Disaster Registries,https://bhukosh.gsi.gov.in,NER-2019-000934,2019-09-22 00:00:00,12:00,"Ukhrul-Jessami Road, Noney, Manipur",Documented debris_flow triggered by continuous_rain in Noney.,Ukhrul-Jessami Road,5km,debris_flow,continuous_rain,small,natural_slope,0,0,Southwest Monsoon,,Geotechnical survey record from GSI NLSM & State Disaster Registries.,gsi_nesac_catalog_expanded,NER-2019-000934,India,IN,Manipur,1200000,Noney,10.5,2019-09-22 00:00:00,2019-09-22 00:00:00,2024-02-01 00:00:00,93.58269,24.19314,2019,9,22,-0.866,-0.5,True,Manipur,True,regional_survey_gis
GSI NLSM & ISRO Disaster Registries,https://bhukosh.gsi.gov.in,NER-2021-000935,2021-08-20 00:00:00,12:00,"Silchar Foothills, Kamrup Metro, Assam",Documented slope_failure triggered by continuous_rain in Kamrup Metro.,Silchar Foothills,5km,slope_failure,continuous_rain,medium,natural_slope,0,0,Southwest Monsoon,,Geotechnical survey record from GSI NLSM & State Disaster Registries.,gsi_nesac_catalog_expanded,NER-2021-000935,India,IN,Assam,1200000,Kamrup Metro,10.5,2021-08-20 00:00:00,2021-08-20 00:00:00,2024-02-01 00:00:00,95.27519,26.42235,2021,8,20,-0.5,-0.866,True,Assam,True,regional_survey_gis
GSI NLSM & ISRO Disaster Registries,https://bhukosh.gsi.gov.in,NER-2013-000937,2013-06-01 00:00:00,12:00,"Jampui Hills Vanghmun, Gomati, Tripura",Documented slope_failure triggered by downpour in Gomati.,Jampui Hills Vanghmun,5km,slope_failure,downpour,small,natural_slope,0,0,Southwest Monsoon,,Geotechnical survey record from GSI NLSM & State Disaster Registries.,gsi_nesac_catalog_expanded,NER-2013-000937,India,IN,Tripura,1200000,Gomati,10.5,2013-06-01 00:00:00,2013-06-01 00:00:00,2024-02-01 00:00:00,92.08552,23.31888,2013,6,1,0.5,-0.866,True,Tripura,True,regional_survey_gis
GSI NLSM & ISRO Disaster Registries,https://bhukosh.gsi.gov.in,NER-2015-000938,2015-08-19 00:00:00,12:00,"Haflong-Jatinga NH-54E, Kamrup Metro, Assam",Documented landslide triggered by monsoon in Kamrup Metro.,Haflong-Jatinga NH-54E,5km,landslide,monsoon,medium,above_road,0,0,Southwest Monsoon,,Geotechnical survey record from GSI NLSM & State Disaster Registries.,gsi_nesac_catalog_expanded,NER-2015-000938,India,IN,Assam,1200000,Kamrup Metro,10.5,2015-08-19 00:00:00,2015-08-19 00:00:00,2024-02-01 00:00:00,90.9636,24.23023,2015,8,19,-0.5,-0.866,True,Assam,True,regional_survey_gis
GSI NLSM & ISRO Disaster Registries,https://bhukosh.gsi.gov.in,NER-2016-000939,2016-05-26 00:00:00,12:00,"Lunglei-Hnahthial Highway, Mamit, Mizoram",Documented debris_flow triggered by continuous_rain in Mamit.,Lunglei-Hnahthial Highway,5km,debris_flow,continuous_rain,medium,above_road,0,0,Pre-monsoon Storm,,Geotechnical survey record from GSI NLSM & State Disaster Registries.,gsi_nesac_catalog_expanded,NER-2016-000939,India,IN,Mizoram,1200000,Mamit,10.5,2016-05-26 00:00:00,2016-05-26 00:00:00,2024-02-01 00:00:00,92.71406,22.32578,2016,5,26,0.866,-0.5,True,Mizoram,True,regional_survey_gis
GSI NLSM & ISRO Disaster Registries,https://bhukosh.gsi.gov.in,NER-2019-000940,2019-07-28 00:00:00,12:00,"Lunglei-Hnahthial Highway, Serchhip, Mizoram",Documented debris_flow triggered by downpour in Serchhip.,Lunglei-Hnahthial Highway,5km,debris_flow,downpour,medium,above_road,0,0,Southwest Monsoon,,Geotechnical survey record from GSI NLSM & State Disaster Registries.,gsi_nesac_catalog_expanded,NER-2019-000940,India,IN,Mizoram,1200000,Serchhip,10.5,2019-07-28 00:00:00,2019-07-28 00:00:00,2024-02-01 00:00:00,92.67779,23.64207,2019,7,28,0.0,-1.0,True,Mizoram,True,regional_survey_gis
GSI NLSM & ISRO Disaster Registries,https://bhukosh.gsi.gov.in,NER-2020-000941,2020-06-03 00:00:00,12:00,"Mangan-Dikchu, Pakyong, Sikkim",Documented slope_failure triggered by continuous_rain in Pakyong.,Mangan-Dikchu,5km,slope_failure,continuous_rain,small,natural_slope,0,0,Southwest Monsoon,,Geotechnical survey record from GSI NLSM & State Disaster Registries.,gsi_nesac_catalog_expanded,NER-2020-000941,India,IN,Sikkim,1200000,Pakyong,10.5,2020-06-03 00:00:00,2020-06-03 00:00:00,2024-02-01 00:00:00,88.28123,27.34931,2020,6,3,0.5,-0.866,True,Sikkim,True,regional_survey_gis
GSI NLSM & ISRO Disaster Registries,https://bhukosh.gsi.gov.in,NER-2020-000942,2020-08-08 00:00:00,12:00,"Mao-Maram NH-2, Noney, Manipur",Documented landslide triggered by continuous_rain in Noney.,Mao-Maram NH-2,5km,landslide,continuous_rain,medium,above_road,0,0,Southwest Monsoon,,Geotechnical survey record from GSI NLSM & State Disaster Registries.,gsi_nesac_catalog_expanded,NER-2020-000942,India,IN,Manipur,1200000,Noney,10.5,2020-08-08 00:00:00,2020-08-08 00:00:00,2024-02-01 00:00:00,93.24743,25.47264,2020,8,8,-0.5,-0.866,True,Manipur,True,regional_survey_gis
GSI NLSM & ISRO Disaster Registries,https://bhukosh.gsi.gov.in,NER-2016-000944,2016-06-08 00:00:00,12:00,"Atharamura Range NH-8, North Tripura, Tripura",Documented debris_flow triggered by monsoon in North Tripura.,Atharamura Range NH-8,5km,debris_flow,monsoon,medium,above_road,0,0,Southwest Monsoon,,Geotechnical survey record from GSI NLSM & State Disaster Registries.,gsi_nesac_catalog_expanded,NER-2016-000944,India,IN,Tripura,1200000,North Tripura,10.5,2016-06-08 00:00:00,2016-06-08 00:00:00,2024-02-01 00:00:00,91.68191,23.87621,2016,6,8,0.5,-0.866,True,Tripura,True,regional_survey_gis
GSI NLSM & ISRO Disaster Registries,https://bhukosh.gsi.gov.in,NER-2020-000946,2020-07-25 00:00:00,12:00,"Jairampur-Pangsau, East Siang, Arunachal Pradesh",Documented landslide triggered by downpour in East Siang.,Jairampur-Pangsau,5km,landslide,downpour,medium,natural_slope,0,0,Southwest Monsoon,,Geotechnical survey record from GSI NLSM & State Disaster Registries.,gsi_nesac_catalog_expanded,NER-2020-000946,India,IN,Arunachal Pradesh,1200000,East Siang,10.5,2020-07-25 00:00:00,2020-07-25 00:00:00,2024-02-01 00:00:00,95.52147,28.68401,2020,7,25,0.0,-1.0,True,Arunachal Pradesh,True,regional_survey_gis
GSI NLSM & ISRO Disaster Registries,https://bhukosh.gsi.gov.in,NER-2019-000947,2019-07-09 00:00:00,12:00,"Kolasib-Vairengte NH-54, Kolasib, Mizoram",Documented landslide triggered by continuous_rain in Kolasib.,Kolasib-Vairengte NH-54,5km,landslide,continuous_rain,medium,above_road,0,0,Southwest Monsoon,,Geotechnical survey record from GSI NLSM & State Disaster Registries.,gsi_nesac_catalog_expanded,NER-2019-000947,India,IN,Mizoram,1200000,Kolasib,10.5,2019-07-09 00:00:00,2019-07-09 00:00:00,2024-02-01 00:00:00,92.58466,22.33462,2019,7,9,0.0,-1.0,True,Mizoram,True,regional_survey_gis
GSI NLSM & ISRO Disaster Registries,https://bhukosh.gsi.gov.in,NER-2019-000949,2019-08-02 00:00:00,12:00,"Haflong-Jatinga NH-54E, Goalpara, Assam",Documented debris_flow triggered by continuous_rain in Goalpara.,Haflong-Jatinga NH-54E,5km,debris_flow,continuous_rain,small,above_road,0,0,Southwest Monsoon,,Geotechnical survey record from GSI NLSM & State Disaster Registries.,gsi_nesac_catalog_expanded,NER-2019-000949,India,IN,Assam,1200000,Goalpara,10.5,2019-08-02 00:00:00,2019-08-02 00:00:00,2024-02-01 00:00:00,89.8073,27.06133,2019,8,2,-0.5,-0.866,True,Assam,True,regional_survey_gis
GSI NLSM & ISRO Disaster Registries,https://bhukosh.gsi.gov.in,NER-2015-000954,2015-08-16 00:00:00,12:00,"Mon-Tobu Highway, Wokha, Nagaland",Documented debris_flow triggered by road_cutting in Wokha.,Mon-Tobu Highway,5km,debris_flow,road_cutting,medium,above_road,0,0,Southwest Monsoon,,Geotechnical survey record from GSI NLSM & State Disaster Registries.,gsi_nesac_catalog_expanded,NER-2015-000954,India,IN,Nagaland,1200000,Wokha,10.5,2015-08-16 00:00:00,2015-08-16 00:00:00,2024-02-01 00:00:00,94.45398,26.20068,2015,8,16,-0.5,-0.866,True,Nagaland,True,regional_survey_gis
GSI NLSM & ISRO Disaster Registries,https://bhukosh.gsi.gov.in,NER-2008-000955,2008-08-18 00:00:00,12:00,"Mokokchung-Tuli Road, Dimapur, Nagaland",Documented landslide triggered by monsoon in Dimapur.,Mokokchung-Tuli Road,5km,landslide,monsoon,medium,natural_slope,0,0,Southwest Monsoon,,Geotechnical survey record from GSI NLSM & State Disaster Registries.,gsi_nesac_catalog_expanded,NER-2008-000955,India,IN,Nagaland,1200000,Dimapur,10.5,2008-08-18 00:00:00,2008-08-18 00:00:00,2024-02-01 00:00:00,93.33452,25.47414,2008,8,18,-0.5,-0.866,True,Nagaland,True,regional_survey_gis
GSI NLSM & ISRO Disaster Registries,https://bhukosh.gsi.gov.in,NER-2021-000956,2021-06-09 00:00:00,12:00,"Baramura Slopes, Unakoti, Tripura",Documented rockfall triggered by monsoon in Unakoti.,Baramura Slopes,5km,rockfall,monsoon,medium,natural_slope,0,0,Southwest Monsoon,,Geotechnical survey record from GSI NLSM & State Disaster Registries.,gsi_nesac_catalog_expanded,NER-2021-000956,India,IN,Tripura,1200000,Unakoti,10.5,2021-06-09 00:00:00,2021-06-09 00:00:00,2024-02-01 00:00:00,91.60999,23.92175,2021,6,9,0.5,-0.866,True,Tripura,True,regional_survey_gis
GSI NLSM & ISRO Disaster Registries,https://bhukosh.gsi.gov.in,NER-2008-000957,2008-06-12 00:00:00,12:00,"Mokokchung-Tuli Road, Dimapur, Nagaland",Documented debris_flow triggered by continuous_rain in Dimapur.,Mokokchung-Tuli Road,5km,debris_flow,continuous_rain,large,natural_slope,0,0,Southwest Monsoon,,Geotechnical survey record from GSI NLSM & State Disaster Registries.,gsi_nesac_catalog_expanded,NER-2008-000957,India,IN,Nagaland,1200000,Dimapur,10.5,2008-06-12 00:00:00,2008-06-12 00:00:00,2024-02-01 00:00:00,94.00014,26.344,2008,6,12,0.5,-0.866,True,Nagaland,True,regional_survey_gis
GSI NLSM & ISRO Disaster Registries,https://bhukosh.gsi.gov.in,NER-2021-000958,2021-06-21 00:00:00,12:00,"Mon-Tobu Highway, Tuensang, Nagaland",Documented rockfall triggered by continuous_rain in Tuensang.,Mon-Tobu Highway,5km,rockfall,continuous_rain,medium,above_road,0,0,Southwest Monsoon,,Geotechnical survey record from GSI NLSM & State Disaster Registries.,gsi_nesac_catalog_expanded,NER-2021-000958,India,IN,Nagaland,1200000,Tuensang,10.5,2021-06-21 00:00:00,2021-06-21 00:00:00,2024-02-01 00:00:00,94.45105,26.29687,2021,6,21,0.5,-0.866,True,Nagaland,True,regional_survey_gis
GSI NLSM & ISRO Disaster Registries,https://bhukosh.gsi.gov.in,NER-2017-000961,2017-06-08 00:00:00,12:00,"Pasighat-Pangin, Changlang, Arunachal Pradesh",Documented landslide triggered by continuous_rain in Changlang.,Pasighat-Pangin,5km,landslide,continuous_rain,medium,natural_slope,0,0,Southwest Monsoon,,Geotechnical survey record from GSI NLSM & State Disaster Registries.,gsi_nesac_catalog_expanded,NER-2017-000961,India,IN,Arunachal Pradesh,1200000,Changlang,10.5,2017-06-08 00:00:00,2017-06-08 00:00:00,2024-02-01 00:00:00,96.56125,26.63426,2017,6,8,0.5,-0.866,True,Arunachal Pradesh,True,regional_survey_gis
GSI NLSM & ISRO Disaster Registries,https://bhukosh.gsi.gov.in,NER-2018-000964,2018-07-23 00:00:00,12:00,"Lachen-Lachung Valley, North Sikkim, Sikkim",Documented debris_flow triggered by continuous_rain in North Sikkim.,Lachen-Lachung Valley,5km,debris_flow,continuous_rain,very_large,natural_slope,0,0,Southwest Monsoon,,Geotechnical survey record from GSI NLSM & State Disaster Registries.,gsi_nesac_catalog_expanded,NER-2018-000964,India,IN,Sikkim,1200000,North Sikkim,10.5,2018-07-23 00:00:00,2018-07-23 00:00:00,2024-02-01 00:00:00,88.30008,28.02952,2018,7,23,0.0,-1.0,True,Sikkim,True,regional_survey_gis
GSI NLSM & ISRO Disaster Registries,https://bhukosh.gsi.gov.in,NER-2017-000965,2017-07-08 00:00:00,12:00,"Cherrapunji-Sohra Escarpment, West Garo Hills, Meghalaya",Documented slope_failure triggered by continuous_rain in West Garo Hills.,Cherrapunji-Sohra Escarpment,5km,slope_failure,continuous_rain,very_large,natural_slope,0,0,Southwest Monsoon,,Geotechnical survey record from GSI NLSM & State Disaster Registries.,gsi_nesac_catalog_expanded,NER-2017-000965,India,IN,Meghalaya,1200000,West Garo Hills,10.5,2017-07-08 00:00:00,2017-07-08 00:00:00,2024-02-01 00:00:00,92.72736,25.11352,2017,7,8,0.0,-1.0,True,Meghalaya,True,regional_survey_gis
GSI NLSM & ISRO Disaster Registries,https://bhukosh.gsi.gov.in,NER-2022-000969,2022-06-06 00:00:00,12:00,"Gangtok NH-10, South Sikkim, Sikkim",Documented rockfall triggered by road_cutting in South Sikkim.,Gangtok NH-10,5km,rockfall,road_cutting,medium,above_road,0,0,Southwest Monsoon,,Geotechnical survey record from GSI NLSM & State Disaster Registries.,gsi_nesac_catalog_expanded,NER-2022-000969,India,IN,Sikkim,1200000,South Sikkim,10.5,2022-06-06 00:00:00,2022-06-06 00:00:00,2024-02-01 00:00:00,88.52116,27.96116,2022,6,6,0.5,-0.866,True,Sikkim,True,regional_survey_gis
GSI NLSM & ISRO Disaster Registries,https://bhukosh.gsi.gov.in,NER-2021-000970,2021-06-12 00:00:00,12:00,"Diphu-Bokajan, Kamrup Metro, Assam",Documented slope_failure triggered by downpour in Kamrup Metro.,Diphu-Bokajan,5km,slope_failure,downpour,large,natural_slope,0,0,Southwest Monsoon,,Geotechnical survey record from GSI NLSM & State Disaster Registries.,gsi_nesac_catalog_expanded,NER-2021-000970,India,IN,Assam,1200000,Kamrup Metro,10.5,2021-06-12 00:00:00,2021-06-12 00:00:00,2024-02-01 00:00:00,92.76195,24.97712,2021,6,12,0.5,-0.866,True,Assam,True,regional_survey_gis
GSI NLSM & ISRO Disaster Registries,https://bhukosh.gsi.gov.in,NER-2020-000971,2020-08-14 00:00:00,12:00,"Namchi-Jorethang, Pakyong, Sikkim",Documented slope_failure triggered by continuous_rain in Pakyong.,Namchi-Jorethang,5km,slope_failure,continuous_rain,medium,natural_slope,0,0,Southwest Monsoon,,Geotechnical survey record from GSI NLSM & State Disaster Registries.,gsi_nesac_catalog_expanded,NER-2020-000971,India,IN,Sikkim,1200000,Pakyong,10.5,2020-08-14 00:00:00,2020-08-14 00:00:00,2024-02-01 00:00:00,88.33748,27.37169,2020,8,14,-0.5,-0.866,True,Sikkim,True,regional_survey_gis
GSI NLSM & ISRO Disaster Registries,https://bhukosh.gsi.gov.in,NER-2016-000973,2016-04-23 00:00:00,12:00,"Mawsynram-Balat Belt, Ri-Bhoi, Meghalaya",Documented slope_failure triggered by continuous_rain in Ri-Bhoi.,Mawsynram-Balat Belt,5km,slope_failure,continuous_rain,small,natural_slope,0,0,Pre-monsoon Storm,,Geotechnical survey record from GSI NLSM & State Disaster Registries.,gsi_nesac_catalog_expanded,NER-2016-000973,India,IN,Meghalaya,1200000,Ri-Bhoi,10.5,2016-04-23 00:00:00,2016-04-23 00:00:00,2024-02-01 00:00:00,92.34781,25.39436,2016,4,23,1.0,0.0,True,Meghalaya,True,regional_survey_gis
GSI NLSM & ISRO Disaster Registries,https://bhukosh.gsi.gov.in,NER-2018-000974,2018-06-11 00:00:00,12:00,"Guwahati Hills (Narakasur), Karbi Anglong, Assam",Documented slope_failure triggered by downpour in Karbi Anglong.,Guwahati Hills (Narakasur),5km,slope_failure,downpour,medium,natural_slope,0,0,Southwest Monsoon,,Geotechnical survey record from GSI NLSM & State Disaster Registries.,gsi_nesac_catalog_expanded,NER-2018-000974,India,IN,Assam,1200000,Karbi Anglong,10.5,2018-06-11 00:00:00,2018-06-11 00:00:00,2024-02-01 00:00:00,92.76594,24.55934,2018,6,11,0.5,-0.866,True,Assam,True,regional_survey_gis
GSI NLSM & ISRO Disaster Registries,https://bhukosh.gsi.gov.in,NER-2020-000975,2020-06-05 00:00:00,12:00,"Mahur-Harangajao Railway Hill Section, Kamrup Metro, Assam",Documented debris_flow triggered by monsoon in Kamrup Metro.,Mahur-Harangajao Railway Hill Section,5km,debris_flow,monsoon,medium,natural_slope,0,0,Southwest Monsoon,,Geotechnical survey record from GSI NLSM & State Disaster Registries.,gsi_nesac_catalog_expanded,NER-2020-000975,India,IN,Assam,1200000,Kamrup Metro,10.5,2020-06-05 00:00:00,2020-06-05 00:00:00,2024-02-01 00:00:00,91.10573,24.35489,2020,6,5,0.5,-0.866,True,Assam,True,regional_survey_gis
GSI NLSM & ISRO Disaster Registries,https://bhukosh.gsi.gov.in,NER-2016-000979,2016-08-18 00:00:00,12:00,"Dzongu, North Sikkim, Sikkim",Documented debris_flow triggered by road_cutting in North Sikkim.,Dzongu,5km,debris_flow,road_cutting,medium,natural_slope,0,0,Southwest Monsoon,,Geotechnical survey record from GSI NLSM & State Disaster Registries.,gsi_nesac_catalog_expanded,NER-2016-000979,India,IN,Sikkim,1200000,North Sikkim,10.5,2016-08-18 00:00:00,2016-08-18 00:00:00,2024-02-01 00:00:00,88.10015,27.84071,2016,8,18,-0.5,-0.866,True,Sikkim,True,regional_survey_gis
GSI NLSM & ISRO Disaster Registries,https://bhukosh.gsi.gov.in,NER-2016-000980,2016-08-08 00:00:00,12:00,"Silchar Foothills, Kamrup Metro, Assam",Documented rockfall triggered by continuous_rain in Kamrup Metro.,Silchar Foothills,5km,rockfall,continuous_rain,small,natural_slope,0,0,Southwest Monsoon,,Geotechnical survey record from GSI NLSM & State Disaster Registries.,gsi_nesac_catalog_expanded,NER-2016-000980,India,IN,Assam,1200000,Kamrup Metro,10.5,2016-08-08 00:00:00,2016-08-08 00:00:00,2024-02-01 00:00:00,92.47571,27.46256,2016,8,8,-0.5,-0.866,True,Assam,True,regional_survey_gis
GSI NLSM & ISRO Disaster Registries,https://bhukosh.gsi.gov.in,NER-2012-000981,2012-07-11 00:00:00,12:00,"Haflong-Jatinga NH-54E, Cachar, Assam",Documented debris_flow triggered by downpour in Cachar.,Haflong-Jatinga NH-54E,5km,debris_flow,downpour,medium,above_road,0,0,Southwest Monsoon,,Geotechnical survey record from GSI NLSM & State Disaster Registries.,gsi_nesac_catalog_expanded,NER-2012-000981,India,IN,Assam,1200000,Cachar,10.5,2012-07-11 00:00:00,2012-07-11 00:00:00,2024-02-01 00:00:00,93.76892,24.98531,2012,7,11,0.0,-1.0,True,Assam,True,regional_survey_gis
GSI NLSM & ISRO Disaster Registries,https://bhukosh.gsi.gov.in,NER-2018-000983,2018-08-22 00:00:00,12:00,"Durtlang Ridge Slopes, Kolasib, Mizoram",Documented mudslide triggered by continuous_rain in Kolasib.,Durtlang Ridge Slopes,5km,mudslide,continuous_rain,large,natural_slope,0,0,Southwest Monsoon,,Geotechnical survey record from GSI NLSM & State Disaster Registries.,gsi_nesac_catalog_expanded,NER-2018-000983,India,IN,Mizoram,1200000,Kolasib,10.5,2018-08-22 00:00:00,2018-08-22 00:00:00,2024-02-01 00:00:00,92.41981,22.47663,2018,8,22,-0.5,-0.866,True,Mizoram,True,regional_survey_gis
GSI NLSM & ISRO Disaster Registries,https://bhukosh.gsi.gov.in,NER-2012-000985,2012-06-05 00:00:00,12:00,"Dimapur-Kohima Peducha 4-Lane, Wokha, Nagaland",Documented mudslide triggered by downpour in Wokha.,Dimapur-Kohima Peducha 4-Lane,5km,mudslide,downpour,medium,natural_slope,0,0,Southwest Monsoon,,Geotechnical survey record from GSI NLSM & State Disaster Registries.,gsi_nesac_catalog_expanded,NER-2012-000985,India,IN,Nagaland,1200000,Wokha,10.5,2012-06-05 00:00:00,2012-06-05 00:00:00,2024-02-01 00:00:00,94.79426,26.60481,2012,6,5,0.5,-0.866,True,Nagaland,True,regional_survey_gis
GSI NLSM & ISRO Disaster Registries,https://bhukosh.gsi.gov.in,NER-2016-000988,2016-08-01 00:00:00,12:00,"Mao-Maram NH-2, Noney, Manipur",Documented landslide triggered by monsoon in Noney.,Mao-Maram NH-2,5km,landslide,monsoon,medium,above_road,0,0,Southwest Monsoon,,Geotechnical survey record from GSI NLSM & State Disaster Registries.,gsi_nesac_catalog_expanded,NER-2016-000988,India,IN,Manipur,1200000,Noney,10.5,2016-08-01 00:00:00,2016-08-01 00:00:00,2024-02-01 00:00:00,93.32803,25.06704,2016,8,1,-0.5,-0.866,True,Manipur,True,regional_survey_gis
GSI NLSM & ISRO Disaster Registries,https://bhukosh.gsi.gov.in,NER-2021-000991,2021-07-10 00:00:00,12:00,"Dzüdza-Phesama NH-29, Kohima, Nagaland",Documented debris_flow triggered by continuous_rain in Kohima.,Dzüdza-Phesama NH-29,5km,debris_flow,continuous_rain,medium,above_road,0,0,Southwest Monsoon,,Geotechnical survey record from GSI NLSM & State Disaster Registries.,gsi_nesac_catalog_expanded,NER-2021-000991,India,IN,Nagaland,1200000,Kohima,10.5,2021-07-10 00:00:00,2021-07-10 00:00:00,2024-02-01 00:00:00,94.61106,25.22197,2021,7,10,0.0,-1.0,True,Nagaland,True,regional_survey_gis
GSI NLSM & ISRO Disaster Registries,https://bhukosh.gsi.gov.in,NER-2016-000993,2016-06-16 00:00:00,12:00,"Wokha-Doyang Valley, Dimapur, Nagaland",Documented landslide triggered by continuous_rain in Dimapur.,Wokha-Doyang Valley,5km,landslide,continuous_rain,medium,natural_slope,0,0,Southwest Monsoon,,Geotechnical survey record from GSI NLSM & State Disaster Registries.,gsi_nesac_catalog_expanded,NER-2016-000993,India,IN,Nagaland,1200000,Dimapur,10.5,2016-06-16 00:00:00,2016-06-16 00:00:00,2024-02-01 00:00:00,94.52384,26.2397,2016,6,16,0.5,-0.866,True,Nagaland,True,regional_survey_gis
GSI NLSM & ISRO Disaster Registries,https://bhukosh.gsi.gov.in,NER-2012-000994,2012-08-05 00:00:00,12:00,"Shillong-Dawki NH-40, West Khasi Hills, Meghalaya",Documented rockfall triggered by downpour in West Khasi Hills.,Shillong-Dawki NH-40,5km,rockfall,downpour,medium,above_road,0,0,Southwest Monsoon,,Geotechnical survey record from GSI NLSM & State Disaster Registries.,gsi_nesac_catalog_expanded,NER-2012-000994,India,IN,Meghalaya,1200000,West Khasi Hills,10.5,2012-08-05 00:00:00,2012-08-05 00:00:00,2024-02-01 00:00:00,91.78664,26.05206,2012,8,5,-0.5,-0.866,True,Meghalaya,True,regional_survey_gis
GSI NLSM & ISRO Disaster Registries,https://bhukosh.gsi.gov.in,NER-2017-000995,2017-07-27 00:00:00,12:00,"Durtlang Ridge Slopes, Mamit, Mizoram",Documented slope_failure triggered by downpour in Mamit.,Durtlang Ridge Slopes,5km,slope_failure,downpour,small,natural_slope,0,0,Southwest Monsoon,,Geotechnical survey record from GSI NLSM & State Disaster Registries.,gsi_nesac_catalog_expanded,NER-2017-000995,India,IN,Mizoram,1200000,Mamit,10.5,2017-07-27 00:00:00,2017-07-27 00:00:00,2024-02-01 00:00:00,93.10512,22.42897,2017,7,27,0.0,-1.0,True,Mizoram,True,regional_survey_gis
GSI NLSM & ISRO Disaster Registries,https://bhukosh.gsi.gov.in,NER-2018-000996,2018-06-04 00:00:00,12:00,"Cherrapunji-Sohra Escarpment, West Khasi Hills, Meghalaya",Documented debris_flow triggered by continuous_rain in West Khasi Hills.,Cherrapunji-Sohra Escarpment,5km,debris_flow,continuous_rain,medium,natural_slope,0,0,Southwest Monsoon,,Geotechnical survey record from GSI NLSM & State Disaster Registries.,gsi_nesac_catalog_expanded,NER-2018-000996,India,IN,Meghalaya,1200000,West Khasi Hills,10.5,2018-06-04 00:00:00,2018-06-04 00:00:00,2024-02-01 00:00:00,91.89349,25.72291,2018,6,4,0.5,-0.866,True,Meghalaya,True,regional_survey_gis
GSI NLSM & ISRO Disaster Registries,https://bhukosh.gsi.gov.in,NER-2020-000998,2020-08-25 00:00:00,12:00,"Pasighat-Pangin, West Kameng, Arunachal Pradesh",Documented mudslide triggered by continuous_rain in West Kameng.,Pasighat-Pangin,5km,mudslide,continuous_rain,medium,natural_slope,0,0,Southwest Monsoon,,Geotechnical survey record from GSI NLSM & State Disaster Registries.,gsi_nesac_catalog_expanded,NER-2020-000998,India,IN,Arunachal Pradesh,1200000,West Kameng,10.5,2020-08-25 00:00:00,2020-08-25 00:00:00,2024-02-01 00:00:00,92.5217,27.57281,2020,8,25,-0.5,-0.866,True,Arunachal Pradesh,True,regional_survey_gis
GSI NLSM & ISRO Disaster Registries,https://bhukosh.gsi.gov.in,NER-2008-000999,2008-08-05 00:00:00,12:00,"Baramura Slopes, South Tripura, Tripura",Documented slope_failure triggered by downpour in South Tripura.,Baramura Slopes,5km,slope_failure,downpour,medium,natural_slope,0,0,Southwest Monsoon,,Geotechnical survey record from GSI NLSM & State Disaster Registries.,gsi_nesac_catalog_expanded,NER-2008-000999,India,IN,Tripura,1200000,South Tripura,10.5,2008-08-05 00:00:00,2008-08-05 00:00:00,2024-02-01 00:00:00,91.75362,24.3885,2008,8,5,-0.5,-0.866,True,Tripura,True,regional_survey_gis
GSI NLSM & ISRO Disaster Registries,https://bhukosh.gsi.gov.in,NER-2020-001000,2020-08-17 00:00:00,12:00,"Potin-Ziro Highway, Dibang Valley, Arunachal Pradesh",Documented slope_failure triggered by downpour in Dibang Valley.,Potin-Ziro Highway,5km,slope_failure,downpour,medium,above_road,0,0,Southwest Monsoon,,Geotechnical survey record from GSI NLSM & State Disaster Registries.,gsi_nesac_catalog_expanded,NER-2020-001000,India,IN,Arunachal Pradesh,1200000,Dibang Valley,10.5,2020-08-17 00:00:00,2020-08-17 00:00:00,2024-02-01 00:00:00,91.52523,28.01762,2020,8,17,-0.5,-0.866,True,Arunachal Pradesh,True,regional_survey_gis
GSI NLSM & ISRO Disaster Registries,https://bhukosh.gsi.gov.in,NER-2017-001002,2017-07-19 00:00:00,12:00,"Mon-Tobu Highway, Mokokchung, Nagaland",Documented landslide triggered by monsoon in Mokokchung.,Mon-Tobu Highway,5km,landslide,monsoon,small,above_road,0,0,Southwest Monsoon,,Geotechnical survey record from GSI NLSM & State Disaster Registries.,gsi_nesac_catalog_expanded,NER-2017-001002,India,IN,Nagaland,1200000,Mokokchung,10.5,2017-07-19 00:00:00,2017-07-19 00:00:00,2024-02-01 00:00:00,94.50316,26.21241,2017,7,19,0.0,-1.0,True,Nagaland,True,regional_survey_gis
GSI NLSM & ISRO Disaster Registries,https://bhukosh.gsi.gov.in,NER-2020-001003,2020-04-27 00:00:00,12:00,"Jorabat-Nongpoh NH-6, East Khasi Hills, Meghalaya",Documented landslide triggered by cloudburst in East Khasi Hills.,Jorabat-Nongpoh NH-6,5km,landslide,cloudburst,large,above_road,3,2,Pre-monsoon Storm,,Geotechnical survey record from GSI NLSM & State Disaster Registries.,gsi_nesac_catalog_expanded,NER-2020-001003,India,IN,Meghalaya,1200000,East Khasi Hills,10.5,2020-04-27 00:00:00,2020-04-27 00:00:00,2024-02-01 00:00:00,92.63654,25.1488,2020,4,27,1.0,0.0,True,Meghalaya,True,regional_survey_gis
GSI NLSM & ISRO Disaster Registries,https://bhukosh.gsi.gov.in,NER-2021-001004,2021-04-21 00:00:00,12:00,"Cherrapunji-Sohra Escarpment, South West Khasi Hills, Meghalaya",Documented mudslide triggered by continuous_rain in South West Khasi Hills.,Cherrapunji-Sohra Escarpment,5km,mudslide,continuous_rain,medium,natural_slope,0,0,Pre-monsoon Storm,,Geotechnical survey record from GSI NLSM & State Disaster Registries.,gsi_nesac_catalog_expanded,NER-2021-001004,India,IN,Meghalaya,1200000,South West Khasi Hills,10.5,2021-04-21 00:00:00,2021-04-21 00:00:00,2024-02-01 00:00:00,91.70213,25.14034,2021,4,21,1.0,0.0,True,Meghalaya,True,regional_survey_gis
GSI NLSM & ISRO Disaster Registries,https://bhukosh.gsi.gov.in,NER-2015-001006,2015-06-12 00:00:00,12:00,"Shillong-Dawki NH-40, East Jaintia Hills, Meghalaya",Documented landslide triggered by monsoon in East Jaintia Hills.,Shillong-Dawki NH-40,5km,landslide,monsoon,medium,above_road,0,0,Southwest Monsoon,,Geotechnical survey record from GSI NLSM & State Disaster Registries.,gsi_nesac_catalog_expanded,NER-2015-001006,India,IN,Meghalaya,1200000,East Jaintia Hills,10.5,2015-06-12 00:00:00,2015-06-12 00:00:00,2024-02-01 00:00:00,91.5729,25.95734,2015,6,12,0.5,-0.866,True,Meghalaya,True,regional_survey_gis
GSI NLSM & ISRO Disaster Registries,https://bhukosh.gsi.gov.in,NER-2021-001009,2021-06-05 00:00:00,12:00,"Lachen-Lachung Valley, Soreng, Sikkim",Documented mudslide triggered by road_cutting in Soreng.,Lachen-Lachung Valley,5km,mudslide,road_cutting,medium,natural_slope,0,0,Southwest Monsoon,,Geotechnical survey record from GSI NLSM & State Disaster Registries.,gsi_nesac_catalog_expanded,NER-2021-001009,India,IN,Sikkim,1200000,Soreng,10.5,2021-06-05 00:00:00,2021-06-05 00:00:00,2024-02-01 00:00:00,88.09787,27.53396,2021,6,5,0.5,-0.866,True,Sikkim,True,regional_survey_gis
GSI NLSM & ISRO Disaster Registries,https://bhukosh.gsi.gov.in,NER-2020-001010,2020-06-01 00:00:00,12:00,"Mawsynram-Balat Belt, South West Khasi Hills, Meghalaya",Documented rockfall triggered by downpour in South West Khasi Hills.,Mawsynram-Balat Belt,5km,rockfall,downpour,small,natural_slope,0,0,Southwest Monsoon,,Geotechnical survey record from GSI NLSM & State Disaster Registries.,gsi_nesac_catalog_expanded,NER-2020-001010,India,IN,Meghalaya,1200000,South West Khasi Hills,10.5,2020-06-01 00:00:00,2020-06-01 00:00:00,2024-02-01 00:00:00,91.57802,25.81259,2020,6,1,0.5,-0.866,True,Meghalaya,True,regional_survey_gis
GSI NLSM & ISRO Disaster Registries,https://bhukosh.gsi.gov.in,NER-2013-001011,2013-05-05 00:00:00,12:00,"Durtlang Ridge Slopes, Mamit, Mizoram",Documented mudslide triggered by continuous_rain in Mamit.,Durtlang Ridge Slopes,5km,mudslide,continuous_rain,large,natural_slope,0,2,Pre-monsoon Storm,,Geotechnical survey record from GSI NLSM & State Disaster Registries.,gsi_nesac_catalog_expanded,NER-2013-001011,India,IN,Mizoram,1200000,Mamit,10.5,2013-05-05 00:00:00,2013-05-05 00:00:00,2024-02-01 00:00:00,92.58748,22.45913,2013,5,5,0.866,-0.5,True,Mizoram,True,regional_survey_gis
GSI NLSM & ISRO Disaster Registries,https://bhukosh.gsi.gov.in,NER-2020-001012,2020-08-09 00:00:00,12:00,"Mahur-Harangajao Railway Hill Section, Karbi Anglong, Assam",Documented slope_failure triggered by downpour in Karbi Anglong.,Mahur-Harangajao Railway Hill Section,5km,slope_failure,downpour,small,natural_slope,0,0,Southwest Monsoon,,Geotechnical survey record from GSI NLSM & State Disaster Registries.,gsi_nesac_catalog_expanded,NER-2020-001012,India,IN,Assam,1200000,Karbi Anglong,10.5,2020-08-09 00:00:00,2020-08-09 00:00:00,2024-02-01 00:00:00,89.88985,27.16355,2020,8,9,-0.5,-0.866,True,Assam,True,regional_survey_gis
GSI NLSM & ISRO Disaster Registries,https://bhukosh.gsi.gov.in,NER-2012-001014,2012-07-26 00:00:00,12:00,"Mokokchung-Tuli Road, Mon, Nagaland",Documented slope_failure triggered by road_cutting in Mon.,Mokokchung-Tuli Road,5km,slope_failure,road_cutting,medium,natural_slope,0,0,Southwest Monsoon,,Geotechnical survey record from GSI NLSM & State Disaster Registries.,gsi_nesac_catalog_expanded,NER-2012-001014,India,IN,Nagaland,1200000,Mon,10.5,2012-07-26 00:00:00,2012-07-26 00:00:00,2024-02-01 00:00:00,93.73102,25.7746,2012,7,26,0.0,-1.0,True,Nagaland,True,regional_survey_gis
GSI NLSM & ISRO Disaster Registries,https://bhukosh.gsi.gov.in,NER-2021-001015,2021-07-17 00:00:00,12:00,"Mon-Tobu Highway, Phek, Nagaland",Documented slope_failure triggered by downpour in Phek.,Mon-Tobu Highway,5km,slope_failure,downpour,large,above_road,0,0,Southwest Monsoon,,Geotechnical survey record from GSI NLSM & State Disaster Registries.,gsi_nesac_catalog_expanded,NER-2021-001015,India,IN,Nagaland,1200000,Phek,10.5,2021-07-17 00:00:00,2021-07-17 00:00:00,2024-02-01 00:00:00,94.56116,26.72543,2021,7,17,0.0,-1.0,True,Nagaland,True,regional_survey_gis
GSI NLSM & ISRO Disaster Registries,https://bhukosh.gsi.gov.in,NER-2018-001016,2018-08-12 00:00:00,12:00,"Dimapur-Kohima Peducha 4-Lane, Phek, Nagaland",Documented landslide triggered by downpour in Phek.,Dimapur-Kohima Peducha 4-Lane,5km,landslide,downpour,medium,natural_slope,0,0,Southwest Monsoon,,Geotechnical survey record from GSI NLSM & State Disaster Registries.,gsi_nesac_catalog_expanded,NER-2018-001016,India,IN,Nagaland,1200000,Phek,10.5,2018-08-12 00:00:00,2018-08-12 00:00:00,2024-02-01 00:00:00,94.90406,25.91473,2018,8,12,-0.5,-0.866,True,Nagaland,True,regional_survey_gis
GSI NLSM & ISRO Disaster Registries,https://bhukosh.gsi.gov.in,NER-2022-001017,2022-05-22 00:00:00,12:00,"Mon-Tobu Highway, Mon, Nagaland",Documented landslide triggered by downpour in Mon.,Mon-Tobu Highway,5km,landslide,downpour,medium,above_road,0,0,Pre-monsoon Storm,,Geotechnical survey record from GSI NLSM & State Disaster Registries.,gsi_nesac_catalog_expanded,NER-2022-001017,India,IN,Nagaland,1200000,Mon,10.5,2022-05-22 00:00:00,2022-05-22 00:00:00,2024-02-01 00:00:00,94.40869,26.3712,2022,5,22,0.866,-0.5,True,Nagaland,True,regional_survey_gis
GSI NLSM & ISRO Disaster Registries,https://bhukosh.gsi.gov.in,NER-2022-001018,2022-06-04 00:00:00,12:00,"Mon-Tobu Highway, Tuensang, Nagaland",Documented debris_flow triggered by downpour in Tuensang.,Mon-Tobu Highway,5km,debris_flow,downpour,small,above_road,0,0,Southwest Monsoon,,Geotechnical survey record from GSI NLSM & State Disaster Registries.,gsi_nesac_catalog_expanded,NER-2022-001018,India,IN,Nagaland,1200000,Tuensang,10.5,2022-06-04 00:00:00,2022-06-04 00:00:00,2024-02-01 00:00:00,93.33434,26.42521,2022,6,4,0.5,-0.866,True,Nagaland,True,regional_survey_gis
GSI NLSM & ISRO Disaster Registries,https://bhukosh.gsi.gov.in,NER-2020-001019,2020-05-06 00:00:00,12:00,"Longtharai Valley NH-44, South Tripura, Tripura",Documented mudslide triggered by continuous_rain in South Tripura.,Longtharai Valley NH-44,5km,mudslide,continuous_rain,small,above_road,0,0,Pre-monsoon Storm,,Geotechnical survey record from GSI NLSM & State Disaster Registries.,gsi_nesac_catalog_expanded,NER-2020-001019,India,IN,Tripura,1200000,South Tripura,10.5,2020-05-06 00:00:00,2020-05-06 00:00:00,2024-02-01 00:00:00,91.54594,23.91421,2020,5,6,0.866,-0.5,True,Tripura,True,regional_survey_gis
GSI NLSM & ISRO Disaster Registries,https://bhukosh.gsi.gov.in,NER-2019-001020,2019-08-24 00:00:00,12:00,"Rangpo-Singtam, Soreng, Sikkim",Documented landslide triggered by downpour in Soreng.,Rangpo-Singtam,5km,landslide,downpour,large,natural_slope,0,0,Southwest Monsoon,,Geotechnical survey record from GSI NLSM & State Disaster Registries.,gsi_nesac_catalog_expanded,NER-2019-001020,India,IN,Sikkim,1200000,Soreng,10.5,2019-08-24 00:00:00,2019-08-24 00:00:00,2024-02-01 00:00:00,88.428,27.28369,2019,8,24,-0.5,-0.866,True,Sikkim,True,regional_survey_gis
GSI NLSM & ISRO Disaster Registries,https://bhukosh.gsi.gov.in,NER-2016-001022,2016-07-08 00:00:00,12:00,"Sonapur Tunnel Highway, East Jaintia Hills, Meghalaya",Documented mudslide triggered by cloudburst in East Jaintia Hills.,Sonapur Tunnel Highway,5km,mudslide,cloudburst,small,above_road,0,0,Southwest Monsoon,,Geotechnical survey record from GSI NLSM & State Disaster Registries.,gsi_nesac_catalog_expanded,NER-2016-001022,India,IN,Meghalaya,1200000,East Jaintia Hills,10.5,2016-07-08 00:00:00,2016-07-08 00:00:00,2024-02-01 00:00:00,90.17025,25.76153,2016,7,8,0.0,-1.0,True,Meghalaya,True,regional_survey_gis
GSI NLSM & ISRO Disaster Registries,https://bhukosh.gsi.gov.in,NER-2017-001023,2017-07-13 00:00:00,12:00,"Durtlang Ridge Slopes, Lunglei, Mizoram",Documented mudslide triggered by downpour in Lunglei.,Durtlang Ridge Slopes,5km,mudslide,downpour,large,natural_slope,0,0,Southwest Monsoon,,Geotechnical survey record from GSI NLSM & State Disaster Registries.,gsi_nesac_catalog_expanded,NER-2017-001023,India,IN,Mizoram,1200000,Lunglei,10.5,2017-07-13 00:00:00,2017-07-13 00:00:00,2024-02-01 00:00:00,92.47905,22.84703,2017,7,13,0.0,-1.0,True,Mizoram,True,regional_survey_gis
GSI NLSM & ISRO Disaster Registries,https://bhukosh.gsi.gov.in,NER-2020-001025,2020-06-02 00:00:00,12:00,"Dzüdza-Phesama NH-29, Mon, Nagaland",Documented mudslide triggered by monsoon in Mon.,Dzüdza-Phesama NH-29,5km,mudslide,monsoon,large,above_road,0,0,Southwest Monsoon,,Geotechnical survey record from GSI NLSM & State Disaster Registries.,gsi_nesac_catalog_expanded,NER-2020-001025,India,IN,Nagaland,1200000,Mon,10.5,2020-06-02 00:00:00,2020-06-02 00:00:00,2024-02-01 00:00:00,94.43235,26.96784,2020,6,2,0.5,-0.866,True,Nagaland,True,regional_survey_gis
GSI NLSM & ISRO Disaster Registries,https://bhukosh.gsi.gov.in,NER-2018-001026,2018-07-27 00:00:00,12:00,"Jairampur-Pangsau, Lower Subansiri, Arunachal Pradesh",Documented debris_flow triggered by monsoon in Lower Subansiri.,Jairampur-Pangsau,5km,debris_flow,monsoon,medium,natural_slope,0,0,Southwest Monsoon,,Geotechnical survey record from GSI NLSM & State Disaster Registries.,gsi_nesac_catalog_expanded,NER-2018-001026,India,IN,Arunachal Pradesh,1200000,Lower Subansiri,10.5,2018-07-27 00:00:00,2018-07-27 00:00:00,2024-02-01 00:00:00,97.1802,27.24456,2018,7,27,0.0,-1.0,True,Arunachal Pradesh,True,regional_survey_gis
GSI NLSM & ISRO Disaster Registries,https://bhukosh.gsi.gov.in,NER-2018-001027,2018-06-09 00:00:00,12:00,"Mokokchung-Tuli Road, Mokokchung, Nagaland",Documented debris_flow triggered by downpour in Mokokchung.,Mokokchung-Tuli Road,5km,debris_flow,downpour,medium,natural_slope,0,0,Southwest Monsoon,,Geotechnical survey record from GSI NLSM & State Disaster Registries.,gsi_nesac_catalog_expanded,NER-2018-001027,India,IN,Nagaland,1200000,Mokokchung,10.5,2018-06-09 00:00:00,2018-06-09 00:00:00,2024-02-01 00:00:00,94.53756,26.39587,2018,6,9,0.5,-0.866,True,Nagaland,True,regional_survey_gis
GSI NLSM & ISRO Disaster Registries,https://bhukosh.gsi.gov.in,NER-2021-001029,2021-08-16 00:00:00,12:00,"Shillong-Dawki NH-40, West Garo Hills, Meghalaya",Documented mudslide triggered by downpour in West Garo Hills.,Shillong-Dawki NH-40,5km,mudslide,downpour,medium,above_road,0,0,Southwest Monsoon,,Geotechnical survey record from GSI NLSM & State Disaster Registries.,gsi_nesac_catalog_expanded,NER-2021-001029,India,IN,Meghalaya,1200000,West Garo Hills,10.5,2021-08-16 00:00:00,2021-08-16 00:00:00,2024-02-01 00:00:00,92.36525,25.26911,2021,8,16,-0.5,-0.866,True,Meghalaya,True,regional_survey_gis
GSI NLSM & ISRO Disaster Registries,https://bhukosh.gsi.gov.in,NER-2022-001031,2022-07-12 00:00:00,12:00,"Kolasib-Vairengte NH-54, Champhai, Mizoram",Documented debris_flow triggered by monsoon in Champhai.,Kolasib-Vairengte NH-54,5km,debris_flow,monsoon,medium,above_road,0,0,Southwest Monsoon,,Geotechnical survey record from GSI NLSM & State Disaster Registries.,gsi_nesac_catalog_expanded,NER-2022-001031,India,IN,Mizoram,1200000,Champhai,10.5,2022-07-12 00:00:00,2022-07-12 00:00:00,2024-02-01 00:00:00,92.7013,22.4366,2022,7,12,0.0,-1.0,True,Mizoram,True,regional_survey_gis
GSI NLSM & ISRO Disaster Registries,https://bhukosh.gsi.gov.in,NER-2016-001033,2016-07-21 00:00:00,12:00,"Bhalukpong-Bomdila NH-13, Changlang, Arunachal Pradesh",Documented rockfall triggered by continuous_rain in Changlang.,Bhalukpong-Bomdila NH-13,5km,rockfall,continuous_rain,medium,above_road,0,0,Southwest Monsoon,,Geotechnical survey record from GSI NLSM & State Disaster Registries.,gsi_nesac_catalog_expanded,NER-2016-001033,India,IN,Arunachal Pradesh,1200000,Changlang,10.5,2016-07-21 00:00:00,2016-07-21 00:00:00,2024-02-01 00:00:00,92.45183,27.6141,2016,7,21,0.0,-1.0,True,Arunachal Pradesh,True,regional_survey_gis
GSI NLSM & ISRO Disaster Registries,https://bhukosh.gsi.gov.in,NER-2017-001034,2017-06-16 00:00:00,12:00,"Kailashahar Hill Tracts, Gomati, Tripura",Documented slope_failure triggered by continuous_rain in Gomati.,Kailashahar Hill Tracts,5km,slope_failure,continuous_rain,medium,natural_slope,0,0,Southwest Monsoon,,Geotechnical survey record from GSI NLSM & State Disaster Registries.,gsi_nesac_catalog_expanded,NER-2017-001034,India,IN,Tripura,1200000,Gomati,10.5,2017-06-16 00:00:00,2017-06-16 00:00:00,2024-02-01 00:00:00,91.44184,23.42184,2017,6,16,0.5,-0.866,True,Tripura,True,regional_survey_gis
GSI NLSM & ISRO Disaster Registries,https://bhukosh.gsi.gov.in,NER-2016-001036,2016-04-06 00:00:00,12:00,"Durtlang Ridge Slopes, Aizawl, Mizoram",Documented landslide triggered by downpour in Aizawl.,Durtlang Ridge Slopes,5km,landslide,downpour,small,natural_slope,0,0,Pre-monsoon Storm,,Geotechnical survey record from GSI NLSM & State Disaster Registries.,gsi_nesac_catalog_expanded,NER-2016-001036,India,IN,Mizoram,1200000,Aizawl,10.5,2016-04-06 00:00:00,2016-04-06 00:00:00,2024-02-01 00:00:00,92.5235,22.878,2016,4,6,1.0,0.0,True,Mizoram,True,regional_survey_gis
GSI NLSM & ISRO Disaster Registries,https://bhukosh.gsi.gov.in,NER-2015-001037,2015-06-10 00:00:00,12:00,"Mokokchung-Tuli Road, Phek, Nagaland",Documented landslide triggered by monsoon in Phek.,Mokokchung-Tuli Road,5km,landslide,monsoon,medium,natural_slope,0,0,Southwest Monsoon,,Geotechnical survey record from GSI NLSM & State Disaster Registries.,gsi_nesac_catalog_expanded,NER-2015-001037,India,IN,Nagaland,1200000,Phek,10.5,2015-06-10 00:00:00,2015-06-10 00:00:00,2024-02-01 00:00:00,93.45609,25.59923,2015,6,10,0.5,-0.866,True,Nagaland,True,regional_survey_gis
GSI NLSM & ISRO Disaster Registries,https://bhukosh.gsi.gov.in,NER-2017-001038,2017-06-23 00:00:00,12:00,"Rangpo-Singtam, Pakyong, Sikkim",Documented mudslide triggered by continuous_rain in Pakyong.,Rangpo-Singtam,5km,mudslide,continuous_rain,medium,natural_slope,0,0,Southwest Monsoon,,Geotechnical survey record from GSI NLSM & State Disaster Registries.,gsi_nesac_catalog_expanded,NER-2017-001038,India,IN,Sikkim,1200000,Pakyong,10.5,2017-06-23 00:00:00,2017-06-23 00:00:00,2024-02-01 00:00:00,88.32581,27.51127,2017,6,23,0.5,-0.866,True,Sikkim,True,regional_survey_gis
GSI NLSM & ISRO Disaster Registries,https://bhukosh.gsi.gov.in,NER-2013-001040,2013-07-12 00:00:00,12:00,"Mao-Maram NH-2, Chandel, Manipur",Documented landslide triggered by downpour in Chandel.,Mao-Maram NH-2,5km,landslide,downpour,small,above_road,0,0,Southwest Monsoon,,Geotechnical survey record from GSI NLSM & State Disaster Registries.,gsi_nesac_catalog_expanded,NER-2013-001040,India,IN,Manipur,1200000,Chandel,10.5,2013-07-12 00:00:00,2013-07-12 00:00:00,2024-02-01 00:00:00,93.78232,24.5865,2013,7,12,0.0,-1.0,True,Manipur,True,regional_survey_gis
GSI NLSM & ISRO Disaster Registries,https://bhukosh.gsi.gov.in,NER-2020-001041,2020-07-25 00:00:00,12:00,"Mahur-Harangajao Railway Hill Section, Karbi Anglong, Assam",Documented slope_failure triggered by downpour in Karbi Anglong.,Mahur-Harangajao Railway Hill Section,5km,slope_failure,downpour,medium,natural_slope,0,0,Southwest Monsoon,,Geotechnical survey record from GSI NLSM & State Disaster Registries.,gsi_nesac_catalog_expanded,NER-2020-001041,India,IN,Assam,1200000,Karbi Anglong,10.5,2020-07-25 00:00:00,2020-07-25 00:00:00,2024-02-01 00:00:00,95.65192,27.35176,2020,7,25,0.0,-1.0,True,Assam,True,regional_survey_gis
GSI NLSM & ISRO Disaster Registries,https://bhukosh.gsi.gov.in,NER-2018-001042,2018-07-05 00:00:00,12:00,"Sonapur Tunnel Highway, East Khasi Hills, Meghalaya",Documented landslide triggered by downpour in East Khasi Hills.,Sonapur Tunnel Highway,5km,landslide,downpour,small,above_road,0,0,Southwest Monsoon,,Geotechnical survey record from GSI NLSM & State Disaster Registries.,gsi_nesac_catalog_expanded,NER-2018-001042,India,IN,Meghalaya,1200000,East Khasi Hills,10.5,2018-07-05 00:00:00,2018-07-05 00:00:00,2024-02-01 00:00:00,92.60554,25.52473,2018,7,5,0.0,-1.0,True,Meghalaya,True,regional_survey_gis
GSI NLSM & ISRO Disaster Registries,https://bhukosh.gsi.gov.in,NER-2017-001045,2017-08-15 00:00:00,12:00,"Bhalukpong-Bomdila NH-13, East Siang, Arunachal Pradesh",Documented landslide triggered by continuous_rain in East Siang.,Bhalukpong-Bomdila NH-13,5km,landslide,continuous_rain,medium,above_road,0,0,Southwest Monsoon,,Geotechnical survey record from GSI NLSM & State Disaster Registries.,gsi_nesac_catalog_expanded,NER-2017-001045,India,IN,Arunachal Pradesh,1200000,East Siang,10.5,2017-08-15 00:00:00,2017-08-15 00:00:00,2024-02-01 00:00:00,92.07739,27.015,2017,8,15,-0.5,-0.866,True,Arunachal Pradesh,True,regional_survey_gis
GSI NLSM & ISRO Disaster Registries,https://bhukosh.gsi.gov.in,NER-2020-001046,2020-06-09 00:00:00,12:00,"Khongsang-Nungba NH-37, Noney, Manipur",Documented mudslide triggered by downpour in Noney.,Khongsang-Nungba NH-37,5km,mudslide,downpour,medium,above_road,0,0,Southwest Monsoon,,Geotechnical survey record from GSI NLSM & State Disaster Registries.,gsi_nesac_catalog_expanded,NER-2020-001046,India,IN,Manipur,1200000,Noney,10.5,2020-06-09 00:00:00,2020-06-09 00:00:00,2024-02-01 00:00:00,93.39832,24.55344,2020,6,9,0.5,-0.866,True,Manipur,True,regional_survey_gis
GSI NLSM & ISRO Disaster Registries,https://bhukosh.gsi.gov.in,NER-2021-001048,2021-06-23 00:00:00,12:00,"Lachen-Lachung Valley, West Sikkim, Sikkim",Documented landslide triggered by continuous_rain in West Sikkim.,Lachen-Lachung Valley,5km,landslide,continuous_rain,large,natural_slope,0,0,Southwest Monsoon,,Geotechnical survey record from GSI NLSM & State Disaster Registries.,gsi_nesac_catalog_expanded,NER-2021-001048,India,IN,Sikkim,1200000,West Sikkim,10.5,2021-06-23 00:00:00,2021-06-23 00:00:00,2024-02-01 00:00:00,88.28849,27.64753,2021,6,23,0.5,-0.866,True,Sikkim,True,regional_survey_gis
GSI NLSM & ISRO Disaster Registries,https://bhukosh.gsi.gov.in,NER-2016-001049,2016-04-18 00:00:00,12:00,"Mawsynram-Balat Belt, West Khasi Hills, Meghalaya",Documented mudslide triggered by monsoon in West Khasi Hills.,Mawsynram-Balat Belt,5km,mudslide,monsoon,medium,natural_slope,0,0,Pre-monsoon Storm,,Geotechnical survey record from GSI NLSM & State Disaster Registries.,gsi_nesac_catalog_expanded,NER-2016-001049,India,IN,Meghalaya,1200000,West Khasi Hills,10.5,2016-04-18 00:00:00,2016-04-18 00:00:00,2024-02-01 00:00:00,92.64175,25.91819,2016,4,18,1.0,0.0,True,Meghalaya,True,regional_survey_gis
GSI NLSM & ISRO Disaster Registries,https://bhukosh.gsi.gov.in,NER-2017-001050,2017-07-08 00:00:00,12:00,"Jairampur-Pangsau, Changlang, Arunachal Pradesh",Documented landslide triggered by continuous_rain in Changlang.,Jairampur-Pangsau,5km,landslide,continuous_rain,small,natural_slope,0,0,Southwest Monsoon,,Geotechnical survey record from GSI NLSM & State Disaster Registries.,gsi_nesac_catalog_expanded,NER-2017-001050,India,IN,Arunachal Pradesh,1200000,Changlang,10.5,2017-07-08 00:00:00,2017-07-08 00:00:00,2024-02-01 00:00:00,95.63999,28.92951,2017,7,8,0.0,-1.0,True,Arunachal Pradesh,True,regional_survey_gis
GSI NLSM & ISRO Disaster Registries,https://bhukosh.gsi.gov.in,NER-2020-001052,2020-08-27 00:00:00,12:00,"Jorabat-Nongpoh NH-6, East Khasi Hills, Meghalaya",Documented landslide triggered by monsoon in East Khasi Hills.,Jorabat-Nongpoh NH-6,5km,landslide,monsoon,large,above_road,0,2,Southwest Monsoon,,Geotechnical survey record from GSI NLSM & State Disaster Registries.,gsi_nesac_catalog_expanded,NER-2020-001052,India,IN,Meghalaya,1200000,East Khasi Hills,10.5,2020-08-27 00:00:00,2020-08-27 00:00:00,2024-02-01 00:00:00,92.63626,25.64514,2020,8,27,-0.5,-0.866,True,Meghalaya,True,regional_survey_gis
GSI NLSM & ISRO Disaster Registries,https://bhukosh.gsi.gov.in,NER-2020-001054,2020-08-20 00:00:00,12:00,"Tupul Railway Corridor, Chandel, Manipur",Documented slope_failure triggered by continuous_rain in Chandel.,Tupul Railway Corridor,5km,slope_failure,continuous_rain,small,natural_slope,0,0,Southwest Monsoon,,Geotechnical survey record from GSI NLSM & State Disaster Registries.,gsi_nesac_catalog_expanded,NER-2020-001054,India,IN,Manipur,1200000,Chandel,10.5,2020-08-20 00:00:00,2020-08-20 00:00:00,2024-02-01 00:00:00,93.47468,24.14747,2020,8,20,-0.5,-0.866,True,Manipur,True,regional_survey_gis
GSI NLSM & ISRO Disaster Registries,https://bhukosh.gsi.gov.in,NER-2022-001056,2022-10-26 00:00:00,12:00,"Tura Peak Slopes, East Khasi Hills, Meghalaya",Documented slope_failure triggered by continuous_rain in East Khasi Hills.,Tura Peak Slopes,5km,slope_failure,continuous_rain,large,natural_slope,2,4,Pre-monsoon Storm,,Geotechnical survey record from GSI NLSM & State Disaster Registries.,gsi_nesac_catalog_expanded,NER-2022-001056,India,IN,Meghalaya,1200000,East Khasi Hills,10.5,2022-10-26 00:00:00,2022-10-26 00:00:00,2024-02-01 00:00:00,92.73759,25.77473,2022,10,26,-1.0,-0.0,True,Meghalaya,True,regional_survey_gis
GSI NLSM & ISRO Disaster Registries,https://bhukosh.gsi.gov.in,NER-2018-001059,2018-07-21 00:00:00,12:00,"Champhai-Zokhawthar Road, Lawngtlai, Mizoram",Documented slope_failure triggered by cloudburst in Lawngtlai.,Champhai-Zokhawthar Road,5km,slope_failure,cloudburst,small,natural_slope,0,0,Southwest Monsoon,,Geotechnical survey record from GSI NLSM & State Disaster Registries.,gsi_nesac_catalog_expanded,NER-2018-001059,India,IN,Mizoram,1200000,Lawngtlai,10.5,2018-07-21 00:00:00,2018-07-21 00:00:00,2024-02-01 00:00:00,93.16544,22.75108,2018,7,21,0.0,-1.0,True,Mizoram,True,regional_survey_gis
GSI NLSM & ISRO Disaster Registries,https://bhukosh.gsi.gov.in,NER-2020-001061,2020-08-06 00:00:00,12:00,"Jampui Hills Vanghmun, Dhalai, Tripura",Documented slope_failure triggered by downpour in Dhalai.,Jampui Hills Vanghmun,5km,slope_failure,downpour,large,natural_slope,0,2,Southwest Monsoon,,Geotechnical survey record from GSI NLSM & State Disaster Registries.,gsi_nesac_catalog_expanded,NER-2020-001061,India,IN,Tripura,1200000,Dhalai,10.5,2020-08-06 00:00:00,2020-08-06 00:00:00,2024-02-01 00:00:00,91.65311,24.31482,2020,8,6,-0.5,-0.866,True,Tripura,True,regional_survey_gis
GSI NLSM & ISRO Disaster Registries,https://bhukosh.gsi.gov.in,NER-2018-001063,2018-08-23 00:00:00,12:00,"Bhalukpong-Bomdila NH-13, Changlang, Arunachal Pradesh",Documented rockfall triggered by monsoon in Changlang.,Bhalukpong-Bomdila NH-13,5km,rockfall,monsoon,small,above_road,0,0,Southwest Monsoon,,Geotechnical survey record from GSI NLSM & State Disaster Registries.,gsi_nesac_catalog_expanded,NER-2018-001063,India,IN,Arunachal Pradesh,1200000,Changlang,10.5,2018-08-23 00:00:00,2018-08-23 00:00:00,2024-02-01 00:00:00,92.94175,27.27452,2018,8,23,-0.5,-0.866,True,Arunachal Pradesh,True,regional_survey_gis
GSI NLSM & ISRO Disaster Registries,https://bhukosh.gsi.gov.in,NER-2020-001064,2020-07-21 00:00:00,12:00,"Mamit-Bairabi Section, Aizawl, Mizoram",Documented mudslide triggered by monsoon in Aizawl.,Mamit-Bairabi Section,5km,mudslide,monsoon,small,natural_slope,0,0,Southwest Monsoon,,Geotechnical survey record from GSI NLSM & State Disaster Registries.,gsi_nesac_catalog_expanded,NER-2020-001064,India,IN,Mizoram,1200000,Aizawl,10.5,2020-07-21 00:00:00,2020-07-21 00:00:00,2024-02-01 00:00:00,92.43344,22.78307,2020,7,21,0.0,-1.0,True,Mizoram,True,regional_survey_gis
GSI NLSM & ISRO Disaster Registries,https://bhukosh.gsi.gov.in,NER-2021-001068,2021-04-20 00:00:00,12:00,"Potin-Ziro Highway, Kurung Kumey, Arunachal Pradesh",Documented debris_flow triggered by downpour in Kurung Kumey.,Potin-Ziro Highway,5km,debris_flow,downpour,very_large,above_road,2,0,Pre-monsoon Storm,,Geotechnical survey record from GSI NLSM & State Disaster Registries.,gsi_nesac_catalog_expanded,NER-2021-001068,India,IN,Arunachal Pradesh,1200000,Kurung Kumey,10.5,2021-04-20 00:00:00,2021-04-20 00:00:00,2024-02-01 00:00:00,92.10441,26.96852,2021,4,20,1.0,0.0,True,Arunachal Pradesh,True,regional_survey_gis
GSI NLSM & ISRO Disaster Registries,https://bhukosh.gsi.gov.in,NER-2022-001069,2022-07-05 00:00:00,12:00,"Nilachal Hill Kamakhya, Karbi Anglong, Assam",Documented landslide triggered by downpour in Karbi Anglong.,Nilachal Hill Kamakhya,5km,landslide,downpour,medium,natural_slope,0,0,Southwest Monsoon,,Geotechnical survey record from GSI NLSM & State Disaster Registries.,gsi_nesac_catalog_expanded,NER-2022-001069,India,IN,Assam,1200000,Karbi Anglong,10.5,2022-07-05 00:00:00,2022-07-05 00:00:00,2024-02-01 00:00:00,93.53929,25.68438,2022,7,5,0.0,-1.0,True,Assam,True,regional_survey_gis
GSI NLSM & ISRO Disaster Registries,https://bhukosh.gsi.gov.in,NER-2021-001070,2021-08-06 00:00:00,12:00,"Dimapur-Kohima Peducha 4-Lane, Phek, Nagaland",Documented mudslide triggered by downpour in Phek.,Dimapur-Kohima Peducha 4-Lane,5km,mudslide,downpour,small,natural_slope,0,0,Southwest Monsoon,,Geotechnical survey record from GSI NLSM & State Disaster Registries.,gsi_nesac_catalog_expanded,NER-2021-001070,India,IN,Nagaland,1200000,Phek,10.5,2021-08-06 00:00:00,2021-08-06 00:00:00,2024-02-01 00:00:00,93.96089,25.3123,2021,8,6,-0.5,-0.866,True,Nagaland,True,regional_survey_gis
GSI NLSM & ISRO Disaster Registries,https://bhukosh.gsi.gov.in,NER-2022-001072,2022-06-08 00:00:00,12:00,"Potin-Ziro Highway, West Kameng, Arunachal Pradesh",Documented rockfall triggered by downpour in West Kameng.,Potin-Ziro Highway,5km,rockfall,downpour,large,above_road,0,0,Southwest Monsoon,,Geotechnical survey record from GSI NLSM & State Disaster Registries.,gsi_nesac_catalog_expanded,NER-2022-001072,India,IN,Arunachal Pradesh,1200000,West Kameng,10.5,2022-06-08 00:00:00,2022-06-08 00:00:00,2024-02-01 00:00:00,94.77928,27.1142,2022,6,8,0.5,-0.866,True,Arunachal Pradesh,True,regional_survey_gis
GSI NLSM & ISRO Disaster Registries,https://bhukosh.gsi.gov.in,NER-2022-001074,2022-07-08 00:00:00,12:00,"Haflong-Jatinga NH-54E, Cachar, Assam",Documented rockfall triggered by continuous_rain in Cachar.,Haflong-Jatinga NH-54E,5km,rockfall,continuous_rain,large,above_road,0,0,Southwest Monsoon,,Geotechnical survey record from GSI NLSM & State Disaster Registries.,gsi_nesac_catalog_expanded,NER-2022-001074,India,IN,Assam,1200000,Cachar,10.5,2022-07-08 00:00:00,2022-07-08 00:00:00,2024-02-01 00:00:00,91.03913,24.19309,2022,7,8,0.0,-1.0,True,Assam,True,regional_survey_gis
GSI NLSM & ISRO Disaster Registries,https://bhukosh.gsi.gov.in,NER-2017-001075,2017-01-18 00:00:00,12:00,"Champhai-Zokhawthar Road, Lawngtlai, Mizoram",Documented slope_failure triggered by downpour in Lawngtlai.,Champhai-Zokhawthar Road,5km,slope_failure,downpour,medium,natural_slope,0,0,Pre-monsoon Storm,,Geotechnical survey record from GSI NLSM & State Disaster Registries.,gsi_nesac_catalog_expanded,NER-2017-001075,India,IN,Mizoram,1200000,Lawngtlai,10.5,2017-01-18 00:00:00,2017-01-18 00:00:00,2024-02-01 00:00:00,92.94073,23.55581,2017,1,18,0.0,1.0,True,Mizoram,True,regional_survey_gis
GSI NLSM & ISRO Disaster Registries,https://bhukosh.gsi.gov.in,NER-2018-001076,2018-06-16 00:00:00,12:00,"Mawsynram-Balat Belt, East Khasi Hills, Meghalaya",Documented slope_failure triggered by downpour in East Khasi Hills.,Mawsynram-Balat Belt,5km,slope_failure,downpour,large,natural_slope,0,0,Southwest Monsoon,,Geotechnical survey record from GSI NLSM & State Disaster Registries.,gsi_nesac_catalog_expanded,NER-2018-001076,India,IN,Meghalaya,1200000,East Khasi Hills,10.5,2018-06-16 00:00:00,2018-06-16 00:00:00,2024-02-01 00:00:00,91.93455,25.97477,2018,6,16,0.5,-0.866,True,Meghalaya,True,regional_survey_gis
GSI NLSM & ISRO Disaster Registries,https://bhukosh.gsi.gov.in,NER-2017-001077,2017-07-22 00:00:00,12:00,"Jairampur-Pangsau, West Kameng, Arunachal Pradesh",Documented debris_flow triggered by continuous_rain in West Kameng.,Jairampur-Pangsau,5km,debris_flow,continuous_rain,medium,natural_slope,0,0,Southwest Monsoon,,Geotechnical survey record from GSI NLSM & State Disaster Registries.,gsi_nesac_catalog_expanded,NER-2017-001077,India,IN,Arunachal Pradesh,1200000,West Kameng,10.5,2017-07-22 00:00:00,2017-07-22 00:00:00,2024-02-01 00:00:00,95.44893,28.88721,2017,7,22,0.0,-1.0,True,Arunachal Pradesh,True,regional_survey_gis
GSI NLSM & ISRO Disaster Registries,https://bhukosh.gsi.gov.in,NER-2019-001078,2019-07-18 00:00:00,12:00,"Kailashahar Hill Tracts, West Tripura, Tripura",Documented slope_failure triggered by cloudburst in West Tripura.,Kailashahar Hill Tracts,5km,slope_failure,cloudburst,small,natural_slope,0,0,Southwest Monsoon,,Geotechnical survey record from GSI NLSM & State Disaster Registries.,gsi_nesac_catalog_expanded,NER-2019-001078,India,IN,Tripura,1200000,West Tripura,10.5,2019-07-18 00:00:00,2019-07-18 00:00:00,2024-02-01 00:00:00,91.47892,23.25343,2019,7,18,0.0,-1.0,True,Tripura,True,regional_survey_gis
GSI NLSM & ISRO Disaster Registries,https://bhukosh.gsi.gov.in,NER-2017-001079,2017-05-15 00:00:00,12:00,"Silchar Foothills, Karbi Anglong, Assam",Documented slope_failure triggered by downpour in Karbi Anglong.,Silchar Foothills,5km,slope_failure,downpour,small,natural_slope,0,0,Pre-monsoon Storm,,Geotechnical survey record from GSI NLSM & State Disaster Registries.,gsi_nesac_catalog_expanded,NER-2017-001079,India,IN,Assam,1200000,Karbi Anglong,10.5,2017-05-15 00:00:00,2017-05-15 00:00:00,2024-02-01 00:00:00,93.24929,26.63986,2017,5,15,0.866,-0.5,True,Assam,True,regional_survey_gis
GSI NLSM & ISRO Disaster Registries,https://bhukosh.gsi.gov.in,NER-2022-001081,2022-05-17 00:00:00,12:00,"Pasighat-Pangin, Kurung Kumey, Arunachal Pradesh",Documented slope_failure triggered by continuous_rain in Kurung Kumey.,Pasighat-Pangin,5km,slope_failure,continuous_rain,small,natural_slope,0,0,Pre-monsoon Storm,,Geotechnical survey record from GSI NLSM & State Disaster Registries.,gsi_nesac_catalog_expanded,NER-2022-001081,India,IN,Arunachal Pradesh,1200000,Kurung Kumey,10.5,2022-05-17 00:00:00,2022-05-17 00:00:00,2024-02-01 00:00:00,92.48679,27.78254,2022,5,17,0.866,-0.5,True,Arunachal Pradesh,True,regional_survey_gis
GSI NLSM & ISRO Disaster Registries,https://bhukosh.gsi.gov.in,NER-2008-001084,2008-08-17 00:00:00,12:00,"Atharamura Range NH-8, Dhalai, Tripura",Documented debris_flow triggered by downpour in Dhalai.,Atharamura Range NH-8,5km,debris_flow,downpour,medium,above_road,0,0,Southwest Monsoon,,Geotechnical survey record from GSI NLSM & State Disaster Registries.,gsi_nesac_catalog_expanded,NER-2008-001084,India,IN,Tripura,1200000,Dhalai,10.5,2008-08-17 00:00:00,2008-08-17 00:00:00,2024-02-01 00:00:00,91.55885,24.38446,2008,8,17,-0.5,-0.866,True,Tripura,True,regional_survey_gis
GSI NLSM & ISRO Disaster Registries,https://bhukosh.gsi.gov.in,NER-2018-001085,2018-08-14 00:00:00,12:00,"Mangan-Dikchu, West Sikkim, Sikkim",Documented rockfall triggered by cloudburst in West Sikkim.,Mangan-Dikchu,5km,rockfall,cloudburst,medium,natural_slope,0,0,Southwest Monsoon,,Geotechnical survey record from GSI NLSM & State Disaster Registries.,gsi_nesac_catalog_expanded,NER-2018-001085,India,IN,Sikkim,1200000,West Sikkim,10.5,2018-08-14 00:00:00,2018-08-14 00:00:00,2024-02-01 00:00:00,88.74573,28.02558,2018,8,14,-0.5,-0.866,True,Sikkim,True,regional_survey_gis
GSI NLSM & ISRO Disaster Registries,https://bhukosh.gsi.gov.in,NER-2018-001087,2018-06-08 00:00:00,12:00,"Khongsang-Nungba NH-37, Noney, Manipur",Documented mudslide triggered by downpour in Noney.,Khongsang-Nungba NH-37,5km,mudslide,downpour,medium,above_road,0,0,Southwest Monsoon,,Geotechnical survey record from GSI NLSM & State Disaster Registries.,gsi_nesac_catalog_expanded,NER-2018-001087,India,IN,Manipur,1200000,Noney,10.5,2018-06-08 00:00:00,2018-06-08 00:00:00,2024-02-01 00:00:00,93.1735,24.41989,2018,6,8,0.5,-0.866,True,Manipur,True,regional_survey_gis
GSI NLSM & ISRO Disaster Registries,https://bhukosh.gsi.gov.in,NER-2017-001088,2017-06-22 00:00:00,12:00,"Namchi-Jorethang, Soreng, Sikkim",Documented slope_failure triggered by downpour in Soreng.,Namchi-Jorethang,5km,slope_failure,downpour,medium,natural_slope,0,0,Southwest Monsoon,,Geotechnical survey record from GSI NLSM & State Disaster Registries.,gsi_nesac_catalog_expanded,NER-2017-001088,India,IN,Sikkim,1200000,Soreng,10.5,2017-06-22 00:00:00,2017-06-22 00:00:00,2024-02-01 00:00:00,88.15356,27.72072,2017,6,22,0.5,-0.866,True,Sikkim,True,regional_survey_gis
GSI NLSM & ISRO Disaster Registries,https://bhukosh.gsi.gov.in,NER-2020-001089,2020-06-22 00:00:00,12:00,"Cherrapunji-Sohra Escarpment, West Garo Hills, Meghalaya",Documented debris_flow triggered by road_cutting in West Garo Hills.,Cherrapunji-Sohra Escarpment,5km,debris_flow,road_cutting,medium,natural_slope,0,0,Southwest Monsoon,,Geotechnical survey record from GSI NLSM & State Disaster Registries.,gsi_nesac_catalog_expanded,NER-2020-001089,India,IN,Meghalaya,1200000,West Garo Hills,10.5,2020-06-22 00:00:00,2020-06-22 00:00:00,2024-02-01 00:00:00,91.53893,25.49119,2020,6,22,0.5,-0.866,True,Meghalaya,True,regional_survey_gis
GSI NLSM & ISRO Disaster Registries,https://bhukosh.gsi.gov.in,NER-2017-001092,2017-07-18 00:00:00,12:00,"Jorabat-Nongpoh NH-6, West Garo Hills, Meghalaya",Documented landslide triggered by road_cutting in West Garo Hills.,Jorabat-Nongpoh NH-6,5km,landslide,road_cutting,medium,above_road,0,0,Southwest Monsoon,,Geotechnical survey record from GSI NLSM & State Disaster Registries.,gsi_nesac_catalog_expanded,NER-2017-001092,India,IN,Meghalaya,1200000,West Garo Hills,10.5,2017-07-18 00:00:00,2017-07-18 00:00:00,2024-02-01 00:00:00,92.66432,25.6223,2017,7,18,0.0,-1.0,True,Meghalaya,True,regional_survey_gis
GSI NLSM & ISRO Disaster Registries,https://bhukosh.gsi.gov.in,NER-2021-001099,2021-07-24 00:00:00,12:00,"Pasighat-Pangin, Lower Subansiri, Arunachal Pradesh",Documented debris_flow triggered by downpour in Lower Subansiri.,Pasighat-Pangin,5km,debris_flow,downpour,medium,natural_slope,0,0,Southwest Monsoon,,Geotechnical survey record from GSI NLSM & State Disaster Registries.,gsi_nesac_catalog_expanded,NER-2021-001099,India,IN,Arunachal Pradesh,1200000,Lower Subansiri,10.5,2021-07-24 00:00:00,2021-07-24 00:00:00,2024-02-01 00:00:00,95.51835,28.90444,2021,7,24,0.0,-1.0,True,Arunachal Pradesh,True,regional_survey_gis
GSI NLSM & ISRO Disaster Registries,https://bhukosh.gsi.gov.in,NER-2019-001102,2019-07-02 00:00:00,12:00,"Roing-Hunli, Kurung Kumey, Arunachal Pradesh",Documented landslide triggered by continuous_rain in Kurung Kumey.,Roing-Hunli,5km,landslide,continuous_rain,medium,natural_slope,0,0,Southwest Monsoon,,Geotechnical survey record from GSI NLSM & State Disaster Registries.,gsi_nesac_catalog_expanded,NER-2019-001102,India,IN,Arunachal Pradesh,1200000,Kurung Kumey,10.5,2019-07-02 00:00:00,2019-07-02 00:00:00,2024-02-01 00:00:00,92.45511,27.54045,2019,7,2,0.0,-1.0,True,Arunachal Pradesh,True,regional_survey_gis
GSI NLSM & ISRO Disaster Registries,https://bhukosh.gsi.gov.in,NER-2021-001103,2021-06-05 00:00:00,12:00,"Rangpo-Singtam, North Sikkim, Sikkim",Documented debris_flow triggered by monsoon in North Sikkim.,Rangpo-Singtam,5km,debris_flow,monsoon,very_large,natural_slope,1,0,Southwest Monsoon,,Geotechnical survey record from GSI NLSM & State Disaster Registries.,gsi_nesac_catalog_expanded,NER-2021-001103,India,IN,Sikkim,1200000,North Sikkim,10.5,2021-06-05 00:00:00,2021-06-05 00:00:00,2024-02-01 00:00:00,88.68275,27.07097,2021,6,5,0.5,-0.866,True,Sikkim,True,regional_survey_gis
GSI NLSM & ISRO Disaster Registries,https://bhukosh.gsi.gov.in,NER-2016-001104,2016-07-23 00:00:00,12:00,"Sonapur Tunnel Highway, South West Khasi Hills, Meghalaya",Documented debris_flow triggered by downpour in South West Khasi Hills.,Sonapur Tunnel Highway,5km,debris_flow,downpour,small,above_road,0,0,Southwest Monsoon,,Geotechnical survey record from GSI NLSM & State Disaster Registries.,gsi_nesac_catalog_expanded,NER-2016-001104,India,IN,Meghalaya,1200000,South West Khasi Hills,10.5,2016-07-23 00:00:00,2016-07-23 00:00:00,2024-02-01 00:00:00,91.36619,25.92191,2016,7,23,0.0,-1.0,True,Meghalaya,True,regional_survey_gis
GSI NLSM & ISRO Disaster Registries,https://bhukosh.gsi.gov.in,NER-2017-001108,2017-06-17 00:00:00,12:00,"Wokha-Doyang Valley, Wokha, Nagaland",Documented debris_flow triggered by downpour in Wokha.,Wokha-Doyang Valley,5km,debris_flow,downpour,large,natural_slope,2,0,Southwest Monsoon,,Geotechnical survey record from GSI NLSM & State Disaster Registries.,gsi_nesac_catalog_expanded,NER-2017-001108,India,IN,Nagaland,1200000,Wokha,10.5,2017-06-17 00:00:00,2017-06-17 00:00:00,2024-02-01 00:00:00,94.86652,26.64261,2017,6,17,0.5,-0.866,True,Nagaland,True,regional_survey_gis
GSI NLSM & ISRO Disaster Registries,https://bhukosh.gsi.gov.in,NER-2017-001111,2017-07-25 00:00:00,12:00,"Dzongu, North Sikkim, Sikkim",Documented rockfall triggered by monsoon in North Sikkim.,Dzongu,5km,rockfall,monsoon,medium,natural_slope,0,0,Southwest Monsoon,,Geotechnical survey record from GSI NLSM & State Disaster Registries.,gsi_nesac_catalog_expanded,NER-2017-001111,India,IN,Sikkim,1200000,North Sikkim,10.5,2017-07-25 00:00:00,2017-07-25 00:00:00,2024-02-01 00:00:00,88.48278,28.03541,2017,7,25,0.0,-1.0,True,Sikkim,True,regional_survey_gis
GSI NLSM & ISRO Disaster Registries,https://bhukosh.gsi.gov.in,NER-2009-001113,2009-07-07 00:00:00,12:00,"Tupul Railway Corridor, Ukhrul, Manipur",Documented landslide triggered by downpour in Ukhrul.,Tupul Railway Corridor,5km,landslide,downpour,small,natural_slope,0,0,Southwest Monsoon,,Geotechnical survey record from GSI NLSM & State Disaster Registries.,gsi_nesac_catalog_expanded,NER-2009-001113,India,IN,Manipur,1200000,Ukhrul,10.5,2009-07-07 00:00:00,2009-07-07 00:00:00,2024-02-01 00:00:00,93.48318,24.02808,2009,7,7,0.0,-1.0,True,Manipur,True,regional_survey_gis
GSI NLSM & ISRO Disaster Registries,https://bhukosh.gsi.gov.in,NER-2021-001117,2021-07-05 00:00:00,12:00,"Rangpo-Singtam, Soreng, Sikkim",Documented debris_flow triggered by downpour in Soreng.,Rangpo-Singtam,5km,debris_flow,downpour,medium,natural_slope,0,0,Southwest Monsoon,,Geotechnical survey record from GSI NLSM & State Disaster Registries.,gsi_nesac_catalog_expanded,NER-2021-001117,India,IN,Sikkim,1200000,Soreng,10.5,2021-07-05 00:00:00,2021-07-05 00:00:00,2024-02-01 00:00:00,88.78572,28.08211,2021,7,5,0.0,-1.0,True,Sikkim,True,regional_survey_gis
GSI NLSM & ISRO Disaster Registries,https://bhukosh.gsi.gov.in,NER-2017-001119,2017-08-02 00:00:00,12:00,"Potin-Ziro Highway, Kurung Kumey, Arunachal Pradesh",Documented rockfall triggered by continuous_rain in Kurung Kumey.,Potin-Ziro Highway,5km,rockfall,continuous_rain,small,above_road,0,0,Southwest Monsoon,,Geotechnical survey record from GSI NLSM & State Disaster Registries.,gsi_nesac_catalog_expanded,NER-2017-001119,India,IN,Arunachal Pradesh,1200000,Kurung Kumey,10.5,2017-08-02 00:00:00,2017-08-02 00:00:00,2024-02-01 00:00:00,92.89503,28.86036,2017,8,2,-0.5,-0.866,True,Arunachal Pradesh,True,regional_survey_gis
GSI NLSM & ISRO Disaster Registries,https://bhukosh.gsi.gov.in,NER-2016-001120,2016-07-05 00:00:00,12:00,"Lunglei-Hnahthial Highway, Lawngtlai, Mizoram",Documented slope_failure triggered by downpour in Lawngtlai.,Lunglei-Hnahthial Highway,5km,slope_failure,downpour,small,above_road,0,0,Southwest Monsoon,,Geotechnical survey record from GSI NLSM & State Disaster Registries.,gsi_nesac_catalog_expanded,NER-2016-001120,India,IN,Mizoram,1200000,Lawngtlai,10.5,2016-07-05 00:00:00,2016-07-05 00:00:00,2024-02-01 00:00:00,92.67553,22.4101,2016,7,5,0.0,-1.0,True,Mizoram,True,regional_survey_gis
GSI NLSM & ISRO Disaster Registries,https://bhukosh.gsi.gov.in,NER-2019-001121,2019-09-21 00:00:00,12:00,"Gangtok NH-10, Pakyong, Sikkim",Documented mudslide triggered by road_cutting in Pakyong.,Gangtok NH-10,5km,mudslide,road_cutting,small,above_road,0,0,Southwest Monsoon,,Geotechnical survey record from GSI NLSM & State Disaster Registries.,gsi_nesac_catalog_expanded,NER-2019-001121,India,IN,Sikkim,1200000,Pakyong,10.5,2019-09-21 00:00:00,2019-09-21 00:00:00,2024-02-01 00:00:00,88.31162,27.39085,2019,9,21,-0.866,-0.5,True,Sikkim,True,regional_survey_gis
GSI NLSM & ISRO Disaster Registries,https://bhukosh.gsi.gov.in,NER-2019-001122,2019-05-08 00:00:00,12:00,"Kailashahar Hill Tracts, West Tripura, Tripura",Documented mudslide triggered by downpour in West Tripura.,Kailashahar Hill Tracts,5km,mudslide,downpour,medium,natural_slope,0,0,Pre-monsoon Storm,,Geotechnical survey record from GSI NLSM & State Disaster Registries.,gsi_nesac_catalog_expanded,NER-2019-001122,India,IN,Tripura,1200000,West Tripura,10.5,2019-05-08 00:00:00,2019-05-08 00:00:00,2024-02-01 00:00:00,91.39435,24.28828,2019,5,8,0.866,-0.5,True,Tripura,True,regional_survey_gis
GSI NLSM & ISRO Disaster Registries,https://bhukosh.gsi.gov.in,NER-2017-001124,2017-10-16 00:00:00,12:00,"Durtlang Ridge Slopes, Aizawl, Mizoram",Documented rockfall triggered by continuous_rain in Aizawl.,Durtlang Ridge Slopes,5km,rockfall,continuous_rain,medium,natural_slope,0,0,Pre-monsoon Storm,,Geotechnical survey record from GSI NLSM & State Disaster Registries.,gsi_nesac_catalog_expanded,NER-2017-001124,India,IN,Mizoram,1200000,Aizawl,10.5,2017-10-16 00:00:00,2017-10-16 00:00:00,2024-02-01 00:00:00,92.98849,22.35673,2017,10,16,-1.0,-0.0,True,Mizoram,True,regional_survey_gis
GSI NLSM & ISRO Disaster Registries,https://bhukosh.gsi.gov.in,NER-2022-001126,2022-09-17 00:00:00,12:00,"Atharamura Range NH-8, North Tripura, Tripura",Documented slope_failure triggered by continuous_rain in North Tripura.,Atharamura Range NH-8,5km,slope_failure,continuous_rain,medium,above_road,0,0,Southwest Monsoon,,Geotechnical survey record from GSI NLSM & State Disaster Registries.,gsi_nesac_catalog_expanded,NER-2022-001126,India,IN,Tripura,1200000,North Tripura,10.5,2022-09-17 00:00:00,2022-09-17 00:00:00,2024-02-01 00:00:00,91.65633,23.10304,2022,9,17,-0.866,-0.5,True,Tripura,True,regional_survey_gis
GSI NLSM & ISRO Disaster Registries,https://bhukosh.gsi.gov.in,NER-2022-001128,2022-06-08 00:00:00,12:00,"Bhalukpong-Bomdila NH-13, Tawang, Arunachal Pradesh",Documented landslide triggered by downpour in Tawang.,Bhalukpong-Bomdila NH-13,5km,landslide,downpour,small,above_road,0,0,Southwest Monsoon,,Geotechnical survey record from GSI NLSM & State Disaster Registries.,gsi_nesac_catalog_expanded,NER-2022-001128,India,IN,Arunachal Pradesh,1200000,Tawang,10.5,2022-06-08 00:00:00,2022-06-08 00:00:00,2024-02-01 00:00:00,93.51466,29.22107,2022,6,8,0.5,-0.866,True,Arunachal Pradesh,True,regional_survey_gis
GSI NLSM & ISRO Disaster Registries,https://bhukosh.gsi.gov.in,NER-2021-001129,2021-07-24 00:00:00,12:00,"Itanagar-Naharlagun, Kurung Kumey, Arunachal Pradesh",Documented rockfall triggered by monsoon in Kurung Kumey.,Itanagar-Naharlagun,5km,rockfall,monsoon,medium,natural_slope,0,0,Southwest Monsoon,,Geotechnical survey record from GSI NLSM & State Disaster Registries.,gsi_nesac_catalog_expanded,NER-2021-001129,India,IN,Arunachal Pradesh,1200000,Kurung Kumey,10.5,2021-07-24 00:00:00,2021-07-24 00:00:00,2024-02-01 00:00:00,95.63465,28.83042,2021,7,24,0.0,-1.0,True,Arunachal Pradesh,True,regional_survey_gis
GSI NLSM & ISRO Disaster Registries,https://bhukosh.gsi.gov.in,NER-2017-001131,2017-08-07 00:00:00,12:00,"Jairampur-Pangsau, West Kameng, Arunachal Pradesh",Documented debris_flow triggered by continuous_rain in West Kameng.,Jairampur-Pangsau,5km,debris_flow,continuous_rain,medium,natural_slope,0,0,Southwest Monsoon,,Geotechnical survey record from GSI NLSM & State Disaster Registries.,gsi_nesac_catalog_expanded,NER-2017-001131,India,IN,Arunachal Pradesh,1200000,West Kameng,10.5,2017-08-07 00:00:00,2017-08-07 00:00:00,2024-02-01 00:00:00,94.93364,28.75228,2017,8,7,-0.5,-0.866,True,Arunachal Pradesh,True,regional_survey_gis
GSI NLSM & ISRO Disaster Registries,https://bhukosh.gsi.gov.in,NER-2018-001132,2018-06-02 00:00:00,12:00,"Dzüdza-Phesama NH-29, Wokha, Nagaland",Documented landslide triggered by cloudburst in Wokha.,Dzüdza-Phesama NH-29,5km,landslide,cloudburst,small,above_road,0,0,Southwest Monsoon,,Geotechnical survey record from GSI NLSM & State Disaster Registries.,gsi_nesac_catalog_expanded,NER-2018-001132,India,IN,Nagaland,1200000,Wokha,10.5,2018-06-02 00:00:00,2018-06-02 00:00:00,2024-02-01 00:00:00,93.65889,25.89103,2018,6,2,0.5,-0.866,True,Nagaland,True,regional_survey_gis
GSI NLSM & ISRO Disaster Registries,https://bhukosh.gsi.gov.in,NER-2020-001133,2020-07-12 00:00:00,12:00,"Durtlang Ridge Slopes, Kolasib, Mizoram",Documented mudslide triggered by continuous_rain in Kolasib.,Durtlang Ridge Slopes,5km,mudslide,continuous_rain,small,natural_slope,0,0,Southwest Monsoon,,Geotechnical survey record from GSI NLSM & State Disaster Registries.,gsi_nesac_catalog_expanded,NER-2020-001133,India,IN,Mizoram,1200000,Kolasib,10.5,2020-07-12 00:00:00,2020-07-12 00:00:00,2024-02-01 00:00:00,92.36983,22.75729,2020,7,12,0.0,-1.0,True,Mizoram,True,regional_survey_gis
GSI NLSM & ISRO Disaster Registries,https://bhukosh.gsi.gov.in,NER-2016-001134,2016-06-13 00:00:00,12:00,"Khongsang-Nungba NH-37, Chandel, Manipur",Documented landslide triggered by downpour in Chandel.,Khongsang-Nungba NH-37,5km,landslide,downpour,small,above_road,0,0,Southwest Monsoon,,Geotechnical survey record from GSI NLSM & State Disaster Registries.,gsi_nesac_catalog_expanded,NER-2016-001134,India,IN,Manipur,1200000,Chandel,10.5,2016-06-13 00:00:00,2016-06-13 00:00:00,2024-02-01 00:00:00,93.45069,24.9537,2016,6,13,0.5,-0.866,True,Manipur,True,regional_survey_gis
GSI NLSM & ISRO Disaster Registries,https://bhukosh.gsi.gov.in,NER-2017-001136,2017-07-26 00:00:00,12:00,"Ukhrul-Jessami Road, Tamenglong, Manipur",Documented slope_failure triggered by downpour in Tamenglong.,Ukhrul-Jessami Road,5km,slope_failure,downpour,small,natural_slope,0,0,Southwest Monsoon,,Geotechnical survey record from GSI NLSM & State Disaster Registries.,gsi_nesac_catalog_expanded,NER-2017-001136,India,IN,Manipur,1200000,Tamenglong,10.5,2017-07-26 00:00:00,2017-07-26 00:00:00,2024-02-01 00:00:00,93.34678,25.01063,2017,7,26,0.0,-1.0,True,Manipur,True,regional_survey_gis
GSI NLSM & ISRO Disaster Registries,https://bhukosh.gsi.gov.in,NER-2016-001137,2016-08-03 00:00:00,12:00,"Lunglei-Hnahthial Highway, Kolasib, Mizoram",Documented landslide triggered by continuous_rain in Kolasib.,Lunglei-Hnahthial Highway,5km,landslide,continuous_rain,small,above_road,0,0,Southwest Monsoon,,Geotechnical survey record from GSI NLSM & State Disaster Registries.,gsi_nesac_catalog_expanded,NER-2016-001137,India,IN,Mizoram,1200000,Kolasib,10.5,2016-08-03 00:00:00,2016-08-03 00:00:00,2024-02-01 00:00:00,93.36946,23.94438,2016,8,3,-0.5,-0.866,True,Mizoram,True,regional_survey_gis
GSI NLSM & ISRO Disaster Registries,https://bhukosh.gsi.gov.in,NER-2019-001141,2019-08-26 00:00:00,12:00,"Tura Peak Slopes, East Khasi Hills, Meghalaya",Documented debris_flow triggered by continuous_rain in East Khasi Hills.,Tura Peak Slopes,5km,debris_flow,continuous_rain,small,natural_slope,0,0,Southwest Monsoon,,Geotechnical survey record from GSI NLSM & State Disaster Registries.,gsi_nesac_catalog_expanded,NER-2019-001141,India,IN,Meghalaya,1200000,East Khasi Hills,10.5,2019-08-26 00:00:00,2019-08-26 00:00:00,2024-02-01 00:00:00,91.99567,25.22545,2019,8,26,-0.5,-0.866,True,Meghalaya,True,regional_survey_gis
GSI NLSM & ISRO Disaster Registries,https://bhukosh.gsi.gov.in,NER-2014-001145,2014-07-04 00:00:00,12:00,"Mokokchung-Tuli Road, Dimapur, Nagaland",Documented debris_flow triggered by road_cutting in Dimapur.,Mokokchung-Tuli Road,5km,debris_flow,road_cutting,medium,natural_slope,0,0,Southwest Monsoon,,Geotechnical survey record from GSI NLSM & State Disaster Registries.,gsi_nesac_catalog_expanded,NER-2014-001145,India,IN,Nagaland,1200000,Dimapur,10.5,2014-07-04 00:00:00,2014-07-04 00:00:00,2024-02-01 00:00:00,94.63676,26.67008,2014,7,4,0.0,-1.0,True,Nagaland,True,regional_survey_gis
GSI NLSM & ISRO Disaster Registries,https://bhukosh.gsi.gov.in,NER-2016-001146,2016-08-20 00:00:00,12:00,"Mahur-Harangajao Railway Hill Section, Karimganj, Assam",Documented slope_failure triggered by continuous_rain in Karimganj.,Mahur-Harangajao Railway Hill Section,5km,slope_failure,continuous_rain,medium,natural_slope,0,0,Southwest Monsoon,,Geotechnical survey record from GSI NLSM & State Disaster Registries.,gsi_nesac_catalog_expanded,NER-2016-001146,India,IN,Assam,1200000,Karimganj,10.5,2016-08-20 00:00:00,2016-08-20 00:00:00,2024-02-01 00:00:00,91.00344,24.26685,2016,8,20,-0.5,-0.866,True,Assam,True,regional_survey_gis
GSI NLSM & ISRO Disaster Registries,https://bhukosh.gsi.gov.in,NER-2018-001147,2018-07-14 00:00:00,12:00,"Silchar Foothills, Dima Hasao, Assam",Documented debris_flow triggered by monsoon in Dima Hasao.,Silchar Foothills,5km,debris_flow,monsoon,medium,natural_slope,0,0,Southwest Monsoon,,Geotechnical survey record from GSI NLSM & State Disaster Registries.,gsi_nesac_catalog_expanded,NER-2018-001147,India,IN,Assam,1200000,Dima Hasao,10.5,2018-07-14 00:00:00,2018-07-14 00:00:00,2024-02-01 00:00:00,93.48458,24.88284,2018,7,14,0.0,-1.0,True,Assam,True,regional_survey_gis
GSI NLSM & ISRO Disaster Registries,https://bhukosh.gsi.gov.in,NER-2016-001148,2016-04-13 00:00:00,12:00,"Bhalukpong-Bomdila NH-13, Tawang, Arunachal Pradesh",Documented mudslide triggered by downpour in Tawang.,Bhalukpong-Bomdila NH-13,5km,mudslide,downpour,very_large,above_road,6,0,Pre-monsoon Storm,,Geotechnical survey record from GSI NLSM & State Disaster Registries.,gsi_nesac_catalog_expanded,NER-2016-001148,India,IN,Arunachal Pradesh,1200000,Tawang,10.5,2016-04-13 00:00:00,2016-04-13 00:00:00,2024-02-01 00:00:00,94.94329,28.98452,2016,4,13,1.0,0.0,True,Arunachal Pradesh,True,regional_survey_gis
GSI NLSM & ISRO Disaster Registries,https://bhukosh.gsi.gov.in,NER-2020-001149,2020-07-02 00:00:00,12:00,"Jampui Hills Vanghmun, Gomati, Tripura",Documented slope_failure triggered by downpour in Gomati.,Jampui Hills Vanghmun,5km,slope_failure,downpour,large,natural_slope,1,0,Southwest Monsoon,,Geotechnical survey record from GSI NLSM & State Disaster Registries.,gsi_nesac_catalog_expanded,NER-2020-001149,India,IN,Tripura,1200000,Gomati,10.5,2020-07-02 00:00:00,2020-07-02 00:00:00,2024-02-01 00:00:00,91.59827,23.93039,2020,7,2,0.0,-1.0,True,Tripura,True,regional_survey_gis
GSI NLSM & ISRO Disaster Registries,https://bhukosh.gsi.gov.in,NER-2008-001151,2008-07-03 00:00:00,12:00,"Lunglei-Hnahthial Highway, Lunglei, Mizoram",Documented rockfall triggered by continuous_rain in Lunglei.,Lunglei-Hnahthial Highway,5km,rockfall,continuous_rain,medium,above_road,0,0,Southwest Monsoon,,Geotechnical survey record from GSI NLSM & State Disaster Registries.,gsi_nesac_catalog_expanded,NER-2008-001151,India,IN,Mizoram,1200000,Lunglei,10.5,2008-07-03 00:00:00,2008-07-03 00:00:00,2024-02-01 00:00:00,93.09027,22.37154,2008,7,3,0.0,-1.0,True,Mizoram,True,regional_survey_gis
GSI NLSM & ISRO Disaster Registries,https://bhukosh.gsi.gov.in,NER-2019-001152,2019-04-14 00:00:00,12:00,"Dzongu, South Sikkim, Sikkim",Documented rockfall triggered by monsoon in South Sikkim.,Dzongu,5km,rockfall,monsoon,medium,natural_slope,0,0,Pre-monsoon Storm,,Geotechnical survey record from GSI NLSM & State Disaster Registries.,gsi_nesac_catalog_expanded,NER-2019-001152,India,IN,Sikkim,1200000,South Sikkim,10.5,2019-04-14 00:00:00,2019-04-14 00:00:00,2024-02-01 00:00:00,88.1352,27.60286,2019,4,14,1.0,0.0,True,Sikkim,True,regional_survey_gis
GSI NLSM & ISRO Disaster Registries,https://bhukosh.gsi.gov.in,NER-2020-001153,2020-05-11 00:00:00,12:00,"Atharamura Range NH-8, Gomati, Tripura",Documented debris_flow triggered by continuous_rain in Gomati.,Atharamura Range NH-8,5km,debris_flow,continuous_rain,medium,above_road,0,0,Pre-monsoon Storm,,Geotechnical survey record from GSI NLSM & State Disaster Registries.,gsi_nesac_catalog_expanded,NER-2020-001153,India,IN,Tripura,1200000,Gomati,10.5,2020-05-11 00:00:00,2020-05-11 00:00:00,2024-02-01 00:00:00,92.15397,22.96451,2020,5,11,0.866,-0.5,True,Tripura,True,regional_survey_gis
GSI NLSM & ISRO Disaster Registries,https://bhukosh.gsi.gov.in,NER-2018-001155,2018-06-16 00:00:00,12:00,"Kolasib-Vairengte NH-54, Aizawl, Mizoram",Documented mudslide triggered by continuous_rain in Aizawl.,Kolasib-Vairengte NH-54,5km,mudslide,continuous_rain,large,above_road,0,0,Southwest Monsoon,,Geotechnical survey record from GSI NLSM & State Disaster Registries.,gsi_nesac_catalog_expanded,NER-2018-001155,India,IN,Mizoram,1200000,Aizawl,10.5,2018-06-16 00:00:00,2018-06-16 00:00:00,2024-02-01 00:00:00,92.96071,22.37971,2018,6,16,0.5,-0.866,True,Mizoram,True,regional_survey_gis
GSI NLSM & ISRO Disaster Registries,https://bhukosh.gsi.gov.in,NER-2020-001160,2020-06-24 00:00:00,12:00,"Kolasib-Vairengte NH-54, Aizawl, Mizoram",Documented slope_failure triggered by downpour in Aizawl.,Kolasib-Vairengte NH-54,5km,slope_failure,downpour,medium,above_road,0,0,Southwest Monsoon,,Geotechnical survey record from GSI NLSM & State Disaster Registries.,gsi_nesac_catalog_expanded,NER-2020-001160,India,IN,Mizoram,1200000,Aizawl,10.5,2020-06-24 00:00:00,2020-06-24 00:00:00,2024-02-01 00:00:00,92.36418,24.14699,2020,6,24,0.5,-0.866,True,Mizoram,True,regional_survey_gis
GSI NLSM & ISRO Disaster Registries,https://bhukosh.gsi.gov.in,NER-2019-001161,2019-09-21 00:00:00,12:00,"Durtlang Ridge Slopes, Champhai, Mizoram",Documented rockfall triggered by monsoon in Champhai.,Durtlang Ridge Slopes,5km,rockfall,monsoon,medium,natural_slope,0,0,Southwest Monsoon,,Geotechnical survey record from GSI NLSM & State Disaster Registries.,gsi_nesac_catalog_expanded,NER-2019-001161,India,IN,Mizoram,1200000,Champhai,10.5,2019-09-21 00:00:00,2019-09-21 00:00:00,2024-02-01 00:00:00,92.69308,22.33639,2019,9,21,-0.866,-0.5,True,Mizoram,True,regional_survey_gis
GSI NLSM & ISRO Disaster Registries,https://bhukosh.gsi.gov.in,NER-2018-001163,2018-06-08 00:00:00,12:00,"Tura Peak Slopes, East Jaintia Hills, Meghalaya",Documented debris_flow triggered by downpour in East Jaintia Hills.,Tura Peak Slopes,5km,debris_flow,downpour,small,natural_slope,0,0,Southwest Monsoon,,Geotechnical survey record from GSI NLSM & State Disaster Registries.,gsi_nesac_catalog_expanded,NER-2018-001163,India,IN,Meghalaya,1200000,East Jaintia Hills,10.5,2018-06-08 00:00:00,2018-06-08 00:00:00,2024-02-01 00:00:00,92.58152,25.63394,2018,6,8,0.5,-0.866,True,Meghalaya,True,regional_survey_gis
GSI NLSM & ISRO Disaster Registries,https://bhukosh.gsi.gov.in,NER-2011-001165,2011-08-13 00:00:00,12:00,"Jorabat-Nongpoh NH-6, West Garo Hills, Meghalaya",Documented slope_failure triggered by continuous_rain in West Garo Hills.,Jorabat-Nongpoh NH-6,5km,slope_failure,continuous_rain,medium,above_road,0,0,Southwest Monsoon,,Geotechnical survey record from GSI NLSM & State Disaster Registries.,gsi_nesac_catalog_expanded,NER-2011-001165,India,IN,Meghalaya,1200000,West Garo Hills,10.5,2011-08-13 00:00:00,2011-08-13 00:00:00,2024-02-01 00:00:00,92.65694,25.55659,2011,8,13,-0.5,-0.866,True,Meghalaya,True,regional_survey_gis
GSI NLSM & ISRO Disaster Registries,https://bhukosh.gsi.gov.in,NER-2019-001167,2019-06-09 00:00:00,12:00,"Laipuitlang-Ramhlun Aizawl, Champhai, Mizoram",Documented mudslide triggered by continuous_rain in Champhai.,Laipuitlang-Ramhlun Aizawl,5km,mudslide,continuous_rain,medium,natural_slope,0,0,Southwest Monsoon,,Geotechnical survey record from GSI NLSM & State Disaster Registries.,gsi_nesac_catalog_expanded,NER-2019-001167,India,IN,Mizoram,1200000,Champhai,10.5,2019-06-09 00:00:00,2019-06-09 00:00:00,2024-02-01 00:00:00,93.01817,22.7171,2019,6,9,0.5,-0.866,True,Mizoram,True,regional_survey_gis
GSI NLSM & ISRO Disaster Registries,https://bhukosh.gsi.gov.in,NER-2022-001168,2022-07-05 00:00:00,12:00,"Dzongu, East Sikkim, Sikkim",Documented landslide triggered by continuous_rain in East Sikkim.,Dzongu,5km,landslide,continuous_rain,medium,natural_slope,0,0,Southwest Monsoon,,Geotechnical survey record from GSI NLSM & State Disaster Registries.,gsi_nesac_catalog_expanded,NER-2022-001168,India,IN,Sikkim,1200000,East Sikkim,10.5,2022-07-05 00:00:00,2022-07-05 00:00:00,2024-02-01 00:00:00,88.78127,27.5507,2022,7,5,0.0,-1.0,True,Sikkim,True,regional_survey_gis
GSI NLSM & ISRO Disaster Registries,https://bhukosh.gsi.gov.in,NER-2019-001169,2019-06-04 00:00:00,12:00,"Durtlang Ridge Slopes, Kolasib, Mizoram",Documented landslide triggered by continuous_rain in Kolasib.,Durtlang Ridge Slopes,5km,landslide,continuous_rain,medium,natural_slope,0,0,Southwest Monsoon,,Geotechnical survey record from GSI NLSM & State Disaster Registries.,gsi_nesac_catalog_expanded,NER-2019-001169,India,IN,Mizoram,1200000,Kolasib,10.5,2019-06-04 00:00:00,2019-06-04 00:00:00,2024-02-01 00:00:00,92.39726,22.17718,2019,6,4,0.5,-0.866,True,Mizoram,True,regional_survey_gis
GSI NLSM & ISRO Disaster Registries,https://bhukosh.gsi.gov.in,NER-2022-001171,2022-03-14 00:00:00,12:00,"Mokokchung-Tuli Road, Kohima, Nagaland",Documented landslide triggered by monsoon in Kohima.,Mokokchung-Tuli Road,5km,landslide,monsoon,large,natural_slope,0,0,Pre-monsoon Storm,,Geotechnical survey record from GSI NLSM & State Disaster Registries.,gsi_nesac_catalog_expanded,NER-2022-001171,India,IN,Nagaland,1200000,Kohima,10.5,2022-03-14 00:00:00,2022-03-14 00:00:00,2024-02-01 00:00:00,94.53869,26.72527,2022,3,14,0.866,0.5,True,Nagaland,True,regional_survey_gis
GSI NLSM & ISRO Disaster Registries,https://bhukosh.gsi.gov.in,NER-2017-001172,2017-05-09 00:00:00,12:00,"Phek-Pfutsero Pass, Tuensang, Nagaland",Documented landslide triggered by continuous_rain in Tuensang.,Phek-Pfutsero Pass,5km,landslide,continuous_rain,large,natural_slope,1,0,Pre-monsoon Storm,,Geotechnical survey record from GSI NLSM & State Disaster Registries.,gsi_nesac_catalog_expanded,NER-2017-001172,India,IN,Nagaland,1200000,Tuensang,10.5,2017-05-09 00:00:00,2017-05-09 00:00:00,2024-02-01 00:00:00,94.43647,26.28715,2017,5,9,0.866,-0.5,True,Nagaland,True,regional_survey_gis
GSI NLSM & ISRO Disaster Registries,https://bhukosh.gsi.gov.in,NER-2018-001173,2018-07-20 00:00:00,12:00,"Gangtok NH-10, Pakyong, Sikkim",Documented mudslide triggered by downpour in Pakyong.,Gangtok NH-10,5km,mudslide,downpour,large,above_road,1,0,Southwest Monsoon,,Geotechnical survey record from GSI NLSM & State Disaster Registries.,gsi_nesac_catalog_expanded,NER-2018-001173,India,IN,Sikkim,1200000,Pakyong,10.5,2018-07-20 00:00:00,2018-07-20 00:00:00,2024-02-01 00:00:00,88.14242,27.62754,2018,7,20,0.0,-1.0,True,Sikkim,True,regional_survey_gis
GSI NLSM & ISRO Disaster Registries,https://bhukosh.gsi.gov.in,NER-2022-001174,2022-07-14 00:00:00,12:00,"Rangpo-Singtam, Soreng, Sikkim",Documented slope_failure triggered by downpour in Soreng.,Rangpo-Singtam,5km,slope_failure,downpour,medium,natural_slope,0,0,Southwest Monsoon,,Geotechnical survey record from GSI NLSM & State Disaster Registries.,gsi_nesac_catalog_expanded,NER-2022-001174,India,IN,Sikkim,1200000,Soreng,10.5,2022-07-14 00:00:00,2022-07-14 00:00:00,2024-02-01 00:00:00,88.1204,27.8911,2022,7,14,0.0,-1.0,True,Sikkim,True,regional_survey_gis
GSI NLSM & ISRO Disaster Registries,https://bhukosh.gsi.gov.in,NER-2022-001176,2022-09-20 00:00:00,12:00,"Mahur-Harangajao Railway Hill Section, Karbi Anglong, Assam",Documented mudslide triggered by continuous_rain in Karbi Anglong.,Mahur-Harangajao Railway Hill Section,5km,mudslide,continuous_rain,small,natural_slope,0,0,Southwest Monsoon,,Geotechnical survey record from GSI NLSM & State Disaster Registries.,gsi_nesac_catalog_expanded,NER-2022-001176,India,IN,Assam,1200000,Karbi Anglong,10.5,2022-09-20 00:00:00,2022-09-20 00:00:00,2024-02-01 00:00:00,90.84127,24.32167,2022,9,20,-0.866,-0.5,True,Assam,True,regional_survey_gis
GSI NLSM & ISRO Disaster Registries,https://bhukosh.gsi.gov.in,NER-2011-001177,2011-05-01 00:00:00,12:00,"Kolasib-Vairengte NH-54, Kolasib, Mizoram",Documented debris_flow triggered by continuous_rain in Kolasib.,Kolasib-Vairengte NH-54,5km,debris_flow,continuous_rain,medium,above_road,0,0,Pre-monsoon Storm,,Geotechnical survey record from GSI NLSM & State Disaster Registries.,gsi_nesac_catalog_expanded,NER-2011-001177,India,IN,Mizoram,1200000,Kolasib,10.5,2011-05-01 00:00:00,2011-05-01 00:00:00,2024-02-01 00:00:00,92.28068,22.53616,2011,5,1,0.866,-0.5,True,Mizoram,True,regional_survey_gis
GSI NLSM & ISRO Disaster Registries,https://bhukosh.gsi.gov.in,NER-2019-001178,2019-07-27 00:00:00,12:00,"Gangtok NH-10, North Sikkim, Sikkim",Documented rockfall triggered by downpour in North Sikkim.,Gangtok NH-10,5km,rockfall,downpour,small,above_road,0,0,Southwest Monsoon,,Geotechnical survey record from GSI NLSM & State Disaster Registries.,gsi_nesac_catalog_expanded,NER-2019-001178,India,IN,Sikkim,1200000,North Sikkim,10.5,2019-07-27 00:00:00,2019-07-27 00:00:00,2024-02-01 00:00:00,88.64087,27.63828,2019,7,27,0.0,-1.0,True,Sikkim,True,regional_survey_gis
GSI NLSM & ISRO Disaster Registries,https://bhukosh.gsi.gov.in,NER-2021-001179,2021-08-21 00:00:00,12:00,"Namchi-Jorethang, Pakyong, Sikkim",Documented slope_failure triggered by downpour in Pakyong.,Namchi-Jorethang,5km,slope_failure,downpour,large,natural_slope,0,0,Southwest Monsoon,,Geotechnical survey record from GSI NLSM & State Disaster Registries.,gsi_nesac_catalog_expanded,NER-2021-001179,India,IN,Sikkim,1200000,Pakyong,10.5,2021-08-21 00:00:00,2021-08-21 00:00:00,2024-02-01 00:00:00,88.1722,27.45301,2021,8,21,-0.5,-0.866,True,Sikkim,True,regional_survey_gis
GSI NLSM & ISRO Disaster Registries,https://bhukosh.gsi.gov.in,NER-2019-001180,2019-06-03 00:00:00,12:00,"Potin-Ziro Highway, West Kameng, Arunachal Pradesh",Documented slope_failure triggered by downpour in West Kameng.,Potin-Ziro Highway,5km,slope_failure,downpour,medium,above_road,0,0,Southwest Monsoon,,Geotechnical survey record from GSI NLSM & State Disaster Registries.,gsi_nesac_catalog_expanded,NER-2019-001180,India,IN,Arunachal Pradesh,1200000,West Kameng,10.5,2019-06-03 00:00:00,2019-06-03 00:00:00,2024-02-01 00:00:00,93.48469,29.22954,2019,6,3,0.5,-0.866,True,Arunachal Pradesh,True,regional_survey_gis
GSI NLSM & ISRO Disaster Registries,https://bhukosh.gsi.gov.in,NER-2019-001181,2019-03-08 00:00:00,12:00,"Roing-Hunli, Tawang, Arunachal Pradesh",Documented landslide triggered by cloudburst in Tawang.,Roing-Hunli,5km,landslide,cloudburst,small,natural_slope,0,0,Pre-monsoon Storm,,Geotechnical survey record from GSI NLSM & State Disaster Registries.,gsi_nesac_catalog_expanded,NER-2019-001181,India,IN,Arunachal Pradesh,1200000,Tawang,10.5,2019-03-08 00:00:00,2019-03-08 00:00:00,2024-02-01 00:00:00,93.59904,29.29355,2019,3,8,0.866,0.5,True,Arunachal Pradesh,True,regional_survey_gis
GSI NLSM & ISRO Disaster Registries,https://bhukosh.gsi.gov.in,NER-2014-001182,2014-04-26 00:00:00,12:00,"Rangpo-Singtam, South Sikkim, Sikkim",Documented landslide triggered by downpour in South Sikkim.,Rangpo-Singtam,5km,landslide,downpour,medium,natural_slope,0,0,Pre-monsoon Storm,,Geotechnical survey record from GSI NLSM & State Disaster Registries.,gsi_nesac_catalog_expanded,NER-2014-001182,India,IN,Sikkim,1200000,South Sikkim,10.5,2014-04-26 00:00:00,2014-04-26 00:00:00,2024-02-01 00:00:00,88.53542,27.07777,2014,4,26,1.0,0.0,True,Sikkim,True,regional_survey_gis
GSI NLSM & ISRO Disaster Registries,https://bhukosh.gsi.gov.in,NER-2017-001184,2017-06-24 00:00:00,12:00,"Ukhrul-Jessami Road, Senapati, Manipur",Documented landslide triggered by monsoon in Senapati.,Ukhrul-Jessami Road,5km,landslide,monsoon,medium,natural_slope,0,0,Southwest Monsoon,,Geotechnical survey record from GSI NLSM & State Disaster Registries.,gsi_nesac_catalog_expanded,NER-2017-001184,India,IN,Manipur,1200000,Senapati,10.5,2017-06-24 00:00:00,2017-06-24 00:00:00,2024-02-01 00:00:00,93.59211,24.30765,2017,6,24,0.5,-0.866,True,Manipur,True,regional_survey_gis
GSI NLSM & ISRO Disaster Registries,https://bhukosh.gsi.gov.in,NER-2019-001185,2019-07-13 00:00:00,12:00,"Baramura Slopes, Gomati, Tripura",Documented debris_flow triggered by continuous_rain in Gomati.,Baramura Slopes,5km,debris_flow,continuous_rain,small,natural_slope,0,0,Southwest Monsoon,,Geotechnical survey record from GSI NLSM & State Disaster Registries.,gsi_nesac_catalog_expanded,NER-2019-001185,India,IN,Tripura,1200000,Gomati,10.5,2019-07-13 00:00:00,2019-07-13 00:00:00,2024-02-01 00:00:00,91.35076,23.21724,2019,7,13,0.0,-1.0,True,Tripura,True,regional_survey_gis
GSI NLSM & ISRO Disaster Registries,https://bhukosh.gsi.gov.in,NER-2018-001189,2018-09-21 00:00:00,12:00,"Mawsynram-Balat Belt, East Khasi Hills, Meghalaya",Documented rockfall triggered by continuous_rain in East Khasi Hills.,Mawsynram-Balat Belt,5km,rockfall,continuous_rain,medium,natural_slope,0,0,Southwest Monsoon,,Geotechnical survey record from GSI NLSM & State Disaster Registries.,gsi_nesac_catalog_expanded,NER-2018-001189,India,IN,Meghalaya,1200000,East Khasi Hills,10.5,2018-09-21 00:00:00,2018-09-21 00:00:00,2024-02-01 00:00:00,92.56682,25.59861,2018,9,21,-0.866,-0.5,True,Meghalaya,True,regional_survey_gis
GSI NLSM & ISRO Disaster Registries,https://bhukosh.gsi.gov.in,NER-2016-001191,2016-07-08 00:00:00,12:00,"Mangan-Dikchu, Pakyong, Sikkim",Documented landslide triggered by continuous_rain in Pakyong.,Mangan-Dikchu,5km,landslide,continuous_rain,medium,natural_slope,0,0,Southwest Monsoon,,Geotechnical survey record from GSI NLSM & State Disaster Registries.,gsi_nesac_catalog_expanded,NER-2016-001191,India,IN,Sikkim,1200000,Pakyong,10.5,2016-07-08 00:00:00,2016-07-08 00:00:00,2024-02-01 00:00:00,88.28303,27.33522,2016,7,8,0.0,-1.0,True,Sikkim,True,regional_survey_gis
GSI NLSM & ISRO Disaster Registries,https://bhukosh.gsi.gov.in,NER-2016-001192,2016-06-09 00:00:00,12:00,"Longtharai Valley NH-44, Gomati, Tripura",Documented mudslide triggered by downpour in Gomati.,Longtharai Valley NH-44,5km,mudslide,downpour,medium,above_road,0,0,Southwest Monsoon,,Geotechnical survey record from GSI NLSM & State Disaster Registries.,gsi_nesac_catalog_expanded,NER-2016-001192,India,IN,Tripura,1200000,Gomati,10.5,2016-06-09 00:00:00,2016-06-09 00:00:00,2024-02-01 00:00:00,91.63537,24.29346,2016,6,9,0.5,-0.866,True,Tripura,True,regional_survey_gis
GSI NLSM & ISRO Disaster Registries,https://bhukosh.gsi.gov.in,NER-2016-001193,2016-06-14 00:00:00,12:00,"Shillong-Dawki NH-40, East Jaintia Hills, Meghalaya",Documented landslide triggered by continuous_rain in East Jaintia Hills.,Shillong-Dawki NH-40,5km,landslide,continuous_rain,medium,above_road,0,0,Southwest Monsoon,,Geotechnical survey record from GSI NLSM & State Disaster Registries.,gsi_nesac_catalog_expanded,NER-2016-001193,India,IN,Meghalaya,1200000,East Jaintia Hills,10.5,2016-06-14 00:00:00,2016-06-14 00:00:00,2024-02-01 00:00:00,91.81989,25.94313,2016,6,14,0.5,-0.866,True,Meghalaya,True,regional_survey_gis
GSI NLSM & ISRO Disaster Registries,https://bhukosh.gsi.gov.in,NER-2009-001194,2009-06-09 00:00:00,12:00,"Jairampur-Pangsau, Changlang, Arunachal Pradesh",Documented landslide triggered by continuous_rain in Changlang.,Jairampur-Pangsau,5km,landslide,continuous_rain,large,natural_slope,0,1,Southwest Monsoon,,Geotechnical survey record from GSI NLSM & State Disaster Registries.,gsi_nesac_catalog_expanded,NER-2009-001194,India,IN,Arunachal Pradesh,1200000,Changlang,10.5,2009-06-09 00:00:00,2009-06-09 00:00:00,2024-02-01 00:00:00,96.90082,27.43435,2009,6,9,0.5,-0.866,True,Arunachal Pradesh,True,regional_survey_gis
GSI NLSM & ISRO Disaster Registries,https://bhukosh.gsi.gov.in,NER-2016-001195,2016-09-14 00:00:00,12:00,"Khongsang-Nungba NH-37, Noney, Manipur",Documented mudslide triggered by continuous_rain in Noney.,Khongsang-Nungba NH-37,5km,mudslide,continuous_rain,small,above_road,0,0,Southwest Monsoon,,Geotechnical survey record from GSI NLSM & State Disaster Registries.,gsi_nesac_catalog_expanded,NER-2016-001195,India,IN,Manipur,1200000,Noney,10.5,2016-09-14 00:00:00,2016-09-14 00:00:00,2024-02-01 00:00:00,94.54503,24.69942,2016,9,14,-0.866,-0.5,True,Manipur,True,regional_survey_gis
GSI NLSM & ISRO Disaster Registries,https://bhukosh.gsi.gov.in,NER-2019-001196,2019-06-25 00:00:00,12:00,"Mao-Maram NH-2, Chandel, Manipur",Documented debris_flow triggered by monsoon in Chandel.,Mao-Maram NH-2,5km,debris_flow,monsoon,small,above_road,0,0,Southwest Monsoon,,Geotechnical survey record from GSI NLSM & State Disaster Registries.,gsi_nesac_catalog_expanded,NER-2019-001196,India,IN,Manipur,1200000,Chandel,10.5,2019-06-25 00:00:00,2019-06-25 00:00:00,2024-02-01 00:00:00,93.59987,24.10281,2019,6,25,0.5,-0.866,True,Manipur,True,regional_survey_gis
GSI NLSM & ISRO Disaster Registries,https://bhukosh.gsi.gov.in,NER-2019-001197,2019-09-05 00:00:00,12:00,"Kolasib-Vairengte NH-54, Lawngtlai, Mizoram",Documented slope_failure triggered by downpour in Lawngtlai.,Kolasib-Vairengte NH-54,5km,slope_failure,downpour,medium,above_road,0,0,Southwest Monsoon,,Geotechnical survey record from GSI NLSM & State Disaster Registries.,gsi_nesac_catalog_expanded,NER-2019-001197,India,IN,Mizoram,1200000,Lawngtlai,10.5,2019-09-05 00:00:00,2019-09-05 00:00:00,2024-02-01 00:00:00,92.71092,22.51018,2019,9,5,-0.866,-0.5,True,Mizoram,True,regional_survey_gis
GSI NLSM & ISRO Disaster Registries,https://bhukosh.gsi.gov.in,NER-2022-001199,2022-08-14 00:00:00,12:00,"Lachen-Lachung Valley, West Sikkim, Sikkim",Documented debris_flow triggered by continuous_rain in West Sikkim.,Lachen-Lachung Valley,5km,debris_flow,continuous_rain,medium,natural_slope,0,0,Southwest Monsoon,,Geotechnical survey record from GSI NLSM & State Disaster Registries.,gsi_nesac_catalog_expanded,NER-2022-001199,India,IN,Sikkim,1200000,West Sikkim,10.5,2022-08-14 00:00:00,2022-08-14 00:00:00,2024-02-01 00:00:00,88.43727,27.35828,2022,8,14,-0.5,-0.866,True,Sikkim,True,regional_survey_gis
GSI NLSM & ISRO Disaster Registries,https://bhukosh.gsi.gov.in,NER-2017-001200,2017-08-13 00:00:00,12:00,"Dzüdza-Phesama NH-29, Kohima, Nagaland",Documented slope_failure triggered by monsoon in Kohima.,Dzüdza-Phesama NH-29,5km,slope_failure,monsoon,medium,above_road,0,0,Southwest Monsoon,,Geotechnical survey record from GSI NLSM & State Disaster Registries.,gsi_nesac_catalog_expanded,NER-2017-001200,India,IN,Nagaland,1200000,Kohima,10.5,2017-08-13 00:00:00,2017-08-13 00:00:00,2024-02-01 00:00:00,95.05677,25.92744,2017,8,13,-0.5,-0.866,True,Nagaland,True,regional_survey_gis
GSI NLSM & ISRO Disaster Registries,https://bhukosh.gsi.gov.in,NER-2021-001201,2021-04-27 00:00:00,12:00,"Itanagar-Naharlagun, Papum Pare, Arunachal Pradesh",Documented debris_flow triggered by monsoon in Papum Pare.,Itanagar-Naharlagun,5km,debris_flow,monsoon,medium,natural_slope,0,0,Pre-monsoon Storm,,Geotechnical survey record from GSI NLSM & State Disaster Registries.,gsi_nesac_catalog_expanded,NER-2021-001201,India,IN,Arunachal Pradesh,1200000,Papum Pare,10.5,2021-04-27 00:00:00,2021-04-27 00:00:00,2024-02-01 00:00:00,95.06287,28.97997,2021,4,27,1.0,0.0,True,Arunachal Pradesh,True,regional_survey_gis
GSI NLSM & ISRO Disaster Registries,https://bhukosh.gsi.gov.in,NER-2019-001202,2019-07-08 00:00:00,12:00,"Jorabat-Nongpoh NH-6, East Jaintia Hills, Meghalaya",Documented rockfall triggered by downpour in East Jaintia Hills.,Jorabat-Nongpoh NH-6,5km,rockfall,downpour,medium,above_road,0,0,Southwest Monsoon,,Geotechnical survey record from GSI NLSM & State Disaster Registries.,gsi_nesac_catalog_expanded,NER-2019-001202,India,IN,Meghalaya,1200000,East Jaintia Hills,10.5,2019-07-08 00:00:00,2019-07-08 00:00:00,2024-02-01 00:00:00,91.64101,25.7608,2019,7,8,0.0,-1.0,True,Meghalaya,True,regional_survey_gis
GSI NLSM & ISRO Disaster Registries,https://bhukosh.gsi.gov.in,NER-2017-001204,2017-08-23 00:00:00,12:00,"Khongsang-Nungba NH-37, Tamenglong, Manipur",Documented slope_failure triggered by monsoon in Tamenglong.,Khongsang-Nungba NH-37,5km,slope_failure,monsoon,medium,above_road,0,0,Southwest Monsoon,,Geotechnical survey record from GSI NLSM & State Disaster Registries.,gsi_nesac_catalog_expanded,NER-2017-001204,India,IN,Manipur,1200000,Tamenglong,10.5,2017-08-23 00:00:00,2017-08-23 00:00:00,2024-02-01 00:00:00,94.36069,25.41085,2017,8,23,-0.5,-0.866,True,Manipur,True,regional_survey_gis
GSI NLSM & ISRO Disaster Registries,https://bhukosh.gsi.gov.in,NER-2016-001205,2016-05-28 00:00:00,12:00,"Silchar Foothills, Goalpara, Assam",Documented mudslide triggered by downpour in Goalpara.,Silchar Foothills,5km,mudslide,downpour,small,natural_slope,0,0,Pre-monsoon Storm,,Geotechnical survey record from GSI NLSM & State Disaster Registries.,gsi_nesac_catalog_expanded,NER-2016-001205,India,IN,Assam,1200000,Goalpara,10.5,2016-05-28 00:00:00,2016-05-28 00:00:00,2024-02-01 00:00:00,94.51851,27.08348,2016,5,28,0.866,-0.5,True,Assam,True,regional_survey_gis
GSI NLSM & ISRO Disaster Registries,https://bhukosh.gsi.gov.in,NER-2022-001206,2022-07-06 00:00:00,12:00,"Dzongu, North Sikkim, Sikkim",Documented mudslide triggered by continuous_rain in North Sikkim.,Dzongu,5km,mudslide,continuous_rain,very_large,natural_slope,0,1,Southwest Monsoon,,Geotechnical survey record from GSI NLSM & State Disaster Registries.,gsi_nesac_catalog_expanded,NER-2022-001206,India,IN,Sikkim,1200000,North Sikkim,10.5,2022-07-06 00:00:00,2022-07-06 00:00:00,2024-02-01 00:00:00,88.57335,27.58442,2022,7,6,0.0,-1.0,True,Sikkim,True,regional_survey_gis
GSI NLSM & ISRO Disaster Registries,https://bhukosh.gsi.gov.in,NER-2022-001207,2022-09-20 00:00:00,12:00,"Rangpo-Singtam, South Sikkim, Sikkim",Documented debris_flow triggered by continuous_rain in South Sikkim.,Rangpo-Singtam,5km,debris_flow,continuous_rain,small,natural_slope,0,0,Southwest Monsoon,,Geotechnical survey record from GSI NLSM & State Disaster Registries.,gsi_nesac_catalog_expanded,NER-2022-001207,India,IN,Sikkim,1200000,South Sikkim,10.5,2022-09-20 00:00:00,2022-09-20 00:00:00,2024-02-01 00:00:00,88.18207,27.86836,2022,9,20,-0.866,-0.5,True,Sikkim,True,regional_survey_gis
GSI NLSM & ISRO Disaster Registries,https://bhukosh.gsi.gov.in,NER-2018-001208,2018-08-20 00:00:00,12:00,"Namchi-Jorethang, North Sikkim, Sikkim",Documented debris_flow triggered by road_cutting in North Sikkim.,Namchi-Jorethang,5km,debris_flow,road_cutting,medium,natural_slope,0,0,Southwest Monsoon,,Geotechnical survey record from GSI NLSM & State Disaster Registries.,gsi_nesac_catalog_expanded,NER-2018-001208,India,IN,Sikkim,1200000,North Sikkim,10.5,2018-08-20 00:00:00,2018-08-20 00:00:00,2024-02-01 00:00:00,88.8948,27.52212,2018,8,20,-0.5,-0.866,True,Sikkim,True,regional_survey_gis
GSI NLSM & ISRO Disaster Registries,https://bhukosh.gsi.gov.in,NER-2017-001209,2017-09-23 00:00:00,12:00,"Ukhrul-Jessami Road, Churachandpur, Manipur",Documented debris_flow triggered by continuous_rain in Churachandpur.,Ukhrul-Jessami Road,5km,debris_flow,continuous_rain,medium,natural_slope,0,0,Southwest Monsoon,,Geotechnical survey record from GSI NLSM & State Disaster Registries.,gsi_nesac_catalog_expanded,NER-2017-001209,India,IN,Manipur,1200000,Churachandpur,10.5,2017-09-23 00:00:00,2017-09-23 00:00:00,2024-02-01 00:00:00,93.19448,25.00052,2017,9,23,-0.866,-0.5,True,Manipur,True,regional_survey_gis
GSI NLSM & ISRO Disaster Registries,https://bhukosh.gsi.gov.in,NER-2021-001210,2021-09-25 00:00:00,12:00,"Rangpo-Singtam, West Sikkim, Sikkim",Documented mudslide triggered by continuous_rain in West Sikkim.,Rangpo-Singtam,5km,mudslide,continuous_rain,large,natural_slope,0,0,Southwest Monsoon,,Geotechnical survey record from GSI NLSM & State Disaster Registries.,gsi_nesac_catalog_expanded,NER-2021-001210,India,IN,Sikkim,1200000,West Sikkim,10.5,2021-09-25 00:00:00,2021-09-25 00:00:00,2024-02-01 00:00:00,88.17063,27.80885,2021,9,25,-0.866,-0.5,True,Sikkim,True,regional_survey_gis
GSI NLSM & ISRO Disaster Registries,https://bhukosh.gsi.gov.in,NER-2020-001211,2020-07-02 00:00:00,12:00,"Gangtok NH-10, Soreng, Sikkim",Documented landslide triggered by downpour in Soreng.,Gangtok NH-10,5km,landslide,downpour,medium,above_road,0,0,Southwest Monsoon,,Geotechnical survey record from GSI NLSM & State Disaster Registries.,gsi_nesac_catalog_expanded,NER-2020-001211,India,IN,Sikkim,1200000,Soreng,10.5,2020-07-02 00:00:00,2020-07-02 00:00:00,2024-02-01 00:00:00,88.18926,27.6157,2020,7,2,0.0,-1.0,True,Sikkim,True,regional_survey_gis
GSI NLSM & ISRO Disaster Registries,https://bhukosh.gsi.gov.in,NER-2020-001212,2020-08-11 00:00:00,12:00,"Longtharai Valley NH-44, North Tripura, Tripura",Documented rockfall triggered by continuous_rain in North Tripura.,Longtharai Valley NH-44,5km,rockfall,continuous_rain,large,above_road,1,0,Southwest Monsoon,,Geotechnical survey record from GSI NLSM & State Disaster Registries.,gsi_nesac_catalog_expanded,NER-2020-001212,India,IN,Tripura,1200000,North Tripura,10.5,2020-08-11 00:00:00,2020-08-11 00:00:00,2024-02-01 00:00:00,91.87622,23.19416,2020,8,11,-0.5,-0.866,True,Tripura,True,regional_survey_gis
GSI NLSM & ISRO Disaster Registries,https://bhukosh.gsi.gov.in,NER-2016-001213,2016-07-27 00:00:00,12:00,"Roing-Hunli, Changlang, Arunachal Pradesh",Documented slope_failure triggered by downpour in Changlang.,Roing-Hunli,5km,slope_failure,downpour,medium,natural_slope,0,0,Southwest Monsoon,,Geotechnical survey record from GSI NLSM & State Disaster Registries.,gsi_nesac_catalog_expanded,NER-2016-001213,India,IN,Arunachal Pradesh,1200000,Changlang,10.5,2016-07-27 00:00:00,2016-07-27 00:00:00,2024-02-01 00:00:00,95.05998,29.00818,2016,7,27,0.0,-1.0,True,Arunachal Pradesh,True,regional_survey_gis
GSI NLSM & ISRO Disaster Registries,https://bhukosh.gsi.gov.in,NER-2020-001215,2020-03-05 00:00:00,12:00,"Dimapur-Kohima Peducha 4-Lane, Kohima, Nagaland",Documented rockfall triggered by downpour in Kohima.,Dimapur-Kohima Peducha 4-Lane,5km,rockfall,downpour,medium,natural_slope,0,0,Pre-monsoon Storm,,Geotechnical survey record from GSI NLSM & State Disaster Registries.,gsi_nesac_catalog_expanded,NER-2020-001215,India,IN,Nagaland,1200000,Kohima,10.5,2020-03-05 00:00:00,2020-03-05 00:00:00,2024-02-01 00:00:00,93.77242,26.02535,2020,3,5,0.866,0.5,True,Nagaland,True,regional_survey_gis
GSI NLSM & ISRO Disaster Registries,https://bhukosh.gsi.gov.in,NER-2014-001220,2014-07-19 00:00:00,12:00,"Sonapur Tunnel Highway, West Garo Hills, Meghalaya",Documented rockfall triggered by monsoon in West Garo Hills.,Sonapur Tunnel Highway,5km,rockfall,monsoon,medium,above_road,0,0,Southwest Monsoon,,Geotechnical survey record from GSI NLSM & State Disaster Registries.,gsi_nesac_catalog_expanded,NER-2014-001220,India,IN,Meghalaya,1200000,West Garo Hills,10.5,2014-07-19 00:00:00,2014-07-19 00:00:00,2024-02-01 00:00:00,91.77191,26.04278,2014,7,19,0.0,-1.0,True,Meghalaya,True,regional_survey_gis
GSI NLSM & ISRO Disaster Registries,https://bhukosh.gsi.gov.in,NER-2020-001222,2020-08-25 00:00:00,12:00,"Mamit-Bairabi Section, Mamit, Mizoram",Documented slope_failure triggered by continuous_rain in Mamit.,Mamit-Bairabi Section,5km,slope_failure,continuous_rain,medium,natural_slope,0,0,Southwest Monsoon,,Geotechnical survey record from GSI NLSM & State Disaster Registries.,gsi_nesac_catalog_expanded,NER-2020-001222,India,IN,Mizoram,1200000,Mamit,10.5,2020-08-25 00:00:00,2020-08-25 00:00:00,2024-02-01 00:00:00,92.35127,22.30237,2020,8,25,-0.5,-0.866,True,Mizoram,True,regional_survey_gis
GSI NLSM & ISRO Disaster Registries,https://bhukosh.gsi.gov.in,NER-2012-001223,2012-08-22 00:00:00,12:00,"Mahur-Harangajao Railway Hill Section, Cachar, Assam",Documented slope_failure triggered by downpour in Cachar.,Mahur-Harangajao Railway Hill Section,5km,slope_failure,downpour,medium,natural_slope,0,0,Southwest Monsoon,,Geotechnical survey record from GSI NLSM & State Disaster Registries.,gsi_nesac_catalog_expanded,NER-2012-001223,India,IN,Assam,1200000,Cachar,10.5,2012-08-22 00:00:00,2012-08-22 00:00:00,2024-02-01 00:00:00,92.78855,25.09814,2012,8,22,-0.5,-0.866,True,Assam,True,regional_survey_gis
GSI NLSM & ISRO Disaster Registries,https://bhukosh.gsi.gov.in,NER-2020-001224,2020-06-11 00:00:00,12:00,"Lachen-Lachung Valley, North Sikkim, Sikkim",Documented mudslide triggered by continuous_rain in North Sikkim.,Lachen-Lachung Valley,5km,mudslide,continuous_rain,small,natural_slope,0,0,Southwest Monsoon,,Geotechnical survey record from GSI NLSM & State Disaster Registries.,gsi_nesac_catalog_expanded,NER-2020-001224,India,IN,Sikkim,1200000,North Sikkim,10.5,2020-06-11 00:00:00,2020-06-11 00:00:00,2024-02-01 00:00:00,88.1858,27.45293,2020,6,11,0.5,-0.866,True,Sikkim,True,regional_survey_gis
GSI NLSM & ISRO Disaster Registries,https://bhukosh.gsi.gov.in,NER-2017-001226,2017-09-03 00:00:00,12:00,"Laipuitlang-Ramhlun Aizawl, Lawngtlai, Mizoram",Documented debris_flow triggered by downpour in Lawngtlai.,Laipuitlang-Ramhlun Aizawl,5km,debris_flow,downpour,medium,natural_slope,0,0,Southwest Monsoon,,Geotechnical survey record from GSI NLSM & State Disaster Registries.,gsi_nesac_catalog_expanded,NER-2017-001226,India,IN,Mizoram,1200000,Lawngtlai,10.5,2017-09-03 00:00:00,2017-09-03 00:00:00,2024-02-01 00:00:00,93.09625,23.55998,2017,9,3,-0.866,-0.5,True,Mizoram,True,regional_survey_gis
GSI NLSM & ISRO Disaster Registries,https://bhukosh.gsi.gov.in,NER-2018-001227,2018-07-04 00:00:00,12:00,"Kangpokpi Sinking Zone, Noney, Manipur",Documented mudslide triggered by continuous_rain in Noney.,Kangpokpi Sinking Zone,5km,mudslide,continuous_rain,small,natural_slope,0,0,Southwest Monsoon,,Geotechnical survey record from GSI NLSM & State Disaster Registries.,gsi_nesac_catalog_expanded,NER-2018-001227,India,IN,Manipur,1200000,Noney,10.5,2018-07-04 00:00:00,2018-07-04 00:00:00,2024-02-01 00:00:00,94.73586,24.40418,2018,7,4,0.0,-1.0,True,Manipur,True,regional_survey_gis
GSI NLSM & ISRO Disaster Registries,https://bhukosh.gsi.gov.in,NER-2011-001230,2011-06-03 00:00:00,12:00,"Phek-Pfutsero Pass, Kohima, Nagaland",Documented debris_flow triggered by road_cutting in Kohima.,Phek-Pfutsero Pass,5km,debris_flow,road_cutting,medium,natural_slope,0,0,Southwest Monsoon,,Geotechnical survey record from GSI NLSM & State Disaster Registries.,gsi_nesac_catalog_expanded,NER-2011-001230,India,IN,Nagaland,1200000,Kohima,10.5,2011-06-03 00:00:00,2011-06-03 00:00:00,2024-02-01 00:00:00,94.61447,26.79274,2011,6,3,0.5,-0.866,True,Nagaland,True,regional_survey_gis
GSI NLSM & ISRO Disaster Registries,https://bhukosh.gsi.gov.in,NER-2010-001231,2010-09-19 00:00:00,12:00,"Jorabat-Nongpoh NH-6, Ri-Bhoi, Meghalaya",Documented landslide triggered by continuous_rain in Ri-Bhoi.,Jorabat-Nongpoh NH-6,5km,landslide,continuous_rain,small,above_road,0,0,Southwest Monsoon,,Geotechnical survey record from GSI NLSM & State Disaster Registries.,gsi_nesac_catalog_expanded,NER-2010-001231,India,IN,Meghalaya,1200000,Ri-Bhoi,10.5,2010-09-19 00:00:00,2010-09-19 00:00:00,2024-02-01 00:00:00,91.48772,25.40948,2010,9,19,-0.866,-0.5,True,Meghalaya,True,regional_survey_gis
GSI NLSM & ISRO Disaster Registries,https://bhukosh.gsi.gov.in,NER-2022-001232,2022-07-22 00:00:00,12:00,"Mao-Maram NH-2, Senapati, Manipur",Documented debris_flow triggered by monsoon in Senapati.,Mao-Maram NH-2,5km,debris_flow,monsoon,small,above_road,0,0,Southwest Monsoon,,Geotechnical survey record from GSI NLSM & State Disaster Registries.,gsi_nesac_catalog_expanded,NER-2022-001232,India,IN,Manipur,1200000,Senapati,10.5,2022-07-22 00:00:00,2022-07-22 00:00:00,2024-02-01 00:00:00,93.52746,24.8901,2022,7,22,0.0,-1.0,True,Manipur,True,regional_survey_gis
GSI NLSM & ISRO Disaster Registries,https://bhukosh.gsi.gov.in,NER-2019-001235,2019-05-14 00:00:00,12:00,"Laipuitlang-Ramhlun Aizawl, Serchhip, Mizoram",Documented slope_failure triggered by downpour in Serchhip.,Laipuitlang-Ramhlun Aizawl,5km,slope_failure,downpour,large,natural_slope,1,1,Pre-monsoon Storm,,Geotechnical survey record from GSI NLSM & State Disaster Registries.,gsi_nesac_catalog_expanded,NER-2019-001235,India,IN,Mizoram,1200000,Serchhip,10.5,2019-05-14 00:00:00,2019-05-14 00:00:00,2024-02-01 00:00:00,92.44447,22.43728,2019,5,14,0.866,-0.5,True,Mizoram,True,regional_survey_gis
GSI NLSM & ISRO Disaster Registries,https://bhukosh.gsi.gov.in,NER-2017-001237,2017-08-05 00:00:00,12:00,"Shillong-Dawki NH-40, East Khasi Hills, Meghalaya",Documented rockfall triggered by continuous_rain in East Khasi Hills.,Shillong-Dawki NH-40,5km,rockfall,continuous_rain,small,above_road,0,0,Southwest Monsoon,,Geotechnical survey record from GSI NLSM & State Disaster Registries.,gsi_nesac_catalog_expanded,NER-2017-001237,India,IN,Meghalaya,1200000,East Khasi Hills,10.5,2017-08-05 00:00:00,2017-08-05 00:00:00,2024-02-01 00:00:00,90.08875,25.41643,2017,8,5,-0.5,-0.866,True,Meghalaya,True,regional_survey_gis
GSI NLSM & ISRO Disaster Registries,https://bhukosh.gsi.gov.in,NER-2018-001240,2018-08-19 00:00:00,12:00,"Mon-Tobu Highway, Mon, Nagaland",Documented mudslide triggered by continuous_rain in Mon.,Mon-Tobu Highway,5km,mudslide,continuous_rain,medium,above_road,0,0,Southwest Monsoon,,Geotechnical survey record from GSI NLSM & State Disaster Registries.,gsi_nesac_catalog_expanded,NER-2018-001240,India,IN,Nagaland,1200000,Mon,10.5,2018-08-19 00:00:00,2018-08-19 00:00:00,2024-02-01 00:00:00,94.65363,26.74032,2018,8,19,-0.5,-0.866,True,Nagaland,True,regional_survey_gis
GSI NLSM & ISRO Disaster Registries,https://bhukosh.gsi.gov.in,NER-2021-001243,2021-07-08 00:00:00,12:00,"Mamit-Bairabi Section, Kolasib, Mizoram",Documented rockfall triggered by continuous_rain in Kolasib.,Mamit-Bairabi Section,5km,rockfall,continuous_rain,large,natural_slope,0,1,Southwest Monsoon,,Geotechnical survey record from GSI NLSM & State Disaster Registries.,gsi_nesac_catalog_expanded,NER-2021-001243,India,IN,Mizoram,1200000,Kolasib,10.5,2021-07-08 00:00:00,2021-07-08 00:00:00,2024-02-01 00:00:00,93.18926,23.39364,2021,7,8,0.0,-1.0,True,Mizoram,True,regional_survey_gis
GSI NLSM & ISRO Disaster Registries,https://bhukosh.gsi.gov.in,NER-2018-001244,2018-08-20 00:00:00,12:00,"Jairampur-Pangsau, Lower Subansiri, Arunachal Pradesh",Documented debris_flow triggered by continuous_rain in Lower Subansiri.,Jairampur-Pangsau,5km,debris_flow,continuous_rain,medium,natural_slope,0,0,Southwest Monsoon,,Geotechnical survey record from GSI NLSM & State Disaster Registries.,gsi_nesac_catalog_expanded,NER-2018-001244,India,IN,Arunachal Pradesh,1200000,Lower Subansiri,10.5,2018-08-20 00:00:00,2018-08-20 00:00:00,2024-02-01 00:00:00,93.49288,29.3355,2018,8,20,-0.5,-0.866,True,Arunachal Pradesh,True,regional_survey_gis
GSI NLSM & ISRO Disaster Registries,https://bhukosh.gsi.gov.in,NER-2018-001246,2018-07-01 00:00:00,12:00,"Dimapur-Kohima Peducha 4-Lane, Phek, Nagaland",Documented landslide triggered by downpour in Phek.,Dimapur-Kohima Peducha 4-Lane,5km,landslide,downpour,medium,natural_slope,0,0,Southwest Monsoon,,Geotechnical survey record from GSI NLSM & State Disaster Registries.,gsi_nesac_catalog_expanded,NER-2018-001246,India,IN,Nagaland,1200000,Phek,10.5,2018-07-01 00:00:00,2018-07-01 00:00:00,2024-02-01 00:00:00,94.7553,26.54,2018,7,1,0.0,-1.0,True,Nagaland,True,regional_survey_gis
GSI NLSM & ISRO Disaster Registries,https://bhukosh.gsi.gov.in,NER-2017-001247,2017-08-21 00:00:00,12:00,"Lachen-Lachung Valley, South Sikkim, Sikkim",Documented slope_failure triggered by downpour in South Sikkim.,Lachen-Lachung Valley,5km,slope_failure,downpour,small,natural_slope,0,0,Southwest Monsoon,,Geotechnical survey record from GSI NLSM & State Disaster Registries.,gsi_nesac_catalog_expanded,NER-2017-001247,India,IN,Sikkim,1200000,South Sikkim,10.5,2017-08-21 00:00:00,2017-08-21 00:00:00,2024-02-01 00:00:00,88.73762,27.49432,2017,8,21,-0.5,-0.866,True,Sikkim,True,regional_survey_gis
GSI NLSM & ISRO Disaster Registries,https://bhukosh.gsi.gov.in,NER-2016-001248,2016-08-09 00:00:00,12:00,"Atharamura Range NH-8, South Tripura, Tripura",Documented landslide triggered by downpour in South Tripura.,Atharamura Range NH-8,5km,landslide,downpour,large,above_road,0,0,Southwest Monsoon,,Geotechnical survey record from GSI NLSM & State Disaster Registries.,gsi_nesac_catalog_expanded,NER-2016-001248,India,IN,Tripura,1200000,South Tripura,10.5,2016-08-09 00:00:00,2016-08-09 00:00:00,2024-02-01 00:00:00,91.21649,23.48459,2016,8,9,-0.5,-0.866,True,Tripura,True,regional_survey_gis
GSI NLSM & ISRO Disaster Registries,https://bhukosh.gsi.gov.in,NER-2012-001249,2012-09-13 00:00:00,12:00,"Wokha-Doyang Valley, Phek, Nagaland",Documented landslide triggered by continuous_rain in Phek.,Wokha-Doyang Valley,5km,landslide,continuous_rain,medium,natural_slope,0,0,Southwest Monsoon,,Geotechnical survey record from GSI NLSM & State Disaster Registries.,gsi_nesac_catalog_expanded,NER-2012-001249,India,IN,Nagaland,1200000,Phek,10.5,2012-09-13 00:00:00,2012-09-13 00:00:00,2024-02-01 00:00:00,94.03785,25.97343,2012,9,13,-0.866,-0.5,True,Nagaland,True,regional_survey_gis
GSI NLSM & ISRO Disaster Registries,https://bhukosh.gsi.gov.in,NER-2022-001252,2022-04-13 00:00:00,12:00,"Roing-Hunli, Dibang Valley, Arunachal Pradesh",Documented slope_failure triggered by cloudburst in Dibang Valley.,Roing-Hunli,5km,slope_failure,cloudburst,small,natural_slope,0,0,Pre-monsoon Storm,,Geotechnical survey record from GSI NLSM & State Disaster Registries.,gsi_nesac_catalog_expanded,NER-2022-001252,India,IN,Arunachal Pradesh,1200000,Dibang Valley,10.5,2022-04-13 00:00:00,2022-04-13 00:00:00,2024-02-01 00:00:00,94.21512,29.19773,2022,4,13,1.0,0.0,True,Arunachal Pradesh,True,regional_survey_gis
GSI NLSM & ISRO Disaster Registries,https://bhukosh.gsi.gov.in,NER-2017-001253,2017-08-01 00:00:00,12:00,"Potin-Ziro Highway, Tawang, Arunachal Pradesh",Documented landslide triggered by downpour in Tawang.,Potin-Ziro Highway,5km,landslide,downpour,medium,above_road,0,0,Southwest Monsoon,,Geotechnical survey record from GSI NLSM & State Disaster Registries.,gsi_nesac_catalog_expanded,NER-2017-001253,India,IN,Arunachal Pradesh,1200000,Tawang,10.5,2017-08-01 00:00:00,2017-08-01 00:00:00,2024-02-01 00:00:00,97.35029,27.32895,2017,8,1,-0.5,-0.866,True,Arunachal Pradesh,True,regional_survey_gis
GSI NLSM & ISRO Disaster Registries,https://bhukosh.gsi.gov.in,NER-2019-001254,2019-06-11 00:00:00,12:00,"Gangtok NH-10, North Sikkim, Sikkim",Documented slope_failure triggered by continuous_rain in North Sikkim.,Gangtok NH-10,5km,slope_failure,continuous_rain,small,above_road,0,0,Southwest Monsoon,,Geotechnical survey record from GSI NLSM & State Disaster Registries.,gsi_nesac_catalog_expanded,NER-2019-001254,India,IN,Sikkim,1200000,North Sikkim,10.5,2019-06-11 00:00:00,2019-06-11 00:00:00,2024-02-01 00:00:00,88.27842,27.39467,2019,6,11,0.5,-0.866,True,Sikkim,True,regional_survey_gis
GSI NLSM & ISRO Disaster Registries,https://bhukosh.gsi.gov.in,NER-2016-001256,2016-06-24 00:00:00,12:00,"Shillong-Dawki NH-40, West Garo Hills, Meghalaya",Documented debris_flow triggered by downpour in West Garo Hills.,Shillong-Dawki NH-40,5km,debris_flow,downpour,medium,above_road,0,0,Southwest Monsoon,,Geotechnical survey record from GSI NLSM & State Disaster Registries.,gsi_nesac_catalog_expanded,NER-2016-001256,India,IN,Meghalaya,1200000,West Garo Hills,10.5,2016-06-24 00:00:00,2016-06-24 00:00:00,2024-02-01 00:00:00,91.92059,25.90429,2016,6,24,0.5,-0.866,True,Meghalaya,True,regional_survey_gis
GSI NLSM & ISRO Disaster Registries,https://bhukosh.gsi.gov.in,NER-2022-001257,2022-06-21 00:00:00,12:00,"Sela Pass-Tawang, Tawang, Arunachal Pradesh",Documented slope_failure triggered by continuous_rain in Tawang.,Sela Pass-Tawang,5km,slope_failure,continuous_rain,medium,natural_slope,0,0,Southwest Monsoon,,Geotechnical survey record from GSI NLSM & State Disaster Registries.,gsi_nesac_catalog_expanded,NER-2022-001257,India,IN,Arunachal Pradesh,1200000,Tawang,10.5,2022-06-21 00:00:00,2022-06-21 00:00:00,2024-02-01 00:00:00,95.47013,28.78569,2022,6,21,0.5,-0.866,True,Arunachal Pradesh,True,regional_survey_gis
GSI NLSM & ISRO Disaster Registries,https://bhukosh.gsi.gov.in,NER-2018-001259,2018-07-09 00:00:00,12:00,"Dzüdza-Phesama NH-29, Dimapur, Nagaland",Documented slope_failure triggered by monsoon in Dimapur.,Dzüdza-Phesama NH-29,5km,slope_failure,monsoon,medium,above_road,0,0,Southwest Monsoon,,Geotechnical survey record from GSI NLSM & State Disaster Registries.,gsi_nesac_catalog_expanded,NER-2018-001259,India,IN,Nagaland,1200000,Dimapur,10.5,2018-07-09 00:00:00,2018-07-09 00:00:00,2024-02-01 00:00:00,93.41116,25.6331,2018,7,9,0.0,-1.0,True,Nagaland,True,regional_survey_gis
GSI NLSM & ISRO Disaster Registries,https://bhukosh.gsi.gov.in,NER-2021-001260,2021-07-02 00:00:00,12:00,"Khongsang-Nungba NH-37, Tamenglong, Manipur",Documented mudslide triggered by monsoon in Tamenglong.,Khongsang-Nungba NH-37,5km,mudslide,monsoon,medium,above_road,0,0,Southwest Monsoon,,Geotechnical survey record from GSI NLSM & State Disaster Registries.,gsi_nesac_catalog_expanded,NER-2021-001260,India,IN,Manipur,1200000,Tamenglong,10.5,2021-07-02 00:00:00,2021-07-02 00:00:00,2024-02-01 00:00:00,93.56699,24.97842,2021,7,2,0.0,-1.0,True,Manipur,True,regional_survey_gis
GSI NLSM & ISRO Disaster Registries,https://bhukosh.gsi.gov.in,NER-2012-001261,2012-09-04 00:00:00,12:00,"Cherrapunji-Sohra Escarpment, Ri-Bhoi, Meghalaya",Documented mudslide triggered by downpour in Ri-Bhoi.,Cherrapunji-Sohra Escarpment,5km,mudslide,downpour,large,natural_slope,0,0,Southwest Monsoon,,Geotechnical survey record from GSI NLSM & State Disaster Registries.,gsi_nesac_catalog_expanded,NER-2012-001261,India,IN,Meghalaya,1200000,Ri-Bhoi,10.5,2012-09-04 00:00:00,2012-09-04 00:00:00,2024-02-01 00:00:00,92.52058,25.56179,2012,9,4,-0.866,-0.5,True,Meghalaya,True,regional_survey_gis
GSI NLSM & ISRO Disaster Registries,https://bhukosh.gsi.gov.in,NER-2021-001263,2021-07-28 00:00:00,12:00,"Jampui Hills Vanghmun, West Tripura, Tripura",Documented rockfall triggered by road_cutting in West Tripura.,Jampui Hills Vanghmun,5km,rockfall,road_cutting,medium,natural_slope,0,0,Southwest Monsoon,,Geotechnical survey record from GSI NLSM & State Disaster Registries.,gsi_nesac_catalog_expanded,NER-2021-001263,India,IN,Tripura,1200000,West Tripura,10.5,2021-07-28 00:00:00,2021-07-28 00:00:00,2024-02-01 00:00:00,91.41775,23.19807,2021,7,28,0.0,-1.0,True,Tripura,True,regional_survey_gis
GSI NLSM & ISRO Disaster Registries,https://bhukosh.gsi.gov.in,NER-2021-001264,2021-05-24 00:00:00,12:00,"Mokokchung-Tuli Road, Wokha, Nagaland",Documented rockfall triggered by downpour in Wokha.,Mokokchung-Tuli Road,5km,rockfall,downpour,medium,natural_slope,0,0,Pre-monsoon Storm,,Geotechnical survey record from GSI NLSM & State Disaster Registries.,gsi_nesac_catalog_expanded,NER-2021-001264,India,IN,Nagaland,1200000,Wokha,10.5,2021-05-24 00:00:00,2021-05-24 00:00:00,2024-02-01 00:00:00,94.77162,26.57563,2021,5,24,0.866,-0.5,True,Nagaland,True,regional_survey_gis
GSI NLSM & ISRO Disaster Registries,https://bhukosh.gsi.gov.in,NER-2021-001265,2021-07-01 00:00:00,12:00,"Phek-Pfutsero Pass, Kohima, Nagaland",Documented landslide triggered by downpour in Kohima.,Phek-Pfutsero Pass,5km,landslide,downpour,medium,natural_slope,0,0,Southwest Monsoon,,Geotechnical survey record from GSI NLSM & State Disaster Registries.,gsi_nesac_catalog_expanded,NER-2021-001265,India,IN,Nagaland,1200000,Kohima,10.5,2021-07-01 00:00:00,2021-07-01 00:00:00,2024-02-01 00:00:00,94.14507,26.74454,2021,7,1,0.0,-1.0,True,Nagaland,True,regional_survey_gis
GSI NLSM & ISRO Disaster Registries,https://bhukosh.gsi.gov.in,NER-2018-001268,2018-09-09 00:00:00,12:00,"Guwahati Hills (Narakasur), Karimganj, Assam",Documented mudslide triggered by road_cutting in Karimganj.,Guwahati Hills (Narakasur),5km,mudslide,road_cutting,small,natural_slope,0,0,Southwest Monsoon,,Geotechnical survey record from GSI NLSM & State Disaster Registries.,gsi_nesac_catalog_expanded,NER-2018-001268,India,IN,Assam,1200000,Karimganj,10.5,2018-09-09 00:00:00,2018-09-09 00:00:00,2024-02-01 00:00:00,89.79179,27.11813,2018,9,9,-0.866,-0.5,True,Assam,True,regional_survey_gis
GSI NLSM & ISRO Disaster Registries,https://bhukosh.gsi.gov.in,NER-2021-001270,2021-07-01 00:00:00,12:00,"Mangan-Dikchu, West Sikkim, Sikkim",Documented slope_failure triggered by continuous_rain in West Sikkim.,Mangan-Dikchu,5km,slope_failure,continuous_rain,medium,natural_slope,0,0,Southwest Monsoon,,Geotechnical survey record from GSI NLSM & State Disaster Registries.,gsi_nesac_catalog_expanded,NER-2021-001270,India,IN,Sikkim,1200000,West Sikkim,10.5,2021-07-01 00:00:00,2021-07-01 00:00:00,2024-02-01 00:00:00,88.28628,27.8657,2021,7,1,0.0,-1.0,True,Sikkim,True,regional_survey_gis
GSI NLSM & ISRO Disaster Registries,https://bhukosh.gsi.gov.in,NER-2017-001271,2017-07-04 00:00:00,12:00,"Mao-Maram NH-2, Ukhrul, Manipur",Documented landslide triggered by continuous_rain in Ukhrul.,Mao-Maram NH-2,5km,landslide,continuous_rain,very_large,above_road,0,0,Southwest Monsoon,,Geotechnical survey record from GSI NLSM & State Disaster Registries.,gsi_nesac_catalog_expanded,NER-2017-001271,India,IN,Manipur,1200000,Ukhrul,10.5,2017-07-04 00:00:00,2017-07-04 00:00:00,2024-02-01 00:00:00,93.48268,23.99608,2017,7,4,0.0,-1.0,True,Manipur,True,regional_survey_gis
GSI NLSM & ISRO Disaster Registries,https://bhukosh.gsi.gov.in,NER-2020-001273,2020-07-25 00:00:00,12:00,"Nilachal Hill Kamakhya, Cachar, Assam",Documented slope_failure triggered by continuous_rain in Cachar.,Nilachal Hill Kamakhya,5km,slope_failure,continuous_rain,medium,natural_slope,0,0,Southwest Monsoon,,Geotechnical survey record from GSI NLSM & State Disaster Registries.,gsi_nesac_catalog_expanded,NER-2020-001273,India,IN,Assam,1200000,Cachar,10.5,2020-07-25 00:00:00,2020-07-25 00:00:00,2024-02-01 00:00:00,89.99041,27.16577,2020,7,25,0.0,-1.0,True,Assam,True,regional_survey_gis
GSI NLSM & ISRO Disaster Registries,https://bhukosh.gsi.gov.in,NER-2016-001274,2016-08-03 00:00:00,12:00,"Lunglei-Hnahthial Highway, Lawngtlai, Mizoram",Documented slope_failure triggered by continuous_rain in Lawngtlai.,Lunglei-Hnahthial Highway,5km,slope_failure,continuous_rain,medium,above_road,0,0,Southwest Monsoon,,Geotechnical survey record from GSI NLSM & State Disaster Registries.,gsi_nesac_catalog_expanded,NER-2016-001274,India,IN,Mizoram,1200000,Lawngtlai,10.5,2016-08-03 00:00:00,2016-08-03 00:00:00,2024-02-01 00:00:00,92.77625,22.39133,2016,8,3,-0.5,-0.866,True,Mizoram,True,regional_survey_gis
GSI NLSM & ISRO Disaster Registries,https://bhukosh.gsi.gov.in,NER-2019-001275,2019-04-21 00:00:00,12:00,"Khongsang-Nungba NH-37, Ukhrul, Manipur",Documented debris_flow triggered by continuous_rain in Ukhrul.,Khongsang-Nungba NH-37,5km,debris_flow,continuous_rain,large,above_road,0,4,Pre-monsoon Storm,,Geotechnical survey record from GSI NLSM & State Disaster Registries.,gsi_nesac_catalog_expanded,NER-2019-001275,India,IN,Manipur,1200000,Ukhrul,10.5,2019-04-21 00:00:00,2019-04-21 00:00:00,2024-02-01 00:00:00,94.6047,24.1198,2019,4,21,1.0,0.0,True,Manipur,True,regional_survey_gis
GSI NLSM & ISRO Disaster Registries,https://bhukosh.gsi.gov.in,NER-2019-001276,2019-06-27 00:00:00,12:00,"Jorabat-Nongpoh NH-6, West Khasi Hills, Meghalaya",Documented debris_flow triggered by continuous_rain in West Khasi Hills.,Jorabat-Nongpoh NH-6,5km,debris_flow,continuous_rain,medium,above_road,0,0,Southwest Monsoon,,Geotechnical survey record from GSI NLSM & State Disaster Registries.,gsi_nesac_catalog_expanded,NER-2019-001276,India,IN,Meghalaya,1200000,West Khasi Hills,10.5,2019-06-27 00:00:00,2019-06-27 00:00:00,2024-02-01 00:00:00,91.72672,25.72292,2019,6,27,0.5,-0.866,True,Meghalaya,True,regional_survey_gis
GSI NLSM & ISRO Disaster Registries,https://bhukosh.gsi.gov.in,NER-2020-001277,2020-06-20 00:00:00,12:00,"Durtlang Ridge Slopes, Lunglei, Mizoram",Documented mudslide triggered by cloudburst in Lunglei.,Durtlang Ridge Slopes,5km,mudslide,cloudburst,small,natural_slope,0,0,Southwest Monsoon,,Geotechnical survey record from GSI NLSM & State Disaster Registries.,gsi_nesac_catalog_expanded,NER-2020-001277,India,IN,Mizoram,1200000,Lunglei,10.5,2020-06-20 00:00:00,2020-06-20 00:00:00,2024-02-01 00:00:00,92.43514,23.05613,2020,6,20,0.5,-0.866,True,Mizoram,True,regional_survey_gis
GSI NLSM & ISRO Disaster Registries,https://bhukosh.gsi.gov.in,NER-2020-001281,2020-07-14 00:00:00,12:00,"Tura Peak Slopes, East Khasi Hills, Meghalaya",Documented slope_failure triggered by cloudburst in East Khasi Hills.,Tura Peak Slopes,5km,slope_failure,cloudburst,medium,natural_slope,0,0,Southwest Monsoon,,Geotechnical survey record from GSI NLSM & State Disaster Registries.,gsi_nesac_catalog_expanded,NER-2020-001281,India,IN,Meghalaya,1200000,East Khasi Hills,10.5,2020-07-14 00:00:00,2020-07-14 00:00:00,2024-02-01 00:00:00,91.78817,25.95676,2020,7,14,0.0,-1.0,True,Meghalaya,True,regional_survey_gis
GSI NLSM & ISRO Disaster Registries,https://bhukosh.gsi.gov.in,NER-2020-001282,2020-09-18 00:00:00,12:00,"Lunglei-Hnahthial Highway, Champhai, Mizoram",Documented landslide triggered by downpour in Champhai.,Lunglei-Hnahthial Highway,5km,landslide,downpour,large,above_road,0,1,Southwest Monsoon,,Geotechnical survey record from GSI NLSM & State Disaster Registries.,gsi_nesac_catalog_expanded,NER-2020-001282,India,IN,Mizoram,1200000,Champhai,10.5,2020-09-18 00:00:00,2020-09-18 00:00:00,2024-02-01 00:00:00,92.5999,22.33207,2020,9,18,-0.866,-0.5,True,Mizoram,True,regional_survey_gis
GSI NLSM & ISRO Disaster Registries,https://bhukosh.gsi.gov.in,NER-2008-001283,2008-06-05 00:00:00,12:00,"Mangan-Dikchu, East Sikkim, Sikkim",Documented rockfall triggered by continuous_rain in East Sikkim.,Mangan-Dikchu,5km,rockfall,continuous_rain,medium,natural_slope,0,0,Southwest Monsoon,,Geotechnical survey record from GSI NLSM & State Disaster Registries.,gsi_nesac_catalog_expanded,NER-2008-001283,India,IN,Sikkim,1200000,East Sikkim,10.5,2008-06-05 00:00:00,2008-06-05 00:00:00,2024-02-01 00:00:00,88.27131,27.34603,2008,6,5,0.5,-0.866,True,Sikkim,True,regional_survey_gis
GSI NLSM & ISRO Disaster Registries,https://bhukosh.gsi.gov.in,NER-2019-001284,2019-06-17 00:00:00,12:00,"Mamit-Bairabi Section, Lawngtlai, Mizoram",Documented mudslide triggered by continuous_rain in Lawngtlai.,Mamit-Bairabi Section,5km,mudslide,continuous_rain,medium,natural_slope,0,0,Southwest Monsoon,,Geotechnical survey record from GSI NLSM & State Disaster Registries.,gsi_nesac_catalog_expanded,NER-2019-001284,India,IN,Mizoram,1200000,Lawngtlai,10.5,2019-06-17 00:00:00,2019-06-17 00:00:00,2024-02-01 00:00:00,93.13953,24.14186,2019,6,17,0.5,-0.866,True,Mizoram,True,regional_survey_gis
GSI NLSM & ISRO Disaster Registries,https://bhukosh.gsi.gov.in,NER-2018-001285,2018-06-02 00:00:00,12:00,"Cherrapunji-Sohra Escarpment, Ri-Bhoi, Meghalaya",Documented debris_flow triggered by continuous_rain in Ri-Bhoi.,Cherrapunji-Sohra Escarpment,5km,debris_flow,continuous_rain,medium,natural_slope,0,0,Southwest Monsoon,,Geotechnical survey record from GSI NLSM & State Disaster Registries.,gsi_nesac_catalog_expanded,NER-2018-001285,India,IN,Meghalaya,1200000,Ri-Bhoi,10.5,2018-06-02 00:00:00,2018-06-02 00:00:00,2024-02-01 00:00:00,91.11993,25.84439,2018,6,2,0.5,-0.866,True,Meghalaya,True,regional_survey_gis
GSI NLSM & ISRO Disaster Registries,https://bhukosh.gsi.gov.in,NER-2020-001286,2020-07-04 00:00:00,12:00,"Kangpokpi Sinking Zone, Tamenglong, Manipur",Documented landslide triggered by continuous_rain in Tamenglong.,Kangpokpi Sinking Zone,5km,landslide,continuous_rain,medium,natural_slope,0,0,Southwest Monsoon,,Geotechnical survey record from GSI NLSM & State Disaster Registries.,gsi_nesac_catalog_expanded,NER-2020-001286,India,IN,Manipur,1200000,Tamenglong,10.5,2020-07-04 00:00:00,2020-07-04 00:00:00,2024-02-01 00:00:00,93.55542,24.39159,2020,7,4,0.0,-1.0,True,Manipur,True,regional_survey_gis
GSI NLSM & ISRO Disaster Registries,https://bhukosh.gsi.gov.in,NER-2021-001287,2021-08-27 00:00:00,12:00,"Kailashahar Hill Tracts, South Tripura, Tripura",Documented debris_flow triggered by monsoon in South Tripura.,Kailashahar Hill Tracts,5km,debris_flow,monsoon,small,natural_slope,0,0,Southwest Monsoon,,Geotechnical survey record from GSI NLSM & State Disaster Registries.,gsi_nesac_catalog_expanded,NER-2021-001287,India,IN,Tripura,1200000,South Tripura,10.5,2021-08-27 00:00:00,2021-08-27 00:00:00,2024-02-01 00:00:00,91.18958,23.7541,2021,8,27,-0.5,-0.866,True,Tripura,True,regional_survey_gis
GSI NLSM & ISRO Disaster Registries,https://bhukosh.gsi.gov.in,NER-2013-001289,2013-07-25 00:00:00,12:00,"Sonapur Tunnel Highway, East Jaintia Hills, Meghalaya",Documented slope_failure triggered by continuous_rain in East Jaintia Hills.,Sonapur Tunnel Highway,5km,slope_failure,continuous_rain,small,above_road,0,0,Southwest Monsoon,,Geotechnical survey record from GSI NLSM & State Disaster Registries.,gsi_nesac_catalog_expanded,NER-2013-001289,India,IN,Meghalaya,1200000,East Jaintia Hills,10.5,2013-07-25 00:00:00,2013-07-25 00:00:00,2024-02-01 00:00:00,92.56966,25.63342,2013,7,25,0.0,-1.0,True,Meghalaya,True,regional_survey_gis
GSI NLSM & ISRO Disaster Registries,https://bhukosh.gsi.gov.in,NER-2017-001290,2017-07-03 00:00:00,12:00,"Tura Peak Slopes, South West Khasi Hills, Meghalaya",Documented debris_flow triggered by continuous_rain in South West Khasi Hills.,Tura Peak Slopes,5km,debris_flow,continuous_rain,small,natural_slope,0,0,Southwest Monsoon,,Geotechnical survey record from GSI NLSM & State Disaster Registries.,gsi_nesac_catalog_expanded,NER-2017-001290,India,IN,Meghalaya,1200000,South West Khasi Hills,10.5,2017-07-03 00:00:00,2017-07-03 00:00:00,2024-02-01 00:00:00,91.39011,25.54455,2017,7,3,0.0,-1.0,True,Meghalaya,True,regional_survey_gis
GSI NLSM & ISRO Disaster Registries,https://bhukosh.gsi.gov.in,NER-2020-001291,2020-06-13 00:00:00,12:00,"Tupul Railway Corridor, Churachandpur, Manipur",Documented debris_flow triggered by continuous_rain in Churachandpur.,Tupul Railway Corridor,5km,debris_flow,continuous_rain,medium,natural_slope,0,0,Southwest Monsoon,,Geotechnical survey record from GSI NLSM & State Disaster Registries.,gsi_nesac_catalog_expanded,NER-2020-001291,India,IN,Manipur,1200000,Churachandpur,10.5,2020-06-13 00:00:00,2020-06-13 00:00:00,2024-02-01 00:00:00,93.5087,24.12883,2020,6,13,0.5,-0.866,True,Manipur,True,regional_survey_gis
GSI NLSM & ISRO Disaster Registries,https://bhukosh.gsi.gov.in,NER-2018-001293,2018-09-22 00:00:00,12:00,"Shillong-Dawki NH-40, East Jaintia Hills, Meghalaya",Documented slope_failure triggered by monsoon in East Jaintia Hills.,Shillong-Dawki NH-40,5km,slope_failure,monsoon,large,above_road,0,4,Southwest Monsoon,,Geotechnical survey record from GSI NLSM & State Disaster Registries.,gsi_nesac_catalog_expanded,NER-2018-001293,India,IN,Meghalaya,1200000,East Jaintia Hills,10.5,2018-09-22 00:00:00,2018-09-22 00:00:00,2024-02-01 00:00:00,91.88426,25.80937,2018,9,22,-0.866,-0.5,True,Meghalaya,True,regional_survey_gis
GSI NLSM & ISRO Disaster Registries,https://bhukosh.gsi.gov.in,NER-2016-001294,2016-09-14 00:00:00,12:00,"Cherrapunji-Sohra Escarpment, East Jaintia Hills, Meghalaya",Documented rockfall triggered by monsoon in East Jaintia Hills.,Cherrapunji-Sohra Escarpment,5km,rockfall,monsoon,medium,natural_slope,0,0,Southwest Monsoon,,Geotechnical survey record from GSI NLSM & State Disaster Registries.,gsi_nesac_catalog_expanded,NER-2016-001294,India,IN,Meghalaya,1200000,East Jaintia Hills,10.5,2016-09-14 00:00:00,2016-09-14 00:00:00,2024-02-01 00:00:00,92.70773,25.69786,2016,9,14,-0.866,-0.5,True,Meghalaya,True,regional_survey_gis
GSI NLSM & ISRO Disaster Registries,https://bhukosh.gsi.gov.in,NER-2014-001295,2014-06-03 00:00:00,12:00,"Mon-Tobu Highway, Wokha, Nagaland",Documented debris_flow triggered by continuous_rain in Wokha.,Mon-Tobu Highway,5km,debris_flow,continuous_rain,very_large,above_road,0,0,Southwest Monsoon,,Geotechnical survey record from GSI NLSM & State Disaster Registries.,gsi_nesac_catalog_expanded,NER-2014-001295,India,IN,Nagaland,1200000,Wokha,10.5,2014-06-03 00:00:00,2014-06-03 00:00:00,2024-02-01 00:00:00,94.54149,26.64477,2014,6,3,0.5,-0.866,True,Nagaland,True,regional_survey_gis
GSI NLSM & ISRO Disaster Registries,https://bhukosh.gsi.gov.in,NER-2019-001296,2019-07-14 00:00:00,12:00,"Mawsynram-Balat Belt, West Khasi Hills, Meghalaya",Documented mudslide triggered by downpour in West Khasi Hills.,Mawsynram-Balat Belt,5km,mudslide,downpour,small,natural_slope,0,0,Southwest Monsoon,,Geotechnical survey record from GSI NLSM & State Disaster Registries.,gsi_nesac_catalog_expanded,NER-2019-001296,India,IN,Meghalaya,1200000,West Khasi Hills,10.5,2019-07-14 00:00:00,2019-07-14 00:00:00,2024-02-01 00:00:00,91.48115,25.87339,2019,7,14,0.0,-1.0,True,Meghalaya,True,regional_survey_gis
GSI NLSM & ISRO Disaster Registries,https://bhukosh.gsi.gov.in,NER-2018-001297,2018-09-12 00:00:00,12:00,"Mamit-Bairabi Section, Mamit, Mizoram",Documented debris_flow triggered by continuous_rain in Mamit.,Mamit-Bairabi Section,5km,debris_flow,continuous_rain,medium,natural_slope,0,0,Southwest Monsoon,,Geotechnical survey record from GSI NLSM & State Disaster Registries.,gsi_nesac_catalog_expanded,NER-2018-001297,India,IN,Mizoram,1200000,Mamit,10.5,2018-09-12 00:00:00,2018-09-12 00:00:00,2024-02-01 00:00:00,93.02136,23.648,2018,9,12,-0.866,-0.5,True,Mizoram,True,regional_survey_gis
GSI NLSM & ISRO Disaster Registries,https://bhukosh.gsi.gov.in,NER-2013-001298,2013-06-25 00:00:00,12:00,"Dzüdza-Phesama NH-29, Phek, Nagaland",Documented slope_failure triggered by road_cutting in Phek.,Dzüdza-Phesama NH-29,5km,slope_failure,road_cutting,large,above_road,3,1,Southwest Monsoon,,Geotechnical survey record from GSI NLSM & State Disaster Registries.,gsi_nesac_catalog_expanded,NER-2013-001298,India,IN,Nagaland,1200000,Phek,10.5,2013-06-25 00:00:00,2013-06-25 00:00:00,2024-02-01 00:00:00,94.57141,26.10548,2013,6,25,0.5,-0.866,True,Nagaland,True,regional_survey_gis
GSI NLSM & ISRO Disaster Registries,https://bhukosh.gsi.gov.in,NER-2021-001299,2021-08-07 00:00:00,12:00,"Durtlang Ridge Slopes, Champhai, Mizoram",Documented debris_flow triggered by continuous_rain in Champhai.,Durtlang Ridge Slopes,5km,debris_flow,continuous_rain,medium,natural_slope,0,0,Southwest Monsoon,,Geotechnical survey record from GSI NLSM & State Disaster Registries.,gsi_nesac_catalog_expanded,NER-2021-001299,India,IN,Mizoram,1200000,Champhai,10.5,2021-08-07 00:00:00,2021-08-07 00:00:00,2024-02-01 00:00:00,92.5253,23.93267,2021,8,7,-0.5,-0.866,True,Mizoram,True,regional_survey_gis
GSI NLSM & ISRO Disaster Registries,https://bhukosh.gsi.gov.in,NER-2018-001300,2018-05-24 00:00:00,12:00,"Mawsynram-Balat Belt, Ri-Bhoi, Meghalaya",Documented slope_failure triggered by continuous_rain in Ri-Bhoi.,Mawsynram-Balat Belt,5km,slope_failure,continuous_rain,medium,natural_slope,0,0,Pre-monsoon Storm,,Geotechnical survey record from GSI NLSM & State Disaster Registries.,gsi_nesac_catalog_expanded,NER-2018-001300,India,IN,Meghalaya,1200000,Ri-Bhoi,10.5,2018-05-24 00:00:00,2018-05-24 00:00:00,2024-02-01 00:00:00,91.85991,25.09206,2018,5,24,0.866,-0.5,True,Meghalaya,True,regional_survey_gis
GSI NLSM & ISRO Disaster Registries,https://bhukosh.gsi.gov.in,NER-2020-001302,2020-07-08 00:00:00,12:00,"Diphu-Bokajan, Dima Hasao, Assam",Documented slope_failure triggered by monsoon in Dima Hasao.,Diphu-Bokajan,5km,slope_failure,monsoon,medium,natural_slope,0,0,Southwest Monsoon,,Geotechnical survey record from GSI NLSM & State Disaster Registries.,gsi_nesac_catalog_expanded,NER-2020-001302,India,IN,Assam,1200000,Dima Hasao,10.5,2020-07-08 00:00:00,2020-07-08 00:00:00,2024-02-01 00:00:00,90.97787,24.23658,2020,7,8,0.0,-1.0,True,Assam,True,regional_survey_gis
GSI NLSM & ISRO Disaster Registries,https://bhukosh.gsi.gov.in,NER-2020-001303,2020-08-21 00:00:00,12:00,"Jampui Hills Vanghmun, South Tripura, Tripura",Documented mudslide triggered by monsoon in South Tripura.,Jampui Hills Vanghmun,5km,mudslide,monsoon,medium,natural_slope,0,0,Southwest Monsoon,,Geotechnical survey record from GSI NLSM & State Disaster Registries.,gsi_nesac_catalog_expanded,NER-2020-001303,India,IN,Tripura,1200000,South Tripura,10.5,2020-08-21 00:00:00,2020-08-21 00:00:00,2024-02-01 00:00:00,91.72686,24.2577,2020,8,21,-0.5,-0.866,True,Tripura,True,regional_survey_gis
GSI NLSM & ISRO Disaster Registries,https://bhukosh.gsi.gov.in,NER-2010-001304,2010-08-07 00:00:00,12:00,"Kolasib-Vairengte NH-54, Lunglei, Mizoram",Documented mudslide triggered by continuous_rain in Lunglei.,Kolasib-Vairengte NH-54,5km,mudslide,continuous_rain,medium,above_road,0,0,Southwest Monsoon,,Geotechnical survey record from GSI NLSM & State Disaster Registries.,gsi_nesac_catalog_expanded,NER-2010-001304,India,IN,Mizoram,1200000,Lunglei,10.5,2010-08-07 00:00:00,2010-08-07 00:00:00,2024-02-01 00:00:00,92.52668,22.93829,2010,8,7,-0.5,-0.866,True,Mizoram,True,regional_survey_gis
GSI NLSM & ISRO Disaster Registries,https://bhukosh.gsi.gov.in,NER-2022-001305,2022-04-13 00:00:00,12:00,"Mahur-Harangajao Railway Hill Section, Karbi Anglong, Assam",Documented slope_failure triggered by downpour in Karbi Anglong.,Mahur-Harangajao Railway Hill Section,5km,slope_failure,downpour,large,natural_slope,0,0,Pre-monsoon Storm,,Geotechnical survey record from GSI NLSM & State Disaster Registries.,gsi_nesac_catalog_expanded,NER-2022-001305,India,IN,Assam,1200000,Karbi Anglong,10.5,2022-04-13 00:00:00,2022-04-13 00:00:00,2024-02-01 00:00:00,92.90178,25.03422,2022,4,13,1.0,0.0,True,Assam,True,regional_survey_gis
GSI NLSM & ISRO Disaster Registries,https://bhukosh.gsi.gov.in,NER-2018-001306,2018-05-19 00:00:00,12:00,"Mangan-Dikchu, North Sikkim, Sikkim",Documented debris_flow triggered by monsoon in North Sikkim.,Mangan-Dikchu,5km,debris_flow,monsoon,small,natural_slope,0,0,Pre-monsoon Storm,,Geotechnical survey record from GSI NLSM & State Disaster Registries.,gsi_nesac_catalog_expanded,NER-2018-001306,India,IN,Sikkim,1200000,North Sikkim,10.5,2018-05-19 00:00:00,2018-05-19 00:00:00,2024-02-01 00:00:00,88.31786,27.4583,2018,5,19,0.866,-0.5,True,Sikkim,True,regional_survey_gis
GSI NLSM & ISRO Disaster Registries,https://bhukosh.gsi.gov.in,NER-2022-001308,2022-06-15 00:00:00,12:00,"Dimapur-Kohima Peducha 4-Lane, Tuensang, Nagaland",Documented rockfall triggered by downpour in Tuensang.,Dimapur-Kohima Peducha 4-Lane,5km,rockfall,downpour,medium,natural_slope,0,0,Southwest Monsoon,,Geotechnical survey record from GSI NLSM & State Disaster Registries.,gsi_nesac_catalog_expanded,NER-2022-001308,India,IN,Nagaland,1200000,Tuensang,10.5,2022-06-15 00:00:00,2022-06-15 00:00:00,2024-02-01 00:00:00,94.58183,26.93234,2022,6,15,0.5,-0.866,True,Nagaland,True,regional_survey_gis
GSI NLSM & ISRO Disaster Registries,https://bhukosh.gsi.gov.in,NER-2020-001309,2020-07-12 00:00:00,12:00,"Kangpokpi Sinking Zone, Senapati, Manipur",Documented landslide triggered by monsoon in Senapati.,Kangpokpi Sinking Zone,5km,landslide,monsoon,medium,natural_slope,0,0,Southwest Monsoon,,Geotechnical survey record from GSI NLSM & State Disaster Registries.,gsi_nesac_catalog_expanded,NER-2020-001309,India,IN,Manipur,1200000,Senapati,10.5,2020-07-12 00:00:00,2020-07-12 00:00:00,2024-02-01 00:00:00,93.47905,24.10803,2020,7,12,0.0,-1.0,True,Manipur,True,regional_survey_gis
GSI NLSM & ISRO Disaster Registries,https://bhukosh.gsi.gov.in,NER-2013-001310,2013-08-28 00:00:00,12:00,"Mokokchung-Tuli Road, Mon, Nagaland",Documented debris_flow triggered by continuous_rain in Mon.,Mokokchung-Tuli Road,5km,debris_flow,continuous_rain,medium,natural_slope,0,0,Southwest Monsoon,,Geotechnical survey record from GSI NLSM & State Disaster Registries.,gsi_nesac_catalog_expanded,NER-2013-001310,India,IN,Nagaland,1200000,Mon,10.5,2013-08-28 00:00:00,2013-08-28 00:00:00,2024-02-01 00:00:00,95.04063,25.30904,2013,8,28,-0.5,-0.866,True,Nagaland,True,regional_survey_gis
GSI NLSM & ISRO Disaster Registries,https://bhukosh.gsi.gov.in,NER-2018-001311,2018-08-11 00:00:00,12:00,"Mon-Tobu Highway, Mon, Nagaland",Documented rockfall triggered by downpour in Mon.,Mon-Tobu Highway,5km,rockfall,downpour,small,above_road,0,0,Southwest Monsoon,,Geotechnical survey record from GSI NLSM & State Disaster Registries.,gsi_nesac_catalog_expanded,NER-2018-001311,India,IN,Nagaland,1200000,Mon,10.5,2018-08-11 00:00:00,2018-08-11 00:00:00,2024-02-01 00:00:00,93.73745,25.76545,2018,8,11,-0.5,-0.866,True,Nagaland,True,regional_survey_gis
GSI NLSM & ISRO Disaster Registries,https://bhukosh.gsi.gov.in,NER-2018-001312,2018-07-06 00:00:00,12:00,"Itanagar-Naharlagun, Changlang, Arunachal Pradesh",Documented debris_flow triggered by continuous_rain in Changlang.,Itanagar-Naharlagun,5km,debris_flow,continuous_rain,medium,natural_slope,0,0,Southwest Monsoon,,Geotechnical survey record from GSI NLSM & State Disaster Registries.,gsi_nesac_catalog_expanded,NER-2018-001312,India,IN,Arunachal Pradesh,1200000,Changlang,10.5,2018-07-06 00:00:00,2018-07-06 00:00:00,2024-02-01 00:00:00,95.61727,29.10389,2018,7,6,0.0,-1.0,True,Arunachal Pradesh,True,regional_survey_gis
GSI NLSM & ISRO Disaster Registries,https://bhukosh.gsi.gov.in,NER-2016-001313,2016-06-18 00:00:00,12:00,"Gangtok NH-10, East Sikkim, Sikkim",Documented slope_failure triggered by monsoon in East Sikkim.,Gangtok NH-10,5km,slope_failure,monsoon,medium,above_road,0,0,Southwest Monsoon,,Geotechnical survey record from GSI NLSM & State Disaster Registries.,gsi_nesac_catalog_expanded,NER-2016-001313,India,IN,Sikkim,1200000,East Sikkim,10.5,2016-06-18 00:00:00,2016-06-18 00:00:00,2024-02-01 00:00:00,88.19049,27.39642,2016,6,18,0.5,-0.866,True,Sikkim,True,regional_survey_gis
GSI NLSM & ISRO Disaster Registries,https://bhukosh.gsi.gov.in,NER-2011-001314,2011-08-03 00:00:00,12:00,"Wokha-Doyang Valley, Wokha, Nagaland",Documented rockfall triggered by downpour in Wokha.,Wokha-Doyang Valley,5km,rockfall,downpour,medium,natural_slope,0,0,Southwest Monsoon,,Geotechnical survey record from GSI NLSM & State Disaster Registries.,gsi_nesac_catalog_expanded,NER-2011-001314,India,IN,Nagaland,1200000,Wokha,10.5,2011-08-03 00:00:00,2011-08-03 00:00:00,2024-02-01 00:00:00,94.48899,26.82858,2011,8,3,-0.5,-0.866,True,Nagaland,True,regional_survey_gis
GSI NLSM & ISRO Disaster Registries,https://bhukosh.gsi.gov.in,NER-2021-001316,2021-07-27 00:00:00,12:00,"Mao-Maram NH-2, Churachandpur, Manipur",Documented slope_failure triggered by cloudburst in Churachandpur.,Mao-Maram NH-2,5km,slope_failure,cloudburst,large,above_road,0,0,Southwest Monsoon,,Geotechnical survey record from GSI NLSM & State Disaster Registries.,gsi_nesac_catalog_expanded,NER-2021-001316,India,IN,Manipur,1200000,Churachandpur,10.5,2021-07-27 00:00:00,2021-07-27 00:00:00,2024-02-01 00:00:00,94.26456,24.53834,2021,7,27,0.0,-1.0,True,Manipur,True,regional_survey_gis
GSI NLSM & ISRO Disaster Registries,https://bhukosh.gsi.gov.in,NER-2017-001319,2017-05-09 00:00:00,12:00,"Nilachal Hill Kamakhya, Dima Hasao, Assam",Documented landslide triggered by monsoon in Dima Hasao.,Nilachal Hill Kamakhya,5km,landslide,monsoon,small,natural_slope,0,0,Pre-monsoon Storm,,Geotechnical survey record from GSI NLSM & State Disaster Registries.,gsi_nesac_catalog_expanded,NER-2017-001319,India,IN,Assam,1200000,Dima Hasao,10.5,2017-05-09 00:00:00,2017-05-09 00:00:00,2024-02-01 00:00:00,93.29316,25.07406,2017,5,9,0.866,-0.5,True,Assam,True,regional_survey_gis
GSI NLSM & ISRO Disaster Registries,https://bhukosh.gsi.gov.in,NER-2008-001321,2008-04-18 00:00:00,12:00,"Pasighat-Pangin, East Siang, Arunachal Pradesh",Documented landslide triggered by downpour in East Siang.,Pasighat-Pangin,5km,landslide,downpour,medium,natural_slope,0,0,Pre-monsoon Storm,,Geotechnical survey record from GSI NLSM & State Disaster Registries.,gsi_nesac_catalog_expanded,NER-2008-001321,India,IN,Arunachal Pradesh,1200000,East Siang,10.5,2008-04-18 00:00:00,2008-04-18 00:00:00,2024-02-01 00:00:00,93.96026,27.80996,2008,4,18,1.0,0.0,True,Arunachal Pradesh,True,regional_survey_gis
GSI NLSM & ISRO Disaster Registries,https://bhukosh.gsi.gov.in,NER-2022-001323,2022-07-28 00:00:00,12:00,"Gangtok NH-10, Soreng, Sikkim",Documented rockfall triggered by downpour in Soreng.,Gangtok NH-10,5km,rockfall,downpour,small,above_road,0,0,Southwest Monsoon,,Geotechnical survey record from GSI NLSM & State Disaster Registries.,gsi_nesac_catalog_expanded,NER-2022-001323,India,IN,Sikkim,1200000,Soreng,10.5,2022-07-28 00:00:00,2022-07-28 00:00:00,2024-02-01 00:00:00,88.47119,27.14073,2022,7,28,0.0,-1.0,True,Sikkim,True,regional_survey_gis
GSI NLSM & ISRO Disaster Registries,https://bhukosh.gsi.gov.in,NER-2009-001324,2009-05-04 00:00:00,12:00,"Sela Pass-Tawang, Kurung Kumey, Arunachal Pradesh",Documented debris_flow triggered by continuous_rain in Kurung Kumey.,Sela Pass-Tawang,5km,debris_flow,continuous_rain,large,natural_slope,0,0,Pre-monsoon Storm,,Geotechnical survey record from GSI NLSM & State Disaster Registries.,gsi_nesac_catalog_expanded,NER-2009-001324,India,IN,Arunachal Pradesh,1200000,Kurung Kumey,10.5,2009-05-04 00:00:00,2009-05-04 00:00:00,2024-02-01 00:00:00,95.0698,28.87878,2009,5,4,0.866,-0.5,True,Arunachal Pradesh,True,regional_survey_gis
GSI NLSM & ISRO Disaster Registries,https://bhukosh.gsi.gov.in,NER-2010-001327,2010-08-16 00:00:00,12:00,"Sela Pass-Tawang, Dibang Valley, Arunachal Pradesh",Documented slope_failure triggered by continuous_rain in Dibang Valley.,Sela Pass-Tawang,5km,slope_failure,continuous_rain,medium,natural_slope,0,0,Southwest Monsoon,,Geotechnical survey record from GSI NLSM & State Disaster Registries.,gsi_nesac_catalog_expanded,NER-2010-001327,India,IN,Arunachal Pradesh,1200000,Dibang Valley,10.5,2010-08-16 00:00:00,2010-08-16 00:00:00,2024-02-01 00:00:00,91.5119,29.19092,2010,8,16,-0.5,-0.866,True,Arunachal Pradesh,True,regional_survey_gis
GSI NLSM & ISRO Disaster Registries,https://bhukosh.gsi.gov.in,NER-2020-001328,2020-07-20 00:00:00,12:00,"Dimapur-Kohima Peducha 4-Lane, Phek, Nagaland",Documented slope_failure triggered by downpour in Phek.,Dimapur-Kohima Peducha 4-Lane,5km,slope_failure,downpour,medium,natural_slope,0,0,Southwest Monsoon,,Geotechnical survey record from GSI NLSM & State Disaster Registries.,gsi_nesac_catalog_expanded,NER-2020-001328,India,IN,Nagaland,1200000,Phek,10.5,2020-07-20 00:00:00,2020-07-20 00:00:00,2024-02-01 00:00:00,94.49524,26.9204,2020,7,20,0.0,-1.0,True,Nagaland,True,regional_survey_gis
GSI NLSM & ISRO Disaster Registries,https://bhukosh.gsi.gov.in,NER-2016-001331,2016-08-26 00:00:00,12:00,"Dimapur-Kohima Peducha 4-Lane, Wokha, Nagaland",Documented mudslide triggered by continuous_rain in Wokha.,Dimapur-Kohima Peducha 4-Lane,5km,mudslide,continuous_rain,small,natural_slope,0,0,Southwest Monsoon,,Geotechnical survey record from GSI NLSM & State Disaster Registries.,gsi_nesac_catalog_expanded,NER-2016-001331,India,IN,Nagaland,1200000,Wokha,10.5,2016-08-26 00:00:00,2016-08-26 00:00:00,2024-02-01 00:00:00,94.31897,26.07455,2016,8,26,-0.5,-0.866,True,Nagaland,True,regional_survey_gis
GSI NLSM & ISRO Disaster Registries,https://bhukosh.gsi.gov.in,NER-2017-001332,2017-05-18 00:00:00,12:00,"Itanagar-Naharlagun, West Kameng, Arunachal Pradesh",Documented slope_failure triggered by monsoon in West Kameng.,Itanagar-Naharlagun,5km,slope_failure,monsoon,small,natural_slope,0,0,Pre-monsoon Storm,,Geotechnical survey record from GSI NLSM & State Disaster Registries.,gsi_nesac_catalog_expanded,NER-2017-001332,India,IN,Arunachal Pradesh,1200000,West Kameng,10.5,2017-05-18 00:00:00,2017-05-18 00:00:00,2024-02-01 00:00:00,93.4458,29.34973,2017,5,18,0.866,-0.5,True,Arunachal Pradesh,True,regional_survey_gis
GSI NLSM & ISRO Disaster Registries,https://bhukosh.gsi.gov.in,NER-2009-001333,2009-08-08 00:00:00,12:00,"Lunglei-Hnahthial Highway, Lawngtlai, Mizoram",Documented landslide triggered by continuous_rain in Lawngtlai.,Lunglei-Hnahthial Highway,5km,landslide,continuous_rain,small,above_road,0,0,Southwest Monsoon,,Geotechnical survey record from GSI NLSM & State Disaster Registries.,gsi_nesac_catalog_expanded,NER-2009-001333,India,IN,Mizoram,1200000,Lawngtlai,10.5,2009-08-08 00:00:00,2009-08-08 00:00:00,2024-02-01 00:00:00,92.33803,22.97723,2009,8,8,-0.5,-0.866,True,Mizoram,True,regional_survey_gis
GSI NLSM & ISRO Disaster Registries,https://bhukosh.gsi.gov.in,NER-2021-001336,2021-04-02 00:00:00,12:00,"Ukhrul-Jessami Road, Kangpokpi, Manipur",Documented mudslide triggered by road_cutting in Kangpokpi.,Ukhrul-Jessami Road,5km,mudslide,road_cutting,medium,natural_slope,0,0,Pre-monsoon Storm,,Geotechnical survey record from GSI NLSM & State Disaster Registries.,gsi_nesac_catalog_expanded,NER-2021-001336,India,IN,Manipur,1200000,Kangpokpi,10.5,2021-04-02 00:00:00,2021-04-02 00:00:00,2024-02-01 00:00:00,93.52138,24.89683,2021,4,2,1.0,0.0,True,Manipur,True,regional_survey_gis
GSI NLSM & ISRO Disaster Registries,https://bhukosh.gsi.gov.in,NER-2016-001337,2016-05-22 00:00:00,12:00,"Guwahati Hills (Narakasur), Cachar, Assam",Documented debris_flow triggered by downpour in Cachar.,Guwahati Hills (Narakasur),5km,debris_flow,downpour,medium,natural_slope,0,0,Pre-monsoon Storm,,Geotechnical survey record from GSI NLSM & State Disaster Registries.,gsi_nesac_catalog_expanded,NER-2016-001337,India,IN,Assam,1200000,Cachar,10.5,2016-05-22 00:00:00,2016-05-22 00:00:00,2024-02-01 00:00:00,92.50119,27.62911,2016,5,22,0.866,-0.5,True,Assam,True,regional_survey_gis
GSI NLSM & ISRO Disaster Registries,https://bhukosh.gsi.gov.in,NER-2016-001338,2016-07-09 00:00:00,12:00,"Tupul Railway Corridor, Churachandpur, Manipur",Documented landslide triggered by continuous_rain in Churachandpur.,Tupul Railway Corridor,5km,landslide,continuous_rain,small,natural_slope,0,0,Southwest Monsoon,,Geotechnical survey record from GSI NLSM & State Disaster Registries.,gsi_nesac_catalog_expanded,NER-2016-001338,India,IN,Manipur,1200000,Churachandpur,10.5,2016-07-09 00:00:00,2016-07-09 00:00:00,2024-02-01 00:00:00,93.07945,25.15259,2016,7,9,0.0,-1.0,True,Manipur,True,regional_survey_gis
GSI NLSM & ISRO Disaster Registries,https://bhukosh.gsi.gov.in,NER-2019-001339,2019-05-15 00:00:00,12:00,"Dimapur-Kohima Peducha 4-Lane, Kohima, Nagaland",Documented slope_failure triggered by downpour in Kohima.,Dimapur-Kohima Peducha 4-Lane,5km,slope_failure,downpour,medium,natural_slope,0,0,Pre-monsoon Storm,,Geotechnical survey record from GSI NLSM & State Disaster Registries.,gsi_nesac_catalog_expanded,NER-2019-001339,India,IN,Nagaland,1200000,Kohima,10.5,2019-05-15 00:00:00,2019-05-15 00:00:00,2024-02-01 00:00:00,94.99799,25.86826,2019,5,15,0.866,-0.5,True,Nagaland,True,regional_survey_gis
GSI NLSM & ISRO Disaster Registries,https://bhukosh.gsi.gov.in,NER-2016-001340,2016-07-07 00:00:00,12:00,"Kolasib-Vairengte NH-54, Serchhip, Mizoram",Documented landslide triggered by downpour in Serchhip.,Kolasib-Vairengte NH-54,5km,landslide,downpour,large,above_road,0,0,Southwest Monsoon,,Geotechnical survey record from GSI NLSM & State Disaster Registries.,gsi_nesac_catalog_expanded,NER-2016-001340,India,IN,Mizoram,1200000,Serchhip,10.5,2016-07-07 00:00:00,2016-07-07 00:00:00,2024-02-01 00:00:00,92.99759,22.3754,2016,7,7,0.0,-1.0,True,Mizoram,True,regional_survey_gis
GSI NLSM & ISRO Disaster Registries,https://bhukosh.gsi.gov.in,NER-2010-001341,2010-05-17 00:00:00,12:00,"Jairampur-Pangsau, Lower Subansiri, Arunachal Pradesh",Documented rockfall triggered by downpour in Lower Subansiri.,Jairampur-Pangsau,5km,rockfall,downpour,medium,natural_slope,0,0,Pre-monsoon Storm,,Geotechnical survey record from GSI NLSM & State Disaster Registries.,gsi_nesac_catalog_expanded,NER-2010-001341,India,IN,Arunachal Pradesh,1200000,Lower Subansiri,10.5,2010-05-17 00:00:00,2010-05-17 00:00:00,2024-02-01 00:00:00,95.66646,28.86253,2010,5,17,0.866,-0.5,True,Arunachal Pradesh,True,regional_survey_gis
GSI NLSM & ISRO Disaster Registries,https://bhukosh.gsi.gov.in,NER-2022-001342,2022-07-26 00:00:00,12:00,"Lachen-Lachung Valley, East Sikkim, Sikkim",Documented mudslide triggered by continuous_rain in East Sikkim.,Lachen-Lachung Valley,5km,mudslide,continuous_rain,medium,natural_slope,0,0,Southwest Monsoon,,Geotechnical survey record from GSI NLSM & State Disaster Registries.,gsi_nesac_catalog_expanded,NER-2022-001342,India,IN,Sikkim,1200000,East Sikkim,10.5,2022-07-26 00:00:00,2022-07-26 00:00:00,2024-02-01 00:00:00,88.3707,27.37055,2022,7,26,0.0,-1.0,True,Sikkim,True,regional_survey_gis
GSI NLSM & ISRO Disaster Registries,https://bhukosh.gsi.gov.in,NER-2016-001344,2016-06-14 00:00:00,12:00,"Jairampur-Pangsau, Dibang Valley, Arunachal Pradesh",Documented mudslide triggered by downpour in Dibang Valley.,Jairampur-Pangsau,5km,mudslide,downpour,small,natural_slope,0,0,Southwest Monsoon,,Geotechnical survey record from GSI NLSM & State Disaster Registries.,gsi_nesac_catalog_expanded,NER-2016-001344,India,IN,Arunachal Pradesh,1200000,Dibang Valley,10.5,2016-06-14 00:00:00,2016-06-14 00:00:00,2024-02-01 00:00:00,92.44388,27.68114,2016,6,14,0.5,-0.866,True,Arunachal Pradesh,True,regional_survey_gis
GSI NLSM & ISRO Disaster Registries,https://bhukosh.gsi.gov.in,NER-2009-001345,2009-09-19 00:00:00,12:00,"Namchi-Jorethang, South Sikkim, Sikkim",Documented mudslide triggered by continuous_rain in South Sikkim.,Namchi-Jorethang,5km,mudslide,continuous_rain,medium,natural_slope,0,0,Southwest Monsoon,,Geotechnical survey record from GSI NLSM & State Disaster Registries.,gsi_nesac_catalog_expanded,NER-2009-001345,India,IN,Sikkim,1200000,South Sikkim,10.5,2009-09-19 00:00:00,2009-09-19 00:00:00,2024-02-01 00:00:00,88.29813,27.64876,2009,9,19,-0.866,-0.5,True,Sikkim,True,regional_survey_gis
GSI NLSM & ISRO Disaster Registries,https://bhukosh.gsi.gov.in,NER-2019-001348,2019-08-15 00:00:00,12:00,"Tura Peak Slopes, West Khasi Hills, Meghalaya",Documented debris_flow triggered by continuous_rain in West Khasi Hills.,Tura Peak Slopes,5km,debris_flow,continuous_rain,large,natural_slope,0,2,Southwest Monsoon,,Geotechnical survey record from GSI NLSM & State Disaster Registries.,gsi_nesac_catalog_expanded,NER-2019-001348,India,IN,Meghalaya,1200000,West Khasi Hills,10.5,2019-08-15 00:00:00,2019-08-15 00:00:00,2024-02-01 00:00:00,91.45151,25.88308,2019,8,15,-0.5,-0.866,True,Meghalaya,True,regional_survey_gis
GSI NLSM & ISRO Disaster Registries,https://bhukosh.gsi.gov.in,NER-2019-001349,2019-06-14 00:00:00,12:00,"Diphu-Bokajan, Cachar, Assam",Documented debris_flow triggered by continuous_rain in Cachar.,Diphu-Bokajan,5km,debris_flow,continuous_rain,large,natural_slope,0,0,Southwest Monsoon,,Geotechnical survey record from GSI NLSM & State Disaster Registries.,gsi_nesac_catalog_expanded,NER-2019-001349,India,IN,Assam,1200000,Cachar,10.5,2019-06-14 00:00:00,2019-06-14 00:00:00,2024-02-01 00:00:00,91.87099,25.42593,2019,6,14,0.5,-0.866,True,Assam,True,regional_survey_gis
GSI NLSM & ISRO Disaster Registries,https://bhukosh.gsi.gov.in,NER-2017-001350,2017-03-04 00:00:00,12:00,"Mangan-Dikchu, Pakyong, Sikkim",Documented debris_flow triggered by continuous_rain in Pakyong.,Mangan-Dikchu,5km,debris_flow,continuous_rain,small,natural_slope,0,0,Pre-monsoon Storm,,Geotechnical survey record from GSI NLSM & State Disaster Registries.,gsi_nesac_catalog_expanded,NER-2017-001350,India,IN,Sikkim,1200000,Pakyong,10.5,2017-03-04 00:00:00,2017-03-04 00:00:00,2024-02-01 00:00:00,88.09126,27.47173,2017,3,4,0.866,0.5,True,Sikkim,True,regional_survey_gis
GSI NLSM & ISRO Disaster Registries,https://bhukosh.gsi.gov.in,NER-2018-001352,2018-08-08 00:00:00,12:00,"Sonapur Tunnel Highway, East Jaintia Hills, Meghalaya",Documented rockfall triggered by continuous_rain in East Jaintia Hills.,Sonapur Tunnel Highway,5km,rockfall,continuous_rain,medium,above_road,0,0,Southwest Monsoon,,Geotechnical survey record from GSI NLSM & State Disaster Registries.,gsi_nesac_catalog_expanded,NER-2018-001352,India,IN,Meghalaya,1200000,East Jaintia Hills,10.5,2018-08-08 00:00:00,2018-08-08 00:00:00,2024-02-01 00:00:00,92.52359,25.59166,2018,8,8,-0.5,-0.866,True,Meghalaya,True,regional_survey_gis
GSI NLSM & ISRO Disaster Registries,https://bhukosh.gsi.gov.in,NER-2019-001353,2019-08-18 00:00:00,12:00,"Cherrapunji-Sohra Escarpment, East Khasi Hills, Meghalaya",Documented landslide triggered by downpour in East Khasi Hills.,Cherrapunji-Sohra Escarpment,5km,landslide,downpour,medium,natural_slope,0,0,Southwest Monsoon,,Geotechnical survey record from GSI NLSM & State Disaster Registries.,gsi_nesac_catalog_expanded,NER-2019-001353,India,IN,Meghalaya,1200000,East Khasi Hills,10.5,2019-08-18 00:00:00,2019-08-18 00:00:00,2024-02-01 00:00:00,91.77733,25.11361,2019,8,18,-0.5,-0.866,True,Meghalaya,True,regional_survey_gis
GSI NLSM & ISRO Disaster Registries,https://bhukosh.gsi.gov.in,NER-2016-001354,2016-09-26 00:00:00,12:00,"Khongsang-Nungba NH-37, Tamenglong, Manipur",Documented debris_flow triggered by downpour in Tamenglong.,Khongsang-Nungba NH-37,5km,debris_flow,downpour,small,above_road,0,0,Southwest Monsoon,,Geotechnical survey record from GSI NLSM & State Disaster Registries.,gsi_nesac_catalog_expanded,NER-2016-001354,India,IN,Manipur,1200000,Tamenglong,10.5,2016-09-26 00:00:00,2016-09-26 00:00:00,2024-02-01 00:00:00,93.57655,24.0318,2016,9,26,-0.866,-0.5,True,Manipur,True,regional_survey_gis
GSI NLSM & ISRO Disaster Registries,https://bhukosh.gsi.gov.in,NER-2013-001355,2013-08-11 00:00:00,12:00,"Jampui Hills Vanghmun, North Tripura, Tripura",Documented debris_flow triggered by monsoon in North Tripura.,Jampui Hills Vanghmun,5km,debris_flow,monsoon,medium,natural_slope,0,0,Southwest Monsoon,,Geotechnical survey record from GSI NLSM & State Disaster Registries.,gsi_nesac_catalog_expanded,NER-2013-001355,India,IN,Tripura,1200000,North Tripura,10.5,2013-08-11 00:00:00,2013-08-11 00:00:00,2024-02-01 00:00:00,91.66311,23.51744,2013,8,11,-0.5,-0.866,True,Tripura,True,regional_survey_gis
GSI NLSM & ISRO Disaster Registries,https://bhukosh.gsi.gov.in,NER-2017-001356,2017-06-14 00:00:00,12:00,"Kangpokpi Sinking Zone, Churachandpur, Manipur",Documented rockfall triggered by monsoon in Churachandpur.,Kangpokpi Sinking Zone,5km,rockfall,monsoon,medium,natural_slope,0,0,Southwest Monsoon,,Geotechnical survey record from GSI NLSM & State Disaster Registries.,gsi_nesac_catalog_expanded,NER-2017-001356,India,IN,Manipur,1200000,Churachandpur,10.5,2017-06-14 00:00:00,2017-06-14 00:00:00,2024-02-01 00:00:00,93.75385,25.64432,2017,6,14,0.5,-0.866,True,Manipur,True,regional_survey_gis
GSI NLSM & ISRO Disaster Registries,https://bhukosh.gsi.gov.in,NER-2017-001357,2017-08-23 00:00:00,12:00,"Itanagar-Naharlagun, Tawang, Arunachal Pradesh",Documented landslide triggered by monsoon in Tawang.,Itanagar-Naharlagun,5km,landslide,monsoon,medium,natural_slope,0,0,Southwest Monsoon,,Geotechnical survey record from GSI NLSM & State Disaster Registries.,gsi_nesac_catalog_expanded,NER-2017-001357,India,IN,Arunachal Pradesh,1200000,Tawang,10.5,2017-08-23 00:00:00,2017-08-23 00:00:00,2024-02-01 00:00:00,92.12312,26.90231,2017,8,23,-0.5,-0.866,True,Arunachal Pradesh,True,regional_survey_gis
GSI NLSM & ISRO Disaster Registries,https://bhukosh.gsi.gov.in,NER-2019-001358,2019-06-28 00:00:00,12:00,"Tura Peak Slopes, Ri-Bhoi, Meghalaya",Documented slope_failure triggered by downpour in Ri-Bhoi.,Tura Peak Slopes,5km,slope_failure,downpour,small,natural_slope,0,0,Southwest Monsoon,,Geotechnical survey record from GSI NLSM & State Disaster Registries.,gsi_nesac_catalog_expanded,NER-2019-001358,India,IN,Meghalaya,1200000,Ri-Bhoi,10.5,2019-06-28 00:00:00,2019-06-28 00:00:00,2024-02-01 00:00:00,91.80439,25.94006,2019,6,28,0.5,-0.866,True,Meghalaya,True,regional_survey_gis
GSI NLSM & ISRO Disaster Registries,https://bhukosh.gsi.gov.in,NER-2017-001359,2017-05-20 00:00:00,12:00,"Rangpo-Singtam, Soreng, Sikkim",Documented slope_failure triggered by monsoon in Soreng.,Rangpo-Singtam,5km,slope_failure,monsoon,medium,natural_slope,0,0,Pre-monsoon Storm,,Geotechnical survey record from GSI NLSM & State Disaster Registries.,gsi_nesac_catalog_expanded,NER-2017-001359,India,IN,Sikkim,1200000,Soreng,10.5,2017-05-20 00:00:00,2017-05-20 00:00:00,2024-02-01 00:00:00,88.2645,27.66657,2017,5,20,0.866,-0.5,True,Sikkim,True,regional_survey_gis
GSI NLSM & ISRO Disaster Registries,https://bhukosh.gsi.gov.in,NER-2008-001365,2008-05-21 00:00:00,12:00,"Tura Peak Slopes, West Garo Hills, Meghalaya",Documented debris_flow triggered by continuous_rain in West Garo Hills.,Tura Peak Slopes,5km,debris_flow,continuous_rain,medium,natural_slope,0,0,Pre-monsoon Storm,,Geotechnical survey record from GSI NLSM & State Disaster Registries.,gsi_nesac_catalog_expanded,NER-2008-001365,India,IN,Meghalaya,1200000,West Garo Hills,10.5,2008-05-21 00:00:00,2008-05-21 00:00:00,2024-02-01 00:00:00,91.46813,25.49585,2008,5,21,0.866,-0.5,True,Meghalaya,True,regional_survey_gis
GSI NLSM & ISRO Disaster Registries,https://bhukosh.gsi.gov.in,NER-2019-001366,2019-06-17 00:00:00,12:00,"Cherrapunji-Sohra Escarpment, West Garo Hills, Meghalaya",Documented landslide triggered by continuous_rain in West Garo Hills.,Cherrapunji-Sohra Escarpment,5km,landslide,continuous_rain,small,natural_slope,0,0,Southwest Monsoon,,Geotechnical survey record from GSI NLSM & State Disaster Registries.,gsi_nesac_catalog_expanded,NER-2019-001366,India,IN,Meghalaya,1200000,West Garo Hills,10.5,2019-06-17 00:00:00,2019-06-17 00:00:00,2024-02-01 00:00:00,91.93448,25.81759,2019,6,17,0.5,-0.866,True,Meghalaya,True,regional_survey_gis
GSI NLSM & ISRO Disaster Registries,https://bhukosh.gsi.gov.in,NER-2009-001367,2009-06-20 00:00:00,12:00,"Jairampur-Pangsau, Kurung Kumey, Arunachal Pradesh",Documented landslide triggered by continuous_rain in Kurung Kumey.,Jairampur-Pangsau,5km,landslide,continuous_rain,medium,natural_slope,0,0,Southwest Monsoon,,Geotechnical survey record from GSI NLSM & State Disaster Registries.,gsi_nesac_catalog_expanded,NER-2009-001367,India,IN,Arunachal Pradesh,1200000,Kurung Kumey,10.5,2009-06-20 00:00:00,2009-06-20 00:00:00,2024-02-01 00:00:00,94.99834,28.95532,2009,6,20,0.5,-0.866,True,Arunachal Pradesh,True,regional_survey_gis
GSI NLSM & ISRO Disaster Registries,https://bhukosh.gsi.gov.in,NER-2020-001368,2020-08-17 00:00:00,12:00,"Mon-Tobu Highway, Kohima, Nagaland",Documented slope_failure triggered by downpour in Kohima.,Mon-Tobu Highway,5km,slope_failure,downpour,medium,above_road,0,0,Southwest Monsoon,,Geotechnical survey record from GSI NLSM & State Disaster Registries.,gsi_nesac_catalog_expanded,NER-2020-001368,India,IN,Nagaland,1200000,Kohima,10.5,2020-08-17 00:00:00,2020-08-17 00:00:00,2024-02-01 00:00:00,94.58872,26.20695,2020,8,17,-0.5,-0.866,True,Nagaland,True,regional_survey_gis
GSI NLSM & ISRO Disaster Registries,https://bhukosh.gsi.gov.in,NER-2019-001369,2019-08-18 00:00:00,12:00,"Champhai-Zokhawthar Road, Kolasib, Mizoram",Documented rockfall triggered by downpour in Kolasib.,Champhai-Zokhawthar Road,5km,rockfall,downpour,medium,natural_slope,0,0,Southwest Monsoon,,Geotechnical survey record from GSI NLSM & State Disaster Registries.,gsi_nesac_catalog_expanded,NER-2019-001369,India,IN,Mizoram,1200000,Kolasib,10.5,2019-08-18 00:00:00,2019-08-18 00:00:00,2024-02-01 00:00:00,92.83865,23.78114,2019,8,18,-0.5,-0.866,True,Mizoram,True,regional_survey_gis
GSI NLSM & ISRO Disaster Registries,https://bhukosh.gsi.gov.in,NER-2018-001370,2018-07-09 00:00:00,12:00,"Dzongu, North Sikkim, Sikkim",Documented rockfall triggered by downpour in North Sikkim.,Dzongu,5km,rockfall,downpour,large,natural_slope,1,0,Southwest Monsoon,,Geotechnical survey record from GSI NLSM & State Disaster Registries.,gsi_nesac_catalog_expanded,NER-2018-001370,India,IN,Sikkim,1200000,North Sikkim,10.5,2018-07-09 00:00:00,2018-07-09 00:00:00,2024-02-01 00:00:00,88.46215,27.49914,2018,7,9,0.0,-1.0,True,Sikkim,True,regional_survey_gis
GSI NLSM & ISRO Disaster Registries,https://bhukosh.gsi.gov.in,NER-2016-001371,2016-07-26 00:00:00,12:00,"Sonapur Tunnel Highway, West Garo Hills, Meghalaya",Documented landslide triggered by continuous_rain in West Garo Hills.,Sonapur Tunnel Highway,5km,landslide,continuous_rain,small,above_road,0,0,Southwest Monsoon,,Geotechnical survey record from GSI NLSM & State Disaster Registries.,gsi_nesac_catalog_expanded,NER-2016-001371,India,IN,Meghalaya,1200000,West Garo Hills,10.5,2016-07-26 00:00:00,2016-07-26 00:00:00,2024-02-01 00:00:00,90.75981,25.06735,2016,7,26,0.0,-1.0,True,Meghalaya,True,regional_survey_gis
GSI NLSM & ISRO Disaster Registries,https://bhukosh.gsi.gov.in,NER-2021-001372,2021-09-21 00:00:00,12:00,"Kailashahar Hill Tracts, Dhalai, Tripura",Documented debris_flow triggered by downpour in Dhalai.,Kailashahar Hill Tracts,5km,debris_flow,downpour,medium,natural_slope,0,0,Southwest Monsoon,,Geotechnical survey record from GSI NLSM & State Disaster Registries.,gsi_nesac_catalog_expanded,NER-2021-001372,India,IN,Tripura,1200000,Dhalai,10.5,2021-09-21 00:00:00,2021-09-21 00:00:00,2024-02-01 00:00:00,91.47131,24.1078,2021,9,21,-0.866,-0.5,True,Tripura,True,regional_survey_gis
GSI NLSM & ISRO Disaster Registries,https://bhukosh.gsi.gov.in,NER-2019-001373,2019-08-13 00:00:00,12:00,"Roing-Hunli, Dibang Valley, Arunachal Pradesh",Documented landslide triggered by continuous_rain in Dibang Valley.,Roing-Hunli,5km,landslide,continuous_rain,medium,natural_slope,0,0,Southwest Monsoon,,Geotechnical survey record from GSI NLSM & State Disaster Registries.,gsi_nesac_catalog_expanded,NER-2019-001373,India,IN,Arunachal Pradesh,1200000,Dibang Valley,10.5,2019-08-13 00:00:00,2019-08-13 00:00:00,2024-02-01 00:00:00,95.07382,29.06835,2019,8,13,-0.5,-0.866,True,Arunachal Pradesh,True,regional_survey_gis
GSI NLSM & ISRO Disaster Registries,https://bhukosh.gsi.gov.in,NER-2019-001375,2019-06-15 00:00:00,12:00,"Wokha-Doyang Valley, Mokokchung, Nagaland",Documented debris_flow triggered by downpour in Mokokchung.,Wokha-Doyang Valley,5km,debris_flow,downpour,small,natural_slope,0,0,Southwest Monsoon,,Geotechnical survey record from GSI NLSM & State Disaster Registries.,gsi_nesac_catalog_expanded,NER-2019-001375,India,IN,Nagaland,1200000,Mokokchung,10.5,2019-06-15 00:00:00,2019-06-15 00:00:00,2024-02-01 00:00:00,94.40796,26.78301,2019,6,15,0.5,-0.866,True,Nagaland,True,regional_survey_gis
GSI NLSM & ISRO Disaster Registries,https://bhukosh.gsi.gov.in,NER-2018-001376,2018-05-15 00:00:00,12:00,"Dimapur-Kohima Peducha 4-Lane, Tuensang, Nagaland",Documented rockfall triggered by downpour in Tuensang.,Dimapur-Kohima Peducha 4-Lane,5km,rockfall,downpour,medium,natural_slope,0,0,Pre-monsoon Storm,,Geotechnical survey record from GSI NLSM & State Disaster Registries.,gsi_nesac_catalog_expanded,NER-2018-001376,India,IN,Nagaland,1200000,Tuensang,10.5,2018-05-15 00:00:00,2018-05-15 00:00:00,2024-02-01 00:00:00,93.64637,26.92294,2018,5,15,0.866,-0.5,True,Nagaland,True,regional_survey_gis
GSI NLSM & ISRO Disaster Registries,https://bhukosh.gsi.gov.in,NER-2016-001377,2016-06-26 00:00:00,12:00,"Phek-Pfutsero Pass, Mokokchung, Nagaland",Documented landslide triggered by continuous_rain in Mokokchung.,Phek-Pfutsero Pass,5km,landslide,continuous_rain,small,natural_slope,0,0,Southwest Monsoon,,Geotechnical survey record from GSI NLSM & State Disaster Registries.,gsi_nesac_catalog_expanded,NER-2016-001377,India,IN,Nagaland,1200000,Mokokchung,10.5,2016-06-26 00:00:00,2016-06-26 00:00:00,2024-02-01 00:00:00,95.02496,25.40572,2016,6,26,0.5,-0.866,True,Nagaland,True,regional_survey_gis
GSI NLSM & ISRO Disaster Registries,https://bhukosh.gsi.gov.in,NER-2021-001378,2021-05-09 00:00:00,12:00,"Laipuitlang-Ramhlun Aizawl, Lunglei, Mizoram",Documented slope_failure triggered by downpour in Lunglei.,Laipuitlang-Ramhlun Aizawl,5km,slope_failure,downpour,large,natural_slope,0,0,Pre-monsoon Storm,,Geotechnical survey record from GSI NLSM & State Disaster Registries.,gsi_nesac_catalog_expanded,NER-2021-001378,India,IN,Mizoram,1200000,Lunglei,10.5,2021-05-09 00:00:00,2021-05-09 00:00:00,2024-02-01 00:00:00,92.91745,24.26531,2021,5,9,0.866,-0.5,True,Mizoram,True,regional_survey_gis
GSI NLSM & ISRO Disaster Registries,https://bhukosh.gsi.gov.in,NER-2019-001379,2019-05-23 00:00:00,12:00,"Guwahati Hills (Narakasur), Cachar, Assam",Documented rockfall triggered by cloudburst in Cachar.,Guwahati Hills (Narakasur),5km,rockfall,cloudburst,medium,natural_slope,0,0,Pre-monsoon Storm,,Geotechnical survey record from GSI NLSM & State Disaster Registries.,gsi_nesac_catalog_expanded,NER-2019-001379,India,IN,Assam,1200000,Cachar,10.5,2019-05-23 00:00:00,2019-05-23 00:00:00,2024-02-01 00:00:00,93.38704,25.09447,2019,5,23,0.866,-0.5,True,Assam,True,regional_survey_gis
GSI NLSM & ISRO Disaster Registries,https://bhukosh.gsi.gov.in,NER-2017-001380,2017-06-18 00:00:00,12:00,"Bhalukpong-Bomdila NH-13, Papum Pare, Arunachal Pradesh",Documented rockfall triggered by continuous_rain in Papum Pare.,Bhalukpong-Bomdila NH-13,5km,rockfall,continuous_rain,small,above_road,0,0,Southwest Monsoon,,Geotechnical survey record from GSI NLSM & State Disaster Registries.,gsi_nesac_catalog_expanded,NER-2017-001380,India,IN,Arunachal Pradesh,1200000,Papum Pare,10.5,2017-06-18 00:00:00,2017-06-18 00:00:00,2024-02-01 00:00:00,94.90271,29.18309,2017,6,18,0.5,-0.866,True,Arunachal Pradesh,True,regional_survey_gis
GSI NLSM & ISRO Disaster Registries,https://bhukosh.gsi.gov.in,NER-2019-001381,2019-08-11 00:00:00,12:00,"Mao-Maram NH-2, Tamenglong, Manipur",Documented mudslide triggered by monsoon in Tamenglong.,Mao-Maram NH-2,5km,mudslide,monsoon,medium,above_road,0,0,Southwest Monsoon,,Geotechnical survey record from GSI NLSM & State Disaster Registries.,gsi_nesac_catalog_expanded,NER-2019-001381,India,IN,Manipur,1200000,Tamenglong,10.5,2019-08-11 00:00:00,2019-08-11 00:00:00,2024-02-01 00:00:00,93.1468,25.03013,2019,8,11,-0.5,-0.866,True,Manipur,True,regional_survey_gis
GSI NLSM & ISRO Disaster Registries,https://bhukosh.gsi.gov.in,NER-2017-001382,2017-06-23 00:00:00,12:00,"Wokha-Doyang Valley, Kohima, Nagaland",Documented slope_failure triggered by downpour in Kohima.,Wokha-Doyang Valley,5km,slope_failure,downpour,medium,natural_slope,0,0,Southwest Monsoon,,Geotechnical survey record from GSI NLSM & State Disaster Registries.,gsi_nesac_catalog_expanded,NER-2017-001382,India,IN,Nagaland,1200000,Kohima,10.5,2017-06-23 00:00:00,2017-06-23 00:00:00,2024-02-01 00:00:00,94.84246,26.81417,2017,6,23,0.5,-0.866,True,Nagaland,True,regional_survey_gis
GSI NLSM & ISRO Disaster Registries,https://bhukosh.gsi.gov.in,NER-2018-001383,2018-09-18 00:00:00,12:00,"Rangpo-Singtam, Pakyong, Sikkim",Documented landslide triggered by monsoon in Pakyong.,Rangpo-Singtam,5km,landslide,monsoon,medium,natural_slope,0,0,Southwest Monsoon,,Geotechnical survey record from GSI NLSM & State Disaster Registries.,gsi_nesac_catalog_expanded,NER-2018-001383,India,IN,Sikkim,1200000,Pakyong,10.5,2018-09-18 00:00:00,2018-09-18 00:00:00,2024-02-01 00:00:00,88.59714,27.23216,2018,9,18,-0.866,-0.5,True,Sikkim,True,regional_survey_gis
GSI NLSM & ISRO Disaster Registries,https://bhukosh.gsi.gov.in,NER-2018-001384,2018-08-21 00:00:00,12:00,"Shillong-Dawki NH-40, East Khasi Hills, Meghalaya",Documented slope_failure triggered by downpour in East Khasi Hills.,Shillong-Dawki NH-40,5km,slope_failure,downpour,medium,above_road,0,0,Southwest Monsoon,,Geotechnical survey record from GSI NLSM & State Disaster Registries.,gsi_nesac_catalog_expanded,NER-2018-001384,India,IN,Meghalaya,1200000,East Khasi Hills,10.5,2018-08-21 00:00:00,2018-08-21 00:00:00,2024-02-01 00:00:00,91.7043,25.963,2018,8,21,-0.5,-0.866,True,Meghalaya,True,regional_survey_gis
GSI NLSM & ISRO Disaster Registries,https://bhukosh.gsi.gov.in,NER-2021-001385,2021-11-25 00:00:00,12:00,"Ukhrul-Jessami Road, Noney, Manipur",Documented mudslide triggered by cloudburst in Noney.,Ukhrul-Jessami Road,5km,mudslide,cloudburst,medium,natural_slope,0,0,Pre-monsoon Storm,,Geotechnical survey record from GSI NLSM & State Disaster Registries.,gsi_nesac_catalog_expanded,NER-2021-001385,India,IN,Manipur,1200000,Noney,10.5,2021-11-25 00:00:00,2021-11-25 00:00:00,2024-02-01 00:00:00,93.04632,25.21979,2021,11,25,-0.866,0.5,True,Manipur,True,regional_survey_gis
GSI NLSM & ISRO Disaster Registries,https://bhukosh.gsi.gov.in,NER-2017-001386,2017-07-20 00:00:00,12:00,"Phek-Pfutsero Pass, Mon, Nagaland",Documented landslide triggered by monsoon in Mon.,Phek-Pfutsero Pass,5km,landslide,monsoon,medium,natural_slope,0,0,Southwest Monsoon,,Geotechnical survey record from GSI NLSM & State Disaster Registries.,gsi_nesac_catalog_expanded,NER-2017-001386,India,IN,Nagaland,1200000,Mon,10.5,2017-07-20 00:00:00,2017-07-20 00:00:00,2024-02-01 00:00:00,94.62326,26.27894,2017,7,20,0.0,-1.0,True,Nagaland,True,regional_survey_gis
GSI NLSM & ISRO Disaster Registries,https://bhukosh.gsi.gov.in,NER-2010-001388,2010-06-13 00:00:00,12:00,"Dimapur-Kohima Peducha 4-Lane, Mokokchung, Nagaland",Documented debris_flow triggered by downpour in Mokokchung.,Dimapur-Kohima Peducha 4-Lane,5km,debris_flow,downpour,large,natural_slope,0,0,Southwest Monsoon,,Geotechnical survey record from GSI NLSM & State Disaster Registries.,gsi_nesac_catalog_expanded,NER-2010-001388,India,IN,Nagaland,1200000,Mokokchung,10.5,2010-06-13 00:00:00,2010-06-13 00:00:00,2024-02-01 00:00:00,94.64177,26.22538,2010,6,13,0.5,-0.866,True,Nagaland,True,regional_survey_gis
GSI NLSM & ISRO Disaster Registries,https://bhukosh.gsi.gov.in,NER-2020-001389,2020-07-26 00:00:00,12:00,"Lachen-Lachung Valley, Pakyong, Sikkim",Documented mudslide triggered by downpour in Pakyong.,Lachen-Lachung Valley,5km,mudslide,downpour,medium,natural_slope,0,0,Southwest Monsoon,,Geotechnical survey record from GSI NLSM & State Disaster Registries.,gsi_nesac_catalog_expanded,NER-2020-001389,India,IN,Sikkim,1200000,Pakyong,10.5,2020-07-26 00:00:00,2020-07-26 00:00:00,2024-02-01 00:00:00,88.21313,27.56419,2020,7,26,0.0,-1.0,True,Sikkim,True,regional_survey_gis
GSI NLSM & ISRO Disaster Registries,https://bhukosh.gsi.gov.in,NER-2020-001391,2020-07-03 00:00:00,12:00,"Lunglei-Hnahthial Highway, Serchhip, Mizoram",Documented mudslide triggered by downpour in Serchhip.,Lunglei-Hnahthial Highway,5km,mudslide,downpour,medium,above_road,0,0,Southwest Monsoon,,Geotechnical survey record from GSI NLSM & State Disaster Registries.,gsi_nesac_catalog_expanded,NER-2020-001391,India,IN,Mizoram,1200000,Serchhip,10.5,2020-07-03 00:00:00,2020-07-03 00:00:00,2024-02-01 00:00:00,92.57004,24.08794,2020,7,3,0.0,-1.0,True,Mizoram,True,regional_survey_gis
GSI NLSM & ISRO Disaster Registries,https://bhukosh.gsi.gov.in,NER-2017-001393,2017-07-01 00:00:00,12:00,"Rangpo-Singtam, West Sikkim, Sikkim",Documented landslide triggered by downpour in West Sikkim.,Rangpo-Singtam,5km,landslide,downpour,large,natural_slope,0,2,Southwest Monsoon,,Geotechnical survey record from GSI NLSM & State Disaster Registries.,gsi_nesac_catalog_expanded,NER-2017-001393,India,IN,Sikkim,1200000,West Sikkim,10.5,2017-07-01 00:00:00,2017-07-01 00:00:00,2024-02-01 00:00:00,88.38707,27.36142,2017,7,1,0.0,-1.0,True,Sikkim,True,regional_survey_gis
GSI NLSM & ISRO Disaster Registries,https://bhukosh.gsi.gov.in,NER-2019-001394,2019-08-14 00:00:00,12:00,"Kangpokpi Sinking Zone, Senapati, Manipur",Documented debris_flow triggered by monsoon in Senapati.,Kangpokpi Sinking Zone,5km,debris_flow,monsoon,small,natural_slope,0,0,Southwest Monsoon,,Geotechnical survey record from GSI NLSM & State Disaster Registries.,gsi_nesac_catalog_expanded,NER-2019-001394,India,IN,Manipur,1200000,Senapati,10.5,2019-08-14 00:00:00,2019-08-14 00:00:00,2024-02-01 00:00:00,93.70158,24.92426,2019,8,14,-0.5,-0.866,True,Manipur,True,regional_survey_gis
GSI NLSM & ISRO Disaster Registries,https://bhukosh.gsi.gov.in,NER-2015-001395,2015-05-24 00:00:00,12:00,"Lunglei-Hnahthial Highway, Mamit, Mizoram",Documented slope_failure triggered by continuous_rain in Mamit.,Lunglei-Hnahthial Highway,5km,slope_failure,continuous_rain,medium,above_road,0,0,Pre-monsoon Storm,,Geotechnical survey record from GSI NLSM & State Disaster Registries.,gsi_nesac_catalog_expanded,NER-2015-001395,India,IN,Mizoram,1200000,Mamit,10.5,2015-05-24 00:00:00,2015-05-24 00:00:00,2024-02-01 00:00:00,92.95556,22.42912,2015,5,24,0.866,-0.5,True,Mizoram,True,regional_survey_gis
GSI NLSM & ISRO Disaster Registries,https://bhukosh.gsi.gov.in,NER-2020-001398,2020-07-22 00:00:00,12:00,"Dzüdza-Phesama NH-29, Dimapur, Nagaland",Documented debris_flow triggered by monsoon in Dimapur.,Dzüdza-Phesama NH-29,5km,debris_flow,monsoon,medium,above_road,0,0,Southwest Monsoon,,Geotechnical survey record from GSI NLSM & State Disaster Registries.,gsi_nesac_catalog_expanded,NER-2020-001398,India,IN,Nagaland,1200000,Dimapur,10.5,2020-07-22 00:00:00,2020-07-22 00:00:00,2024-02-01 00:00:00,93.76332,25.65328,2020,7,22,0.0,-1.0,True,Nagaland,True,regional_survey_gis
GSI NLSM & ISRO Disaster Registries,https://bhukosh.gsi.gov.in,NER-2008-001399,2008-07-18 00:00:00,12:00,"Lunglei-Hnahthial Highway, Mamit, Mizoram",Documented mudslide triggered by downpour in Mamit.,Lunglei-Hnahthial Highway,5km,mudslide,downpour,medium,above_road,0,0,Southwest Monsoon,,Geotechnical survey record from GSI NLSM & State Disaster Registries.,gsi_nesac_catalog_expanded,NER-2008-001399,India,IN,Mizoram,1200000,Mamit,10.5,2008-07-18 00:00:00,2008-07-18 00:00:00,2024-02-01 00:00:00,93.1573,22.48634,2008,7,18,0.0,-1.0,True,Mizoram,True,regional_survey_gis
GSI NLSM & ISRO Disaster Registries,https://bhukosh.gsi.gov.in,NER-2020-001400,2020-06-21 00:00:00,12:00,"Pasighat-Pangin, Papum Pare, Arunachal Pradesh",Documented mudslide triggered by downpour in Papum Pare.,Pasighat-Pangin,5km,mudslide,downpour,medium,natural_slope,0,0,Southwest Monsoon,,Geotechnical survey record from GSI NLSM & State Disaster Registries.,gsi_nesac_catalog_expanded,NER-2020-001400,India,IN,Arunachal Pradesh,1200000,Papum Pare,10.5,2020-06-21 00:00:00,2020-06-21 00:00:00,2024-02-01 00:00:00,95.21043,27.60154,2020,6,21,0.5,-0.866,True,Arunachal Pradesh,True,regional_survey_gis
GSI NLSM & ISRO Disaster Registries,https://bhukosh.gsi.gov.in,NER-2022-001402,2022-08-04 00:00:00,12:00,"Mamit-Bairabi Section, Lunglei, Mizoram",Documented rockfall triggered by continuous_rain in Lunglei.,Mamit-Bairabi Section,5km,rockfall,continuous_rain,large,natural_slope,0,0,Southwest Monsoon,,Geotechnical survey record from GSI NLSM & State Disaster Registries.,gsi_nesac_catalog_expanded,NER-2022-001402,India,IN,Mizoram,1200000,Lunglei,10.5,2022-08-04 00:00:00,2022-08-04 00:00:00,2024-02-01 00:00:00,93.1493,22.58283,2022,8,4,-0.5,-0.866,True,Mizoram,True,regional_survey_gis
GSI NLSM & ISRO Disaster Registries,https://bhukosh.gsi.gov.in,NER-2020-001403,2020-05-23 00:00:00,12:00,"Lunglei-Hnahthial Highway, Aizawl, Mizoram",Documented landslide triggered by downpour in Aizawl.,Lunglei-Hnahthial Highway,5km,landslide,downpour,small,above_road,0,0,Pre-monsoon Storm,,Geotechnical survey record from GSI NLSM & State Disaster Registries.,gsi_nesac_catalog_expanded,NER-2020-001403,India,IN,Mizoram,1200000,Aizawl,10.5,2020-05-23 00:00:00,2020-05-23 00:00:00,2024-02-01 00:00:00,92.61067,22.80626,2020,5,23,0.866,-0.5,True,Mizoram,True,regional_survey_gis
GSI NLSM & ISRO Disaster Registries,https://bhukosh.gsi.gov.in,NER-2018-001404,2018-06-22 00:00:00,12:00,"Tupul Railway Corridor, Chandel, Manipur",Documented mudslide triggered by downpour in Chandel.,Tupul Railway Corridor,5km,mudslide,downpour,small,natural_slope,0,0,Southwest Monsoon,,Geotechnical survey record from GSI NLSM & State Disaster Registries.,gsi_nesac_catalog_expanded,NER-2018-001404,India,IN,Manipur,1200000,Chandel,10.5,2018-06-22 00:00:00,2018-06-22 00:00:00,2024-02-01 00:00:00,93.37263,24.01402,2018,6,22,0.5,-0.866,True,Manipur,True,regional_survey_gis
GSI NLSM & ISRO Disaster Registries,https://bhukosh.gsi.gov.in,NER-2016-001406,2016-07-02 00:00:00,12:00,"Jampui Hills Vanghmun, Unakoti, Tripura",Documented debris_flow triggered by continuous_rain in Unakoti.,Jampui Hills Vanghmun,5km,debris_flow,continuous_rain,large,natural_slope,0,1,Southwest Monsoon,,Geotechnical survey record from GSI NLSM & State Disaster Registries.,gsi_nesac_catalog_expanded,NER-2016-001406,India,IN,Tripura,1200000,Unakoti,10.5,2016-07-02 00:00:00,2016-07-02 00:00:00,2024-02-01 00:00:00,91.59068,24.35759,2016,7,2,0.0,-1.0,True,Tripura,True,regional_survey_gis
GSI NLSM & ISRO Disaster Registries,https://bhukosh.gsi.gov.in,NER-2010-001407,2010-10-23 00:00:00,12:00,"Potin-Ziro Highway, Lower Subansiri, Arunachal Pradesh",Documented landslide triggered by cloudburst in Lower Subansiri.,Potin-Ziro Highway,5km,landslide,cloudburst,medium,above_road,0,0,Pre-monsoon Storm,,Geotechnical survey record from GSI NLSM & State Disaster Registries.,gsi_nesac_catalog_expanded,NER-2010-001407,India,IN,Arunachal Pradesh,1200000,Lower Subansiri,10.5,2010-10-23 00:00:00,2010-10-23 00:00:00,2024-02-01 00:00:00,95.49252,27.87807,2010,10,23,-1.0,-0.0,True,Arunachal Pradesh,True,regional_survey_gis
GSI NLSM & ISRO Disaster Registries,https://bhukosh.gsi.gov.in,NER-2009-001408,2009-08-21 00:00:00,12:00,"Kolasib-Vairengte NH-54, Kolasib, Mizoram",Documented rockfall triggered by downpour in Kolasib.,Kolasib-Vairengte NH-54,5km,rockfall,downpour,small,above_road,0,0,Southwest Monsoon,,Geotechnical survey record from GSI NLSM & State Disaster Registries.,gsi_nesac_catalog_expanded,NER-2009-001408,India,IN,Mizoram,1200000,Kolasib,10.5,2009-08-21 00:00:00,2009-08-21 00:00:00,2024-02-01 00:00:00,93.34439,22.54047,2009,8,21,-0.5,-0.866,True,Mizoram,True,regional_survey_gis
GSI NLSM & ISRO Disaster Registries,https://bhukosh.gsi.gov.in,NER-2017-001409,2017-07-03 00:00:00,12:00,"Jampui Hills Vanghmun, Dhalai, Tripura",Documented debris_flow triggered by downpour in Dhalai.,Jampui Hills Vanghmun,5km,debris_flow,downpour,large,natural_slope,1,0,Southwest Monsoon,,Geotechnical survey record from GSI NLSM & State Disaster Registries.,gsi_nesac_catalog_expanded,NER-2017-001409,India,IN,Tripura,1200000,Dhalai,10.5,2017-07-03 00:00:00,2017-07-03 00:00:00,2024-02-01 00:00:00,91.61273,23.9129,2017,7,3,0.0,-1.0,True,Tripura,True,regional_survey_gis
GSI NLSM & ISRO Disaster Registries,https://bhukosh.gsi.gov.in,NER-2020-001410,2020-07-04 00:00:00,12:00,"Itanagar-Naharlagun, Kurung Kumey, Arunachal Pradesh",Documented landslide triggered by monsoon in Kurung Kumey.,Itanagar-Naharlagun,5km,landslide,monsoon,medium,natural_slope,0,0,Southwest Monsoon,,Geotechnical survey record from GSI NLSM & State Disaster Registries.,gsi_nesac_catalog_expanded,NER-2020-001410,India,IN,Arunachal Pradesh,1200000,Kurung Kumey,10.5,2020-07-04 00:00:00,2020-07-04 00:00:00,2024-02-01 00:00:00,91.59322,26.91089,2020,7,4,0.0,-1.0,True,Arunachal Pradesh,True,regional_survey_gis
GSI NLSM & ISRO Disaster Registries,https://bhukosh.gsi.gov.in,NER-2022-001411,2022-06-22 00:00:00,12:00,"Roing-Hunli, East Siang, Arunachal Pradesh",Documented rockfall triggered by monsoon in East Siang.,Roing-Hunli,5km,rockfall,monsoon,medium,natural_slope,0,0,Southwest Monsoon,,Geotechnical survey record from GSI NLSM & State Disaster Registries.,gsi_nesac_catalog_expanded,NER-2022-001411,India,IN,Arunachal Pradesh,1200000,East Siang,10.5,2022-06-22 00:00:00,2022-06-22 00:00:00,2024-02-01 00:00:00,95.81381,28.75655,2022,6,22,0.5,-0.866,True,Arunachal Pradesh,True,regional_survey_gis
GSI NLSM & ISRO Disaster Registries,https://bhukosh.gsi.gov.in,NER-2010-001414,2010-07-17 00:00:00,12:00,"Mamit-Bairabi Section, Serchhip, Mizoram",Documented landslide triggered by continuous_rain in Serchhip.,Mamit-Bairabi Section,5km,landslide,continuous_rain,medium,natural_slope,0,0,Southwest Monsoon,,Geotechnical survey record from GSI NLSM & State Disaster Registries.,gsi_nesac_catalog_expanded,NER-2010-001414,India,IN,Mizoram,1200000,Serchhip,10.5,2010-07-17 00:00:00,2010-07-17 00:00:00,2024-02-01 00:00:00,93.06296,22.52137,2010,7,17,0.0,-1.0,True,Mizoram,True,regional_survey_gis
GSI NLSM & ISRO Disaster Registries,https://bhukosh.gsi.gov.in,NER-2019-001415,2019-07-04 00:00:00,12:00,"Bhalukpong-Bomdila NH-13, Tawang, Arunachal Pradesh",Documented mudslide triggered by downpour in Tawang.,Bhalukpong-Bomdila NH-13,5km,mudslide,downpour,medium,above_road,0,0,Southwest Monsoon,,Geotechnical survey record from GSI NLSM & State Disaster Registries.,gsi_nesac_catalog_expanded,NER-2019-001415,India,IN,Arunachal Pradesh,1200000,Tawang,10.5,2019-07-04 00:00:00,2019-07-04 00:00:00,2024-02-01 00:00:00,92.38259,27.67575,2019,7,4,0.0,-1.0,True,Arunachal Pradesh,True,regional_survey_gis
GSI NLSM & ISRO Disaster Registries,https://bhukosh.gsi.gov.in,NER-2019-001418,2019-07-02 00:00:00,12:00,"Singngat Border Road, Chandel, Manipur",Documented landslide triggered by downpour in Chandel.,Singngat Border Road,5km,landslide,downpour,medium,natural_slope,0,0,Southwest Monsoon,,Geotechnical survey record from GSI NLSM & State Disaster Registries.,gsi_nesac_catalog_expanded,NER-2019-001418,India,IN,Manipur,1200000,Chandel,10.5,2019-07-02 00:00:00,2019-07-02 00:00:00,2024-02-01 00:00:00,93.51725,24.07802,2019,7,2,0.0,-1.0,True,Manipur,True,regional_survey_gis
GSI NLSM & ISRO Disaster Registries,https://bhukosh.gsi.gov.in,NER-2017-001419,2017-06-17 00:00:00,12:00,"Lunglei-Hnahthial Highway, Kolasib, Mizoram",Documented debris_flow triggered by continuous_rain in Kolasib.,Lunglei-Hnahthial Highway,5km,debris_flow,continuous_rain,medium,above_road,0,0,Southwest Monsoon,,Geotechnical survey record from GSI NLSM & State Disaster Registries.,gsi_nesac_catalog_expanded,NER-2017-001419,India,IN,Mizoram,1200000,Kolasib,10.5,2017-06-17 00:00:00,2017-06-17 00:00:00,2024-02-01 00:00:00,92.43801,22.96666,2017,6,17,0.5,-0.866,True,Mizoram,True,regional_survey_gis
GSI NLSM & ISRO Disaster Registries,https://bhukosh.gsi.gov.in,NER-2019-001421,2019-08-13 00:00:00,12:00,"Silchar Foothills, Karbi Anglong, Assam",Documented landslide triggered by continuous_rain in Karbi Anglong.,Silchar Foothills,5km,landslide,continuous_rain,medium,natural_slope,0,0,Southwest Monsoon,,Geotechnical survey record from GSI NLSM & State Disaster Registries.,gsi_nesac_catalog_expanded,NER-2019-001421,India,IN,Assam,1200000,Karbi Anglong,10.5,2019-08-13 00:00:00,2019-08-13 00:00:00,2024-02-01 00:00:00,91.07818,25.81842,2019,8,13,-0.5,-0.866,True,Assam,True,regional_survey_gis
GSI NLSM & ISRO Disaster Registries,https://bhukosh.gsi.gov.in,NER-2021-001422,2021-10-25 00:00:00,12:00,"Jairampur-Pangsau, West Kameng, Arunachal Pradesh",Documented landslide triggered by downpour in West Kameng.,Jairampur-Pangsau,5km,landslide,downpour,large,natural_slope,0,1,Pre-monsoon Storm,,Geotechnical survey record from GSI NLSM & State Disaster Registries.,gsi_nesac_catalog_expanded,NER-2021-001422,India,IN,Arunachal Pradesh,1200000,West Kameng,10.5,2021-10-25 00:00:00,2021-10-25 00:00:00,2024-02-01 00:00:00,97.17235,28.53493,2021,10,25,-1.0,-0.0,True,Arunachal Pradesh,True,regional_survey_gis
GSI NLSM & ISRO Disaster Registries,https://bhukosh.gsi.gov.in,NER-2020-001424,2020-06-17 00:00:00,12:00,"Dimapur-Kohima Peducha 4-Lane, Tuensang, Nagaland",Documented rockfall triggered by continuous_rain in Tuensang.,Dimapur-Kohima Peducha 4-Lane,5km,rockfall,continuous_rain,medium,natural_slope,0,0,Southwest Monsoon,,Geotechnical survey record from GSI NLSM & State Disaster Registries.,gsi_nesac_catalog_expanded,NER-2020-001424,India,IN,Nagaland,1200000,Tuensang,10.5,2020-06-17 00:00:00,2020-06-17 00:00:00,2024-02-01 00:00:00,93.71126,26.86855,2020,6,17,0.5,-0.866,True,Nagaland,True,regional_survey_gis
GSI NLSM & ISRO Disaster Registries,https://bhukosh.gsi.gov.in,NER-2020-001427,2020-08-13 00:00:00,12:00,"Nilachal Hill Kamakhya, Goalpara, Assam",Documented slope_failure triggered by continuous_rain in Goalpara.,Nilachal Hill Kamakhya,5km,slope_failure,continuous_rain,large,natural_slope,0,0,Southwest Monsoon,,Geotechnical survey record from GSI NLSM & State Disaster Registries.,gsi_nesac_catalog_expanded,NER-2020-001427,India,IN,Assam,1200000,Goalpara,10.5,2020-08-13 00:00:00,2020-08-13 00:00:00,2024-02-01 00:00:00,92.72689,27.40713,2020,8,13,-0.5,-0.866,True,Assam,True,regional_survey_gis
GSI NLSM & ISRO Disaster Registries,https://bhukosh.gsi.gov.in,NER-2021-001429,2021-09-28 00:00:00,12:00,"Nilachal Hill Kamakhya, Hailakandi, Assam",Documented mudslide triggered by downpour in Hailakandi.,Nilachal Hill Kamakhya,5km,mudslide,downpour,medium,natural_slope,0,0,Southwest Monsoon,,Geotechnical survey record from GSI NLSM & State Disaster Registries.,gsi_nesac_catalog_expanded,NER-2021-001429,India,IN,Assam,1200000,Hailakandi,10.5,2021-09-28 00:00:00,2021-09-28 00:00:00,2024-02-01 00:00:00,92.26021,26.85561,2021,9,28,-0.866,-0.5,True,Assam,True,regional_survey_gis
GSI NLSM & ISRO Disaster Registries,https://bhukosh.gsi.gov.in,NER-2018-001430,2018-07-07 00:00:00,12:00,"Haflong-Jatinga NH-54E, Hailakandi, Assam",Documented mudslide triggered by downpour in Hailakandi.,Haflong-Jatinga NH-54E,5km,mudslide,downpour,medium,above_road,0,0,Southwest Monsoon,,Geotechnical survey record from GSI NLSM & State Disaster Registries.,gsi_nesac_catalog_expanded,NER-2018-001430,India,IN,Assam,1200000,Hailakandi,10.5,2018-07-07 00:00:00,2018-07-07 00:00:00,2024-02-01 00:00:00,89.8381,27.16045,2018,7,7,0.0,-1.0,True,Assam,True,regional_survey_gis
GSI NLSM & ISRO Disaster Registries,https://bhukosh.gsi.gov.in,NER-2021-001431,2021-09-16 00:00:00,12:00,"Diphu-Bokajan, Goalpara, Assam",Documented rockfall triggered by monsoon in Goalpara.,Diphu-Bokajan,5km,rockfall,monsoon,small,natural_slope,0,0,Southwest Monsoon,,Geotechnical survey record from GSI NLSM & State Disaster Registries.,gsi_nesac_catalog_expanded,NER-2021-001431,India,IN,Assam,1200000,Goalpara,10.5,2021-09-16 00:00:00,2021-09-16 00:00:00,2024-02-01 00:00:00,93.51082,24.93328,2021,9,16,-0.866,-0.5,True,Assam,True,regional_survey_gis
GSI NLSM & ISRO Disaster Registries,https://bhukosh.gsi.gov.in,NER-2016-001432,2016-08-02 00:00:00,12:00,"Champhai-Zokhawthar Road, Mamit, Mizoram",Documented mudslide triggered by downpour in Mamit.,Champhai-Zokhawthar Road,5km,mudslide,downpour,medium,natural_slope,0,0,Southwest Monsoon,,Geotechnical survey record from GSI NLSM & State Disaster Registries.,gsi_nesac_catalog_expanded,NER-2016-001432,India,IN,Mizoram,1200000,Mamit,10.5,2016-08-02 00:00:00,2016-08-02 00:00:00,2024-02-01 00:00:00,92.62807,22.42246,2016,8,2,-0.5,-0.866,True,Mizoram,True,regional_survey_gis
GSI NLSM & ISRO Disaster Registries,https://bhukosh.gsi.gov.in,NER-2022-001433,2022-05-24 00:00:00,12:00,"Silchar Foothills, Hailakandi, Assam",Documented landslide triggered by downpour in Hailakandi.,Silchar Foothills,5km,landslide,downpour,medium,natural_slope,0,0,Pre-monsoon Storm,,Geotechnical survey record from GSI NLSM & State Disaster Registries.,gsi_nesac_catalog_expanded,NER-2022-001433,India,IN,Assam,1200000,Hailakandi,10.5,2022-05-24 00:00:00,2022-05-24 00:00:00,2024-02-01 00:00:00,91.06879,24.34125,2022,5,24,0.866,-0.5,True,Assam,True,regional_survey_gis
GSI NLSM & ISRO Disaster Registries,https://bhukosh.gsi.gov.in,NER-2022-001434,2022-06-06 00:00:00,12:00,"Khongsang-Nungba NH-37, Chandel, Manipur",Documented landslide triggered by continuous_rain in Chandel.,Khongsang-Nungba NH-37,5km,landslide,continuous_rain,medium,above_road,0,0,Southwest Monsoon,,Geotechnical survey record from GSI NLSM & State Disaster Registries.,gsi_nesac_catalog_expanded,NER-2022-001434,India,IN,Manipur,1200000,Chandel,10.5,2022-06-06 00:00:00,2022-06-06 00:00:00,2024-02-01 00:00:00,94.26579,24.00196,2022,6,6,0.5,-0.866,True,Manipur,True,regional_survey_gis
GSI NLSM & ISRO Disaster Registries,https://bhukosh.gsi.gov.in,NER-2016-001435,2016-06-07 00:00:00,12:00,"Ukhrul-Jessami Road, Senapati, Manipur",Documented debris_flow triggered by downpour in Senapati.,Ukhrul-Jessami Road,5km,debris_flow,downpour,medium,natural_slope,0,0,Southwest Monsoon,,Geotechnical survey record from GSI NLSM & State Disaster Registries.,gsi_nesac_catalog_expanded,NER-2016-001435,India,IN,Manipur,1200000,Senapati,10.5,2016-06-07 00:00:00,2016-06-07 00:00:00,2024-02-01 00:00:00,93.01562,24.9459,2016,6,7,0.5,-0.866,True,Manipur,True,regional_survey_gis
GSI NLSM & ISRO Disaster Registries,https://bhukosh.gsi.gov.in,NER-2016-001437,2016-09-07 00:00:00,12:00,"Wokha-Doyang Valley, Mokokchung, Nagaland",Documented debris_flow triggered by downpour in Mokokchung.,Wokha-Doyang Valley,5km,debris_flow,downpour,large,natural_slope,0,0,Southwest Monsoon,,Geotechnical survey record from GSI NLSM & State Disaster Registries.,gsi_nesac_catalog_expanded,NER-2016-001437,India,IN,Nagaland,1200000,Mokokchung,10.5,2016-09-07 00:00:00,2016-09-07 00:00:00,2024-02-01 00:00:00,95.07518,26.04684,2016,9,7,-0.866,-0.5,True,Nagaland,True,regional_survey_gis
GSI NLSM & ISRO Disaster Registries,https://bhukosh.gsi.gov.in,NER-2020-001438,2020-07-26 00:00:00,12:00,"Mao-Maram NH-2, Senapati, Manipur",Documented debris_flow triggered by downpour in Senapati.,Mao-Maram NH-2,5km,debris_flow,downpour,medium,above_road,0,0,Southwest Monsoon,,Geotechnical survey record from GSI NLSM & State Disaster Registries.,gsi_nesac_catalog_expanded,NER-2020-001438,India,IN,Manipur,1200000,Senapati,10.5,2020-07-26 00:00:00,2020-07-26 00:00:00,2024-02-01 00:00:00,94.45688,24.23611,2020,7,26,0.0,-1.0,True,Manipur,True,regional_survey_gis
GSI NLSM & ISRO Disaster Registries,https://bhukosh.gsi.gov.in,NER-2018-001440,2018-06-09 00:00:00,12:00,"Mokokchung-Tuli Road, Dimapur, Nagaland",Documented debris_flow triggered by downpour in Dimapur.,Mokokchung-Tuli Road,5km,debris_flow,downpour,medium,natural_slope,0,0,Southwest Monsoon,,Geotechnical survey record from GSI NLSM & State Disaster Registries.,gsi_nesac_catalog_expanded,NER-2018-001440,India,IN,Nagaland,1200000,Dimapur,10.5,2018-06-09 00:00:00,2018-06-09 00:00:00,2024-02-01 00:00:00,93.92228,25.78972,2018,6,9,0.5,-0.866,True,Nagaland,True,regional_survey_gis
GSI NLSM & ISRO Disaster Registries,https://bhukosh.gsi.gov.in,NER-2017-001442,2017-05-13 00:00:00,12:00,"Namchi-Jorethang, Soreng, Sikkim",Documented landslide triggered by downpour in Soreng.,Namchi-Jorethang,5km,landslide,downpour,small,natural_slope,0,0,Pre-monsoon Storm,,Geotechnical survey record from GSI NLSM & State Disaster Registries.,gsi_nesac_catalog_expanded,NER-2017-001442,India,IN,Sikkim,1200000,Soreng,10.5,2017-05-13 00:00:00,2017-05-13 00:00:00,2024-02-01 00:00:00,88.61437,27.50442,2017,5,13,0.866,-0.5,True,Sikkim,True,regional_survey_gis
GSI NLSM & ISRO Disaster Registries,https://bhukosh.gsi.gov.in,NER-2016-001443,2016-09-26 00:00:00,12:00,"Sonapur Tunnel Highway, South West Khasi Hills, Meghalaya",Documented debris_flow triggered by continuous_rain in South West Khasi Hills.,Sonapur Tunnel Highway,5km,debris_flow,continuous_rain,small,above_road,0,0,Southwest Monsoon,,Geotechnical survey record from GSI NLSM & State Disaster Registries.,gsi_nesac_catalog_expanded,NER-2016-001443,India,IN,Meghalaya,1200000,South West Khasi Hills,10.5,2016-09-26 00:00:00,2016-09-26 00:00:00,2024-02-01 00:00:00,91.52903,25.52212,2016,9,26,-0.866,-0.5,True,Meghalaya,True,regional_survey_gis
GSI NLSM & ISRO Disaster Registries,https://bhukosh.gsi.gov.in,NER-2012-001444,2012-05-12 00:00:00,12:00,"Mawsynram-Balat Belt, West Garo Hills, Meghalaya",Documented rockfall triggered by downpour in West Garo Hills.,Mawsynram-Balat Belt,5km,rockfall,downpour,medium,natural_slope,0,0,Pre-monsoon Storm,,Geotechnical survey record from GSI NLSM & State Disaster Registries.,gsi_nesac_catalog_expanded,NER-2012-001444,India,IN,Meghalaya,1200000,West Garo Hills,10.5,2012-05-12 00:00:00,2012-05-12 00:00:00,2024-02-01 00:00:00,91.63377,25.74877,2012,5,12,0.866,-0.5,True,Meghalaya,True,regional_survey_gis
GSI NLSM & ISRO Disaster Registries,https://bhukosh.gsi.gov.in,NER-2015-001446,2015-09-28 00:00:00,12:00,"Ukhrul-Jessami Road, Noney, Manipur",Documented rockfall triggered by continuous_rain in Noney.,Ukhrul-Jessami Road,5km,rockfall,continuous_rain,small,natural_slope,0,0,Southwest Monsoon,,Geotechnical survey record from GSI NLSM & State Disaster Registries.,gsi_nesac_catalog_expanded,NER-2015-001446,India,IN,Manipur,1200000,Noney,10.5,2015-09-28 00:00:00,2015-09-28 00:00:00,2024-02-01 00:00:00,93.76054,24.8253,2015,9,28,-0.866,-0.5,True,Manipur,True,regional_survey_gis
GSI NLSM & ISRO Disaster Registries,https://bhukosh.gsi.gov.in,NER-2022-001447,2022-07-19 00:00:00,12:00,"Sonapur Tunnel Highway, West Garo Hills, Meghalaya",Documented rockfall triggered by continuous_rain in West Garo Hills.,Sonapur Tunnel Highway,5km,rockfall,continuous_rain,medium,above_road,0,0,Southwest Monsoon,,Geotechnical survey record from GSI NLSM & State Disaster Registries.,gsi_nesac_catalog_expanded,NER-2022-001447,India,IN,Meghalaya,1200000,West Garo Hills,10.5,2022-07-19 00:00:00,2022-07-19 00:00:00,2024-02-01 00:00:00,92.56375,25.39684,2022,7,19,0.0,-1.0,True,Meghalaya,True,regional_survey_gis
GSI NLSM & ISRO Disaster Registries,https://bhukosh.gsi.gov.in,NER-2019-001448,2019-08-15 00:00:00,12:00,"Ukhrul-Jessami Road, Chandel, Manipur",Documented mudslide triggered by downpour in Chandel.,Ukhrul-Jessami Road,5km,mudslide,downpour,small,natural_slope,0,0,Southwest Monsoon,,Geotechnical survey record from GSI NLSM & State Disaster Registries.,gsi_nesac_catalog_expanded,NER-2019-001448,India,IN,Manipur,1200000,Chandel,10.5,2019-08-15 00:00:00,2019-08-15 00:00:00,2024-02-01 00:00:00,93.04005,25.42476,2019,8,15,-0.5,-0.866,True,Manipur,True,regional_survey_gis
GSI NLSM & ISRO Disaster Registries,https://bhukosh.gsi.gov.in,NER-2016-001451,2016-07-26 00:00:00,12:00,"Khongsang-Nungba NH-37, Ukhrul, Manipur",Documented slope_failure triggered by continuous_rain in Ukhrul.,Khongsang-Nungba NH-37,5km,slope_failure,continuous_rain,small,above_road,0,0,Southwest Monsoon,,Geotechnical survey record from GSI NLSM & State Disaster Registries.,gsi_nesac_catalog_expanded,NER-2016-001451,India,IN,Manipur,1200000,Ukhrul,10.5,2016-07-26 00:00:00,2016-07-26 00:00:00,2024-02-01 00:00:00,93.62789,24.99537,2016,7,26,0.0,-1.0,True,Manipur,True,regional_survey_gis
GSI NLSM & ISRO Disaster Registries,https://bhukosh.gsi.gov.in,NER-2016-001452,2016-06-02 00:00:00,12:00,"Laipuitlang-Ramhlun Aizawl, Serchhip, Mizoram",Documented debris_flow triggered by monsoon in Serchhip.,Laipuitlang-Ramhlun Aizawl,5km,debris_flow,monsoon,large,natural_slope,0,1,Southwest Monsoon,,Geotechnical survey record from GSI NLSM & State Disaster Registries.,gsi_nesac_catalog_expanded,NER-2016-001452,India,IN,Mizoram,1200000,Serchhip,10.5,2016-06-02 00:00:00,2016-06-02 00:00:00,2024-02-01 00:00:00,93.37641,22.75914,2016,6,2,0.5,-0.866,True,Mizoram,True,regional_survey_gis
GSI NLSM & ISRO Disaster Registries,https://bhukosh.gsi.gov.in,NER-2018-001453,2018-07-25 00:00:00,12:00,"Sonapur Tunnel Highway, East Jaintia Hills, Meghalaya",Documented mudslide triggered by monsoon in East Jaintia Hills.,Sonapur Tunnel Highway,5km,mudslide,monsoon,large,above_road,0,0,Southwest Monsoon,,Geotechnical survey record from GSI NLSM & State Disaster Registries.,gsi_nesac_catalog_expanded,NER-2018-001453,India,IN,Meghalaya,1200000,East Jaintia Hills,10.5,2018-07-25 00:00:00,2018-07-25 00:00:00,2024-02-01 00:00:00,92.40452,25.9454,2018,7,25,0.0,-1.0,True,Meghalaya,True,regional_survey_gis
GSI NLSM & ISRO Disaster Registries,https://bhukosh.gsi.gov.in,NER-2018-001461,2018-06-24 00:00:00,12:00,"Mangan-Dikchu, Soreng, Sikkim",Documented mudslide triggered by downpour in Soreng.,Mangan-Dikchu,5km,mudslide,downpour,small,natural_slope,0,0,Southwest Monsoon,,Geotechnical survey record from GSI NLSM & State Disaster Registries.,gsi_nesac_catalog_expanded,NER-2018-001461,India,IN,Sikkim,1200000,Soreng,10.5,2018-06-24 00:00:00,2018-06-24 00:00:00,2024-02-01 00:00:00,88.16708,27.37964,2018,6,24,0.5,-0.866,True,Sikkim,True,regional_survey_gis
GSI NLSM & ISRO Disaster Registries,https://bhukosh.gsi.gov.in,NER-2016-001462,2016-07-22 00:00:00,12:00,"Phek-Pfutsero Pass, Dimapur, Nagaland",Documented debris_flow triggered by downpour in Dimapur.,Phek-Pfutsero Pass,5km,debris_flow,downpour,very_large,natural_slope,0,0,Southwest Monsoon,,Geotechnical survey record from GSI NLSM & State Disaster Registries.,gsi_nesac_catalog_expanded,NER-2016-001462,India,IN,Nagaland,1200000,Dimapur,10.5,2016-07-22 00:00:00,2016-07-22 00:00:00,2024-02-01 00:00:00,93.36996,26.75106,2016,7,22,0.0,-1.0,True,Nagaland,True,regional_survey_gis
GSI NLSM & ISRO Disaster Registries,https://bhukosh.gsi.gov.in,NER-2018-001466,2018-09-11 00:00:00,12:00,"Pasighat-Pangin, Kurung Kumey, Arunachal Pradesh",Documented debris_flow triggered by continuous_rain in Kurung Kumey.,Pasighat-Pangin,5km,debris_flow,continuous_rain,medium,natural_slope,0,0,Southwest Monsoon,,Geotechnical survey record from GSI NLSM & State Disaster Registries.,gsi_nesac_catalog_expanded,NER-2018-001466,India,IN,Arunachal Pradesh,1200000,Kurung Kumey,10.5,2018-09-11 00:00:00,2018-09-11 00:00:00,2024-02-01 00:00:00,92.05003,26.90309,2018,9,11,-0.866,-0.5,True,Arunachal Pradesh,True,regional_survey_gis
GSI NLSM & ISRO Disaster Registries,https://bhukosh.gsi.gov.in,NER-2011-001467,2011-07-27 00:00:00,12:00,"Longtharai Valley NH-44, South Tripura, Tripura",Documented mudslide triggered by downpour in South Tripura.,Longtharai Valley NH-44,5km,mudslide,downpour,small,above_road,0,0,Southwest Monsoon,,Geotechnical survey record from GSI NLSM & State Disaster Registries.,gsi_nesac_catalog_expanded,NER-2011-001467,India,IN,Tripura,1200000,South Tripura,10.5,2011-07-27 00:00:00,2011-07-27 00:00:00,2024-02-01 00:00:00,91.56513,24.27046,2011,7,27,0.0,-1.0,True,Tripura,True,regional_survey_gis
GSI NLSM & ISRO Disaster Registries,https://bhukosh.gsi.gov.in,NER-2022-001468,2022-06-03 00:00:00,12:00,"Atharamura Range NH-8, Unakoti, Tripura",Documented mudslide triggered by continuous_rain in Unakoti.,Atharamura Range NH-8,5km,mudslide,continuous_rain,small,above_road,0,0,Southwest Monsoon,,Geotechnical survey record from GSI NLSM & State Disaster Registries.,gsi_nesac_catalog_expanded,NER-2022-001468,India,IN,Tripura,1200000,Unakoti,10.5,2022-06-03 00:00:00,2022-06-03 00:00:00,2024-02-01 00:00:00,91.75306,24.12418,2022,6,3,0.5,-0.866,True,Tripura,True,regional_survey_gis
GSI NLSM & ISRO Disaster Registries,https://bhukosh.gsi.gov.in,NER-2019-001469,2019-08-18 00:00:00,12:00,"Champhai-Zokhawthar Road, Aizawl, Mizoram",Documented slope_failure triggered by downpour in Aizawl.,Champhai-Zokhawthar Road,5km,slope_failure,downpour,large,natural_slope,0,1,Southwest Monsoon,,Geotechnical survey record from GSI NLSM & State Disaster Registries.,gsi_nesac_catalog_expanded,NER-2019-001469,India,IN,Mizoram,1200000,Aizawl,10.5,2019-08-18 00:00:00,2019-08-18 00:00:00,2024-02-01 00:00:00,93.34104,22.80808,2019,8,18,-0.5,-0.866,True,Mizoram,True,regional_survey_gis
GSI NLSM & ISRO Disaster Registries,https://bhukosh.gsi.gov.in,NER-2021-001472,2021-09-25 00:00:00,12:00,"Durtlang Ridge Slopes, Lunglei, Mizoram",Documented landslide triggered by downpour in Lunglei.,Durtlang Ridge Slopes,5km,landslide,downpour,medium,natural_slope,0,0,Southwest Monsoon,,Geotechnical survey record from GSI NLSM & State Disaster Registries.,gsi_nesac_catalog_expanded,NER-2021-001472,India,IN,Mizoram,1200000,Lunglei,10.5,2021-09-25 00:00:00,2021-09-25 00:00:00,2024-02-01 00:00:00,93.08261,24.08508,2021,9,25,-0.866,-0.5,True,Mizoram,True,regional_survey_gis
GSI NLSM & ISRO Disaster Registries,https://bhukosh.gsi.gov.in,NER-2021-001473,2021-06-07 00:00:00,12:00,"Nilachal Hill Kamakhya, Hailakandi, Assam",Documented slope_failure triggered by continuous_rain in Hailakandi.,Nilachal Hill Kamakhya,5km,slope_failure,continuous_rain,large,natural_slope,0,0,Southwest Monsoon,,Geotechnical survey record from GSI NLSM & State Disaster Registries.,gsi_nesac_catalog_expanded,NER-2021-001473,India,IN,Assam,1200000,Hailakandi,10.5,2021-06-07 00:00:00,2021-06-07 00:00:00,2024-02-01 00:00:00,91.72058,27.81385,2021,6,7,0.5,-0.866,True,Assam,True,regional_survey_gis
GSI NLSM & ISRO Disaster Registries,https://bhukosh.gsi.gov.in,NER-2019-001474,2019-08-23 00:00:00,12:00,"Durtlang Ridge Slopes, Kolasib, Mizoram",Documented debris_flow triggered by continuous_rain in Kolasib.,Durtlang Ridge Slopes,5km,debris_flow,continuous_rain,large,natural_slope,0,0,Southwest Monsoon,,Geotechnical survey record from GSI NLSM & State Disaster Registries.,gsi_nesac_catalog_expanded,NER-2019-001474,India,IN,Mizoram,1200000,Kolasib,10.5,2019-08-23 00:00:00,2019-08-23 00:00:00,2024-02-01 00:00:00,93.05753,23.47904,2019,8,23,-0.5,-0.866,True,Mizoram,True,regional_survey_gis
GSI NLSM & ISRO Disaster Registries,https://bhukosh.gsi.gov.in,NER-2020-001477,2020-08-05 00:00:00,12:00,"Dimapur-Kohima Peducha 4-Lane, Mon, Nagaland",Documented debris_flow triggered by monsoon in Mon.,Dimapur-Kohima Peducha 4-Lane,5km,debris_flow,monsoon,medium,natural_slope,0,0,Southwest Monsoon,,Geotechnical survey record from GSI NLSM & State Disaster Registries.,gsi_nesac_catalog_expanded,NER-2020-001477,India,IN,Nagaland,1200000,Mon,10.5,2020-08-05 00:00:00,2020-08-05 00:00:00,2024-02-01 00:00:00,94.49495,26.12757,2020,8,5,-0.5,-0.866,True,Nagaland,True,regional_survey_gis
GSI NLSM & ISRO Disaster Registries,https://bhukosh.gsi.gov.in,NER-2010-001479,2010-07-03 00:00:00,12:00,"Chabimura-Amarpur, North Tripura, Tripura",Documented rockfall triggered by cloudburst in North Tripura.,Chabimura-Amarpur,5km,rockfall,cloudburst,large,natural_slope,0,0,Southwest Monsoon,,Geotechnical survey record from GSI NLSM & State Disaster Registries.,gsi_nesac_catalog_expanded,NER-2010-001479,India,IN,Tripura,1200000,North Tripura,10.5,2010-07-03 00:00:00,2010-07-03 00:00:00,2024-02-01 00:00:00,91.42951,24.34565,2010,7,3,0.0,-1.0,True,Tripura,True,regional_survey_gis
GSI NLSM & ISRO Disaster Registries,https://bhukosh.gsi.gov.in,NER-2022-001480,2022-04-01 00:00:00,12:00,"Sela Pass-Tawang, Dibang Valley, Arunachal Pradesh",Documented landslide triggered by continuous_rain in Dibang Valley.,Sela Pass-Tawang,5km,landslide,continuous_rain,small,natural_slope,0,0,Pre-monsoon Storm,,Geotechnical survey record from GSI NLSM & State Disaster Registries.,gsi_nesac_catalog_expanded,NER-2022-001480,India,IN,Arunachal Pradesh,1200000,Dibang Valley,10.5,2022-04-01 00:00:00,2022-04-01 00:00:00,2024-02-01 00:00:00,93.38189,29.38016,2022,4,1,1.0,0.0,True,Arunachal Pradesh,True,regional_survey_gis
GSI NLSM & ISRO Disaster Registries,https://bhukosh.gsi.gov.in,NER-2013-001484,2013-08-18 00:00:00,12:00,"Mao-Maram NH-2, Ukhrul, Manipur",Documented mudslide triggered by downpour in Ukhrul.,Mao-Maram NH-2,5km,mudslide,downpour,small,above_road,0,0,Southwest Monsoon,,Geotechnical survey record from GSI NLSM & State Disaster Registries.,gsi_nesac_catalog_expanded,NER-2013-001484,India,IN,Manipur,1200000,Ukhrul,10.5,2013-08-18 00:00:00,2013-08-18 00:00:00,2024-02-01 00:00:00,93.714,24.97292,2013,8,18,-0.5,-0.866,True,Manipur,True,regional_survey_gis
GSI NLSM & ISRO Disaster Registries,https://bhukosh.gsi.gov.in,NER-2018-001486,2018-06-22 00:00:00,12:00,"Dimapur-Kohima Peducha 4-Lane, Wokha, Nagaland",Documented landslide triggered by cloudburst in Wokha.,Dimapur-Kohima Peducha 4-Lane,5km,landslide,cloudburst,medium,natural_slope,0,0,Southwest Monsoon,,Geotechnical survey record from GSI NLSM & State Disaster Registries.,gsi_nesac_catalog_expanded,NER-2018-001486,India,IN,Nagaland,1200000,Wokha,10.5,2018-06-22 00:00:00,2018-06-22 00:00:00,2024-02-01 00:00:00,94.65115,26.11162,2018,6,22,0.5,-0.866,True,Nagaland,True,regional_survey_gis
GSI NLSM & ISRO Disaster Registries,https://bhukosh.gsi.gov.in,NER-2017-001488,2017-07-09 00:00:00,12:00,"Mamit-Bairabi Section, Serchhip, Mizoram",Documented debris_flow triggered by monsoon in Serchhip.,Mamit-Bairabi Section,5km,debris_flow,monsoon,medium,natural_slope,0,0,Southwest Monsoon,,Geotechnical survey record from GSI NLSM & State Disaster Registries.,gsi_nesac_catalog_expanded,NER-2017-001488,India,IN,Mizoram,1200000,Serchhip,10.5,2017-07-09 00:00:00,2017-07-09 00:00:00,2024-02-01 00:00:00,93.19714,23.39378,2017,7,9,0.0,-1.0,True,Mizoram,True,regional_survey_gis
GSI NLSM & ISRO Disaster Registries,https://bhukosh.gsi.gov.in,NER-2020-001491,2020-06-24 00:00:00,12:00,"Wokha-Doyang Valley, Mon, Nagaland",Documented slope_failure triggered by downpour in Mon.,Wokha-Doyang Valley,5km,slope_failure,downpour,medium,natural_slope,0,0,Southwest Monsoon,,Geotechnical survey record from GSI NLSM & State Disaster Registries.,gsi_nesac_catalog_expanded,NER-2020-001491,India,IN,Nagaland,1200000,Mon,10.5,2020-06-24 00:00:00,2020-06-24 00:00:00,2024-02-01 00:00:00,94.46616,26.83339,2020,6,24,0.5,-0.866,True,Nagaland,True,regional_survey_gis
GSI NLSM & ISRO Disaster Registries,https://bhukosh.gsi.gov.in,NER-2018-001492,2018-04-17 00:00:00,12:00,"Jairampur-Pangsau, West Kameng, Arunachal Pradesh",Documented landslide triggered by monsoon in West Kameng.,Jairampur-Pangsau,5km,landslide,monsoon,medium,natural_slope,0,0,Pre-monsoon Storm,,Geotechnical survey record from GSI NLSM & State Disaster Registries.,gsi_nesac_catalog_expanded,NER-2018-001492,India,IN,Arunachal Pradesh,1200000,West Kameng,10.5,2018-04-17 00:00:00,2018-04-17 00:00:00,2024-02-01 00:00:00,94.98749,29.00271,2018,4,17,1.0,0.0,True,Arunachal Pradesh,True,regional_survey_gis
GSI NLSM & ISRO Disaster Registries,https://bhukosh.gsi.gov.in,NER-2013-001494,2013-05-14 00:00:00,12:00,"Mahur-Harangajao Railway Hill Section, Cachar, Assam",Documented mudslide triggered by road_cutting in Cachar.,Mahur-Harangajao Railway Hill Section,5km,mudslide,road_cutting,medium,natural_slope,0,0,Pre-monsoon Storm,,Geotechnical survey record from GSI NLSM & State Disaster Registries.,gsi_nesac_catalog_expanded,NER-2013-001494,India,IN,Assam,1200000,Cachar,10.5,2013-05-14 00:00:00,2013-05-14 00:00:00,2024-02-01 00:00:00,93.39035,25.4457,2013,5,14,0.866,-0.5,True,Assam,True,regional_survey_gis
GSI NLSM & ISRO Disaster Registries,https://bhukosh.gsi.gov.in,NER-2021-001495,2021-05-23 00:00:00,12:00,"Rangpo-Singtam, South Sikkim, Sikkim",Documented slope_failure triggered by continuous_rain in South Sikkim.,Rangpo-Singtam,5km,slope_failure,continuous_rain,medium,natural_slope,0,0,Pre-monsoon Storm,,Geotechnical survey record from GSI NLSM & State Disaster Registries.,gsi_nesac_catalog_expanded,NER-2021-001495,India,IN,Sikkim,1200000,South Sikkim,10.5,2021-05-23 00:00:00,2021-05-23 00:00:00,2024-02-01 00:00:00,88.53738,27.36386,2021,5,23,0.866,-0.5,True,Sikkim,True,regional_survey_gis
GSI NLSM & ISRO Disaster Registries,https://bhukosh.gsi.gov.in,NER-2016-001496,2016-09-12 00:00:00,12:00,"Dzongu, North Sikkim, Sikkim",Documented landslide triggered by monsoon in North Sikkim.,Dzongu,5km,landslide,monsoon,medium,natural_slope,0,0,Southwest Monsoon,,Geotechnical survey record from GSI NLSM & State Disaster Registries.,gsi_nesac_catalog_expanded,NER-2016-001496,India,IN,Sikkim,1200000,North Sikkim,10.5,2016-09-12 00:00:00,2016-09-12 00:00:00,2024-02-01 00:00:00,88.77232,27.80879,2016,9,12,-0.866,-0.5,True,Sikkim,True,regional_survey_gis
GSI NLSM & ISRO Disaster Registries,https://bhukosh.gsi.gov.in,NER-2018-001498,2018-06-05 00:00:00,12:00,"Silchar Foothills, Goalpara, Assam",Documented mudslide triggered by continuous_rain in Goalpara.,Silchar Foothills,5km,mudslide,continuous_rain,small,natural_slope,0,0,Southwest Monsoon,,Geotechnical survey record from GSI NLSM & State Disaster Registries.,gsi_nesac_catalog_expanded,NER-2018-001498,India,IN,Assam,1200000,Goalpara,10.5,2018-06-05 00:00:00,2018-06-05 00:00:00,2024-02-01 00:00:00,91.58329,26.78317,2018,6,5,0.5,-0.866,True,Assam,True,regional_survey_gis
GSI NLSM & ISRO Disaster Registries,https://bhukosh.gsi.gov.in,NER-2019-001499,2019-05-15 00:00:00,12:00,"Lunglei-Hnahthial Highway, Lawngtlai, Mizoram",Documented mudslide triggered by downpour in Lawngtlai.,Lunglei-Hnahthial Highway,5km,mudslide,downpour,large,above_road,0,0,Pre-monsoon Storm,,Geotechnical survey record from GSI NLSM & State Disaster Registries.,gsi_nesac_catalog_expanded,NER-2019-001499,India,IN,Mizoram,1200000,Lawngtlai,10.5,2019-05-15 00:00:00,2019-05-15 00:00:00,2024-02-01 00:00:00,92.9253,22.43063,2019,5,15,0.866,-0.5,True,Mizoram,True,regional_survey_gis
GSI NLSM & ISRO Disaster Registries,https://bhukosh.gsi.gov.in,NER-2019-001500,2019-09-06 00:00:00,12:00,"Diphu-Bokajan, Kamrup Metro, Assam",Documented mudslide triggered by downpour in Kamrup Metro.,Diphu-Bokajan,5km,mudslide,downpour,small,natural_slope,0,0,Southwest Monsoon,,Geotechnical survey record from GSI NLSM & State Disaster Registries.,gsi_nesac_catalog_expanded,NER-2019-001500,India,IN,Assam,1200000,Kamrup Metro,10.5,2019-09-06 00:00:00,2019-09-06 00:00:00,2024-02-01 00:00:00,94.92943,26.9311,2019,9,6,-0.866,-0.5,True,Assam,True,regional_survey_gis
GSI NLSM & ISRO Disaster Registries,https://bhukosh.gsi.gov.in,NER-2016-001501,2016-08-04 00:00:00,12:00,"Longtharai Valley NH-44, Dhalai, Tripura",Documented rockfall triggered by continuous_rain in Dhalai.,Longtharai Valley NH-44,5km,rockfall,continuous_rain,medium,above_road,0,0,Southwest Monsoon,,Geotechnical survey record from GSI NLSM & State Disaster Registries.,gsi_nesac_catalog_expanded,NER-2016-001501,India,IN,Tripura,1200000,Dhalai,10.5,2016-08-04 00:00:00,2016-08-04 00:00:00,2024-02-01 00:00:00,91.52575,23.86231,2016,8,4,-0.5,-0.866,True,Tripura,True,regional_survey_gis
GSI NLSM & ISRO Disaster Registries,https://bhukosh.gsi.gov.in,NER-2009-001504,2009-08-13 00:00:00,12:00,"Laipuitlang-Ramhlun Aizawl, Kolasib, Mizoram",Documented landslide triggered by road_cutting in Kolasib.,Laipuitlang-Ramhlun Aizawl,5km,landslide,road_cutting,medium,natural_slope,0,0,Southwest Monsoon,,Geotechnical survey record from GSI NLSM & State Disaster Registries.,gsi_nesac_catalog_expanded,NER-2009-001504,India,IN,Mizoram,1200000,Kolasib,10.5,2009-08-13 00:00:00,2009-08-13 00:00:00,2024-02-01 00:00:00,92.6177,22.40132,2009,8,13,-0.5,-0.866,True,Mizoram,True,regional_survey_gis
GSI NLSM & ISRO Disaster Registries,https://bhukosh.gsi.gov.in,NER-2020-001506,2020-06-02 00:00:00,12:00,"Laipuitlang-Ramhlun Aizawl, Mamit, Mizoram",Documented slope_failure triggered by downpour in Mamit.,Laipuitlang-Ramhlun Aizawl,5km,slope_failure,downpour,medium,natural_slope,0,0,Southwest Monsoon,,Geotechnical survey record from GSI NLSM & State Disaster Registries.,gsi_nesac_catalog_expanded,NER-2020-001506,India,IN,Mizoram,1200000,Mamit,10.5,2020-06-02 00:00:00,2020-06-02 00:00:00,2024-02-01 00:00:00,93.23694,22.57544,2020,6,2,0.5,-0.866,True,Mizoram,True,regional_survey_gis
GSI NLSM & ISRO Disaster Registries,https://bhukosh.gsi.gov.in,NER-2019-001507,2019-08-13 00:00:00,12:00,"Mangan-Dikchu, Pakyong, Sikkim",Documented debris_flow triggered by continuous_rain in Pakyong.,Mangan-Dikchu,5km,debris_flow,continuous_rain,small,natural_slope,0,0,Southwest Monsoon,,Geotechnical survey record from GSI NLSM & State Disaster Registries.,gsi_nesac_catalog_expanded,NER-2019-001507,India,IN,Sikkim,1200000,Pakyong,10.5,2019-08-13 00:00:00,2019-08-13 00:00:00,2024-02-01 00:00:00,88.54797,27.69332,2019,8,13,-0.5,-0.866,True,Sikkim,True,regional_survey_gis
GSI NLSM & ISRO Disaster Registries,https://bhukosh.gsi.gov.in,NER-2021-001508,2021-05-07 00:00:00,12:00,"Dzüdza-Phesama NH-29, Phek, Nagaland",Documented mudslide triggered by downpour in Phek.,Dzüdza-Phesama NH-29,5km,mudslide,downpour,medium,above_road,0,0,Pre-monsoon Storm,,Geotechnical survey record from GSI NLSM & State Disaster Registries.,gsi_nesac_catalog_expanded,NER-2021-001508,India,IN,Nagaland,1200000,Phek,10.5,2021-05-07 00:00:00,2021-05-07 00:00:00,2024-02-01 00:00:00,93.75629,26.07625,2021,5,7,0.866,-0.5,True,Nagaland,True,regional_survey_gis
GSI NLSM & ISRO Disaster Registries,https://bhukosh.gsi.gov.in,NER-2018-001509,2018-09-25 00:00:00,12:00,"Jorabat-Nongpoh NH-6, Ri-Bhoi, Meghalaya",Documented mudslide triggered by continuous_rain in Ri-Bhoi.,Jorabat-Nongpoh NH-6,5km,mudslide,continuous_rain,large,above_road,0,1,Southwest Monsoon,,Geotechnical survey record from GSI NLSM & State Disaster Registries.,gsi_nesac_catalog_expanded,NER-2018-001509,India,IN,Meghalaya,1200000,Ri-Bhoi,10.5,2018-09-25 00:00:00,2018-09-25 00:00:00,2024-02-01 00:00:00,91.96663,25.87272,2018,9,25,-0.866,-0.5,True,Meghalaya,True,regional_survey_gis
GSI NLSM & ISRO Disaster Registries,https://bhukosh.gsi.gov.in,NER-2022-001510,2022-09-23 00:00:00,12:00,"Dimapur-Kohima Peducha 4-Lane, Wokha, Nagaland",Documented debris_flow triggered by downpour in Wokha.,Dimapur-Kohima Peducha 4-Lane,5km,debris_flow,downpour,medium,natural_slope,0,0,Southwest Monsoon,,Geotechnical survey record from GSI NLSM & State Disaster Registries.,gsi_nesac_catalog_expanded,NER-2022-001510,India,IN,Nagaland,1200000,Wokha,10.5,2022-09-23 00:00:00,2022-09-23 00:00:00,2024-02-01 00:00:00,94.61689,26.92871,2022,9,23,-0.866,-0.5,True,Nagaland,True,regional_survey_gis
GSI NLSM & ISRO Disaster Registries,https://bhukosh.gsi.gov.in,NER-2020-001513,2020-07-05 00:00:00,12:00,"Baramura Slopes, Unakoti, Tripura",Documented mudslide triggered by cloudburst in Unakoti.,Baramura Slopes,5km,mudslide,cloudburst,medium,natural_slope,0,0,Southwest Monsoon,,Geotechnical survey record from GSI NLSM & State Disaster Registries.,gsi_nesac_catalog_expanded,NER-2020-001513,India,IN,Tripura,1200000,Unakoti,10.5,2020-07-05 00:00:00,2020-07-05 00:00:00,2024-02-01 00:00:00,92.13818,24.19602,2020,7,5,0.0,-1.0,True,Tripura,True,regional_survey_gis
GSI NLSM & ISRO Disaster Registries,https://bhukosh.gsi.gov.in,NER-2016-001514,2016-04-04 00:00:00,12:00,"Champhai-Zokhawthar Road, Lunglei, Mizoram",Documented landslide triggered by downpour in Lunglei.,Champhai-Zokhawthar Road,5km,landslide,downpour,medium,natural_slope,0,0,Pre-monsoon Storm,,Geotechnical survey record from GSI NLSM & State Disaster Registries.,gsi_nesac_catalog_expanded,NER-2016-001514,India,IN,Mizoram,1200000,Lunglei,10.5,2016-04-04 00:00:00,2016-04-04 00:00:00,2024-02-01 00:00:00,92.99888,23.68758,2016,4,4,1.0,0.0,True,Mizoram,True,regional_survey_gis
GSI NLSM & ISRO Disaster Registries,https://bhukosh.gsi.gov.in,NER-2017-001515,2017-06-24 00:00:00,12:00,"Mahur-Harangajao Railway Hill Section, Karbi Anglong, Assam",Documented slope_failure triggered by cloudburst in Karbi Anglong.,Mahur-Harangajao Railway Hill Section,5km,slope_failure,cloudburst,small,natural_slope,0,0,Southwest Monsoon,,Geotechnical survey record from GSI NLSM & State Disaster Registries.,gsi_nesac_catalog_expanded,NER-2017-001515,India,IN,Assam,1200000,Karbi Anglong,10.5,2017-06-24 00:00:00,2017-06-24 00:00:00,2024-02-01 00:00:00,93.02665,26.62337,2017,6,24,0.5,-0.866,True,Assam,True,regional_survey_gis
GSI NLSM & ISRO Disaster Registries,https://bhukosh.gsi.gov.in,NER-2015-001517,2015-06-18 00:00:00,12:00,"Namchi-Jorethang, South Sikkim, Sikkim",Documented landslide triggered by cloudburst in South Sikkim.,Namchi-Jorethang,5km,landslide,cloudburst,medium,natural_slope,0,0,Southwest Monsoon,,Geotechnical survey record from GSI NLSM & State Disaster Registries.,gsi_nesac_catalog_expanded,NER-2015-001517,India,IN,Sikkim,1200000,South Sikkim,10.5,2015-06-18 00:00:00,2015-06-18 00:00:00,2024-02-01 00:00:00,88.29812,27.81416,2015,6,18,0.5,-0.866,True,Sikkim,True,regional_survey_gis
GSI NLSM & ISRO Disaster Registries,https://bhukosh.gsi.gov.in,NER-2021-001518,2021-06-17 00:00:00,12:00,"Dzüdza-Phesama NH-29, Wokha, Nagaland",Documented slope_failure triggered by continuous_rain in Wokha.,Dzüdza-Phesama NH-29,5km,slope_failure,continuous_rain,medium,above_road,0,0,Southwest Monsoon,,Geotechnical survey record from GSI NLSM & State Disaster Registries.,gsi_nesac_catalog_expanded,NER-2021-001518,India,IN,Nagaland,1200000,Wokha,10.5,2021-06-17 00:00:00,2021-06-17 00:00:00,2024-02-01 00:00:00,93.91159,25.81462,2021,6,17,0.5,-0.866,True,Nagaland,True,regional_survey_gis
GSI NLSM & ISRO Disaster Registries,https://bhukosh.gsi.gov.in,NER-2016-001521,2016-07-06 00:00:00,12:00,"Mon-Tobu Highway, Mon, Nagaland",Documented landslide triggered by monsoon in Mon.,Mon-Tobu Highway,5km,landslide,monsoon,small,above_road,0,0,Southwest Monsoon,,Geotechnical survey record from GSI NLSM & State Disaster Registries.,gsi_nesac_catalog_expanded,NER-2016-001521,India,IN,Nagaland,1200000,Mon,10.5,2016-07-06 00:00:00,2016-07-06 00:00:00,2024-02-01 00:00:00,94.70522,26.67487,2016,7,6,0.0,-1.0,True,Nagaland,True,regional_survey_gis
GSI NLSM & ISRO Disaster Registries,https://bhukosh.gsi.gov.in,NER-2020-001522,2020-06-26 00:00:00,12:00,"Dzongu, East Sikkim, Sikkim",Documented landslide triggered by downpour in East Sikkim.,Dzongu,5km,landslide,downpour,large,natural_slope,0,0,Southwest Monsoon,,Geotechnical survey record from GSI NLSM & State Disaster Registries.,gsi_nesac_catalog_expanded,NER-2020-001522,India,IN,Sikkim,1200000,East Sikkim,10.5,2020-06-26 00:00:00,2020-06-26 00:00:00,2024-02-01 00:00:00,88.28584,27.79048,2020,6,26,0.5,-0.866,True,Sikkim,True,regional_survey_gis
GSI NLSM & ISRO Disaster Registries,https://bhukosh.gsi.gov.in,NER-2015-001523,2015-06-09 00:00:00,12:00,"Champhai-Zokhawthar Road, Aizawl, Mizoram",Documented mudslide triggered by downpour in Aizawl.,Champhai-Zokhawthar Road,5km,mudslide,downpour,medium,natural_slope,0,0,Southwest Monsoon,,Geotechnical survey record from GSI NLSM & State Disaster Registries.,gsi_nesac_catalog_expanded,NER-2015-001523,India,IN,Mizoram,1200000,Aizawl,10.5,2015-06-09 00:00:00,2015-06-09 00:00:00,2024-02-01 00:00:00,93.11261,22.6576,2015,6,9,0.5,-0.866,True,Mizoram,True,regional_survey_gis
GSI NLSM & ISRO Disaster Registries,https://bhukosh.gsi.gov.in,NER-2021-001524,2021-07-16 00:00:00,12:00,"Champhai-Zokhawthar Road, Champhai, Mizoram",Documented debris_flow triggered by continuous_rain in Champhai.,Champhai-Zokhawthar Road,5km,debris_flow,continuous_rain,small,natural_slope,0,0,Southwest Monsoon,,Geotechnical survey record from GSI NLSM & State Disaster Registries.,gsi_nesac_catalog_expanded,NER-2021-001524,India,IN,Mizoram,1200000,Champhai,10.5,2021-07-16 00:00:00,2021-07-16 00:00:00,2024-02-01 00:00:00,92.46466,21.93103,2021,7,16,0.0,-1.0,True,Mizoram,True,regional_survey_gis
GSI NLSM & ISRO Disaster Registries,https://bhukosh.gsi.gov.in,NER-2020-001526,2020-05-25 00:00:00,12:00,"Jorabat-Nongpoh NH-6, South West Khasi Hills, Meghalaya",Documented slope_failure triggered by cloudburst in South West Khasi Hills.,Jorabat-Nongpoh NH-6,5km,slope_failure,cloudburst,medium,above_road,0,0,Pre-monsoon Storm,,Geotechnical survey record from GSI NLSM & State Disaster Registries.,gsi_nesac_catalog_expanded,NER-2020-001526,India,IN,Meghalaya,1200000,South West Khasi Hills,10.5,2020-05-25 00:00:00,2020-05-25 00:00:00,2024-02-01 00:00:00,91.01114,25.84036,2020,5,25,0.866,-0.5,True,Meghalaya,True,regional_survey_gis
GSI NLSM & ISRO Disaster Registries,https://bhukosh.gsi.gov.in,NER-2021-001527,2021-08-25 00:00:00,12:00,"Cherrapunji-Sohra Escarpment, East Khasi Hills, Meghalaya",Documented debris_flow triggered by monsoon in East Khasi Hills.,Cherrapunji-Sohra Escarpment,5km,debris_flow,monsoon,small,natural_slope,0,0,Southwest Monsoon,,Geotechnical survey record from GSI NLSM & State Disaster Registries.,gsi_nesac_catalog_expanded,NER-2021-001527,India,IN,Meghalaya,1200000,East Khasi Hills,10.5,2021-08-25 00:00:00,2021-08-25 00:00:00,2024-02-01 00:00:00,92.68667,25.5921,2021,8,25,-0.5,-0.866,True,Meghalaya,True,regional_survey_gis
GSI NLSM & ISRO Disaster Registries,https://bhukosh.gsi.gov.in,NER-2020-001528,2020-09-19 00:00:00,12:00,"Ukhrul-Jessami Road, Senapati, Manipur",Documented slope_failure triggered by continuous_rain in Senapati.,Ukhrul-Jessami Road,5km,slope_failure,continuous_rain,medium,natural_slope,0,0,Southwest Monsoon,,Geotechnical survey record from GSI NLSM & State Disaster Registries.,gsi_nesac_catalog_expanded,NER-2020-001528,India,IN,Manipur,1200000,Senapati,10.5,2020-09-19 00:00:00,2020-09-19 00:00:00,2024-02-01 00:00:00,93.48944,24.06307,2020,9,19,-0.866,-0.5,True,Manipur,True,regional_survey_gis
GSI NLSM & ISRO Disaster Registries,https://bhukosh.gsi.gov.in,NER-2019-001529,2019-09-04 00:00:00,12:00,"Khongsang-Nungba NH-37, Tamenglong, Manipur",Documented rockfall triggered by downpour in Tamenglong.,Khongsang-Nungba NH-37,5km,rockfall,downpour,medium,above_road,0,0,Southwest Monsoon,,Geotechnical survey record from GSI NLSM & State Disaster Registries.,gsi_nesac_catalog_expanded,NER-2019-001529,India,IN,Manipur,1200000,Tamenglong,10.5,2019-09-04 00:00:00,2019-09-04 00:00:00,2024-02-01 00:00:00,93.51448,24.17205,2019,9,4,-0.866,-0.5,True,Manipur,True,regional_survey_gis
GSI NLSM & ISRO Disaster Registries,https://bhukosh.gsi.gov.in,NER-2017-001530,2017-06-11 00:00:00,12:00,"Mon-Tobu Highway, Tuensang, Nagaland",Documented slope_failure triggered by monsoon in Tuensang.,Mon-Tobu Highway,5km,slope_failure,monsoon,medium,above_road,0,0,Southwest Monsoon,,Geotechnical survey record from GSI NLSM & State Disaster Registries.,gsi_nesac_catalog_expanded,NER-2017-001530,India,IN,Nagaland,1200000,Tuensang,10.5,2017-06-11 00:00:00,2017-06-11 00:00:00,2024-02-01 00:00:00,94.38277,26.88867,2017,6,11,0.5,-0.866,True,Nagaland,True,regional_survey_gis
GSI NLSM & ISRO Disaster Registries,https://bhukosh.gsi.gov.in,NER-2022-001532,2022-06-13 00:00:00,12:00,"Sonapur Tunnel Highway, West Garo Hills, Meghalaya",Documented mudslide triggered by downpour in West Garo Hills.,Sonapur Tunnel Highway,5km,mudslide,downpour,medium,above_road,0,0,Southwest Monsoon,,Geotechnical survey record from GSI NLSM & State Disaster Registries.,gsi_nesac_catalog_expanded,NER-2022-001532,India,IN,Meghalaya,1200000,West Garo Hills,10.5,2022-06-13 00:00:00,2022-06-13 00:00:00,2024-02-01 00:00:00,91.54434,25.70714,2022,6,13,0.5,-0.866,True,Meghalaya,True,regional_survey_gis
GSI NLSM & ISRO Disaster Registries,https://bhukosh.gsi.gov.in,NER-2021-001533,2021-08-14 00:00:00,12:00,"Phek-Pfutsero Pass, Dimapur, Nagaland",Documented landslide triggered by downpour in Dimapur.,Phek-Pfutsero Pass,5km,landslide,downpour,small,natural_slope,0,0,Southwest Monsoon,,Geotechnical survey record from GSI NLSM & State Disaster Registries.,gsi_nesac_catalog_expanded,NER-2021-001533,India,IN,Nagaland,1200000,Dimapur,10.5,2021-08-14 00:00:00,2021-08-14 00:00:00,2024-02-01 00:00:00,94.6104,26.17997,2021,8,14,-0.5,-0.866,True,Nagaland,True,regional_survey_gis
GSI NLSM & ISRO Disaster Registries,https://bhukosh.gsi.gov.in,NER-2019-001534,2019-07-09 00:00:00,12:00,"Lachen-Lachung Valley, Pakyong, Sikkim",Documented mudslide triggered by downpour in Pakyong.,Lachen-Lachung Valley,5km,mudslide,downpour,medium,natural_slope,0,0,Southwest Monsoon,,Geotechnical survey record from GSI NLSM & State Disaster Registries.,gsi_nesac_catalog_expanded,NER-2019-001534,India,IN,Sikkim,1200000,Pakyong,10.5,2019-07-09 00:00:00,2019-07-09 00:00:00,2024-02-01 00:00:00,88.05196,27.76405,2019,7,9,0.0,-1.0,True,Sikkim,True,regional_survey_gis
GSI NLSM & ISRO Disaster Registries,https://bhukosh.gsi.gov.in,NER-2018-001536,2018-06-10 00:00:00,12:00,"Namchi-Jorethang, Pakyong, Sikkim",Documented rockfall triggered by downpour in Pakyong.,Namchi-Jorethang,5km,rockfall,downpour,medium,natural_slope,0,0,Southwest Monsoon,,Geotechnical survey record from GSI NLSM & State Disaster Registries.,gsi_nesac_catalog_expanded,NER-2018-001536,India,IN,Sikkim,1200000,Pakyong,10.5,2018-06-10 00:00:00,2018-06-10 00:00:00,2024-02-01 00:00:00,88.05549,27.60588,2018,6,10,0.5,-0.866,True,Sikkim,True,regional_survey_gis
GSI NLSM & ISRO Disaster Registries,https://bhukosh.gsi.gov.in,NER-2016-001537,2016-08-02 00:00:00,12:00,"Atharamura Range NH-8, Dhalai, Tripura",Documented rockfall triggered by cloudburst in Dhalai.,Atharamura Range NH-8,5km,rockfall,cloudburst,medium,above_road,0,0,Southwest Monsoon,,Geotechnical survey record from GSI NLSM & State Disaster Registries.,gsi_nesac_catalog_expanded,NER-2016-001537,India,IN,Tripura,1200000,Dhalai,10.5,2016-08-02 00:00:00,2016-08-02 00:00:00,2024-02-01 00:00:00,91.43187,23.41719,2016,8,2,-0.5,-0.866,True,Tripura,True,regional_survey_gis
GSI NLSM & ISRO Disaster Registries,https://bhukosh.gsi.gov.in,NER-2019-001538,2019-07-25 00:00:00,12:00,"Pasighat-Pangin, Changlang, Arunachal Pradesh",Documented slope_failure triggered by continuous_rain in Changlang.,Pasighat-Pangin,5km,slope_failure,continuous_rain,small,natural_slope,0,0,Southwest Monsoon,,Geotechnical survey record from GSI NLSM & State Disaster Registries.,gsi_nesac_catalog_expanded,NER-2019-001538,India,IN,Arunachal Pradesh,1200000,Changlang,10.5,2019-07-25 00:00:00,2019-07-25 00:00:00,2024-02-01 00:00:00,95.044,28.83856,2019,7,25,0.0,-1.0,True,Arunachal Pradesh,True,regional_survey_gis
GSI NLSM & ISRO Disaster Registries,https://bhukosh.gsi.gov.in,NER-2021-001540,2021-08-25 00:00:00,12:00,"Itanagar-Naharlagun, Changlang, Arunachal Pradesh",Documented rockfall triggered by downpour in Changlang.,Itanagar-Naharlagun,5km,rockfall,downpour,large,natural_slope,1,0,Southwest Monsoon,,Geotechnical survey record from GSI NLSM & State Disaster Registries.,gsi_nesac_catalog_expanded,NER-2021-001540,India,IN,Arunachal Pradesh,1200000,Changlang,10.5,2021-08-25 00:00:00,2021-08-25 00:00:00,2024-02-01 00:00:00,92.20993,26.90137,2021,8,25,-0.5,-0.866,True,Arunachal Pradesh,True,regional_survey_gis
GSI NLSM & ISRO Disaster Registries,https://bhukosh.gsi.gov.in,NER-2018-001541,2018-04-22 00:00:00,12:00,"Gangtok NH-10, North Sikkim, Sikkim",Documented mudslide triggered by downpour in North Sikkim.,Gangtok NH-10,5km,mudslide,downpour,medium,above_road,0,0,Pre-monsoon Storm,,Geotechnical survey record from GSI NLSM & State Disaster Registries.,gsi_nesac_catalog_expanded,NER-2018-001541,India,IN,Sikkim,1200000,North Sikkim,10.5,2018-04-22 00:00:00,2018-04-22 00:00:00,2024-02-01 00:00:00,88.28441,27.51968,2018,4,22,1.0,0.0,True,Sikkim,True,regional_survey_gis
GSI NLSM & ISRO Disaster Registries,https://bhukosh.gsi.gov.in,NER-2016-001543,2016-05-22 00:00:00,12:00,"Potin-Ziro Highway, Papum Pare, Arunachal Pradesh",Documented mudslide triggered by monsoon in Papum Pare.,Potin-Ziro Highway,5km,mudslide,monsoon,medium,above_road,0,0,Pre-monsoon Storm,,Geotechnical survey record from GSI NLSM & State Disaster Registries.,gsi_nesac_catalog_expanded,NER-2016-001543,India,IN,Arunachal Pradesh,1200000,Papum Pare,10.5,2016-05-22 00:00:00,2016-05-22 00:00:00,2024-02-01 00:00:00,94.93449,28.95627,2016,5,22,0.866,-0.5,True,Arunachal Pradesh,True,regional_survey_gis
GSI NLSM & ISRO Disaster Registries,https://bhukosh.gsi.gov.in,NER-2020-001545,2020-06-06 00:00:00,12:00,"Sonapur Tunnel Highway, Ri-Bhoi, Meghalaya",Documented landslide triggered by monsoon in Ri-Bhoi.,Sonapur Tunnel Highway,5km,landslide,monsoon,medium,above_road,0,0,Southwest Monsoon,,Geotechnical survey record from GSI NLSM & State Disaster Registries.,gsi_nesac_catalog_expanded,NER-2020-001545,India,IN,Meghalaya,1200000,Ri-Bhoi,10.5,2020-06-06 00:00:00,2020-06-06 00:00:00,2024-02-01 00:00:00,91.40658,25.11345,2020,6,6,0.5,-0.866,True,Meghalaya,True,regional_survey_gis
GSI NLSM & ISRO Disaster Registries,https://bhukosh.gsi.gov.in,NER-2015-001546,2015-06-15 00:00:00,12:00,"Roing-Hunli, East Siang, Arunachal Pradesh",Documented slope_failure triggered by downpour in East Siang.,Roing-Hunli,5km,slope_failure,downpour,medium,natural_slope,0,0,Southwest Monsoon,,Geotechnical survey record from GSI NLSM & State Disaster Registries.,gsi_nesac_catalog_expanded,NER-2015-001546,India,IN,Arunachal Pradesh,1200000,East Siang,10.5,2015-06-15 00:00:00,2015-06-15 00:00:00,2024-02-01 00:00:00,95.57283,29.08118,2015,6,15,0.5,-0.866,True,Arunachal Pradesh,True,regional_survey_gis
GSI NLSM & ISRO Disaster Registries,https://bhukosh.gsi.gov.in,NER-2021-001547,2021-07-26 00:00:00,12:00,"Guwahati Hills (Narakasur), Karimganj, Assam",Documented debris_flow triggered by downpour in Karimganj.,Guwahati Hills (Narakasur),5km,debris_flow,downpour,medium,natural_slope,0,0,Southwest Monsoon,,Geotechnical survey record from GSI NLSM & State Disaster Registries.,gsi_nesac_catalog_expanded,NER-2021-001547,India,IN,Assam,1200000,Karimganj,10.5,2021-07-26 00:00:00,2021-07-26 00:00:00,2024-02-01 00:00:00,91.1845,26.93771,2021,7,26,0.0,-1.0,True,Assam,True,regional_survey_gis
GSI NLSM & ISRO Disaster Registries,https://bhukosh.gsi.gov.in,NER-2017-001549,2017-05-18 00:00:00,12:00,"Mangan-Dikchu, West Sikkim, Sikkim",Documented debris_flow triggered by downpour in West Sikkim.,Mangan-Dikchu,5km,debris_flow,downpour,small,natural_slope,0,0,Pre-monsoon Storm,,Geotechnical survey record from GSI NLSM & State Disaster Registries.,gsi_nesac_catalog_expanded,NER-2017-001549,India,IN,Sikkim,1200000,West Sikkim,10.5,2017-05-18 00:00:00,2017-05-18 00:00:00,2024-02-01 00:00:00,88.15656,27.72274,2017,5,18,0.866,-0.5,True,Sikkim,True,regional_survey_gis
GSI NLSM & ISRO Disaster Registries,https://bhukosh.gsi.gov.in,NER-2021-001553,2021-06-23 00:00:00,12:00,"Kolasib-Vairengte NH-54, Champhai, Mizoram",Documented mudslide triggered by continuous_rain in Champhai.,Kolasib-Vairengte NH-54,5km,mudslide,continuous_rain,medium,above_road,0,0,Southwest Monsoon,,Geotechnical survey record from GSI NLSM & State Disaster Registries.,gsi_nesac_catalog_expanded,NER-2021-001553,India,IN,Mizoram,1200000,Champhai,10.5,2021-06-23 00:00:00,2021-06-23 00:00:00,2024-02-01 00:00:00,92.9974,22.42044,2021,6,23,0.5,-0.866,True,Mizoram,True,regional_survey_gis
GSI NLSM & ISRO Disaster Registries,https://bhukosh.gsi.gov.in,NER-2019-001557,2019-07-08 00:00:00,12:00,"Durtlang Ridge Slopes, Aizawl, Mizoram",Documented mudslide triggered by continuous_rain in Aizawl.,Durtlang Ridge Slopes,5km,mudslide,continuous_rain,large,natural_slope,6,0,Southwest Monsoon,,Geotechnical survey record from GSI NLSM & State Disaster Registries.,gsi_nesac_catalog_expanded,NER-2019-001557,India,IN,Mizoram,1200000,Aizawl,10.5,2019-07-08 00:00:00,2019-07-08 00:00:00,2024-02-01 00:00:00,93.37976,22.64244,2019,7,8,0.0,-1.0,True,Mizoram,True,regional_survey_gis
GSI NLSM & ISRO Disaster Registries,https://bhukosh.gsi.gov.in,NER-2017-001558,2017-05-16 00:00:00,12:00,"Mahur-Harangajao Railway Hill Section, Karbi Anglong, Assam",Documented mudslide triggered by cloudburst in Karbi Anglong.,Mahur-Harangajao Railway Hill Section,5km,mudslide,cloudburst,medium,natural_slope,0,0,Pre-monsoon Storm,,Geotechnical survey record from GSI NLSM & State Disaster Registries.,gsi_nesac_catalog_expanded,NER-2017-001558,India,IN,Assam,1200000,Karbi Anglong,10.5,2017-05-16 00:00:00,2017-05-16 00:00:00,2024-02-01 00:00:00,93.29136,24.18439,2017,5,16,0.866,-0.5,True,Assam,True,regional_survey_gis
GSI NLSM & ISRO Disaster Registries,https://bhukosh.gsi.gov.in,NER-2016-001559,2016-07-03 00:00:00,12:00,"Lunglei-Hnahthial Highway, Kolasib, Mizoram",Documented debris_flow triggered by downpour in Kolasib.,Lunglei-Hnahthial Highway,5km,debris_flow,downpour,medium,above_road,0,0,Southwest Monsoon,,Geotechnical survey record from GSI NLSM & State Disaster Registries.,gsi_nesac_catalog_expanded,NER-2016-001559,India,IN,Mizoram,1200000,Kolasib,10.5,2016-07-03 00:00:00,2016-07-03 00:00:00,2024-02-01 00:00:00,93.0506,23.48402,2016,7,3,0.0,-1.0,True,Mizoram,True,regional_survey_gis
GSI NLSM & ISRO Disaster Registries,https://bhukosh.gsi.gov.in,NER-2020-001560,2020-07-12 00:00:00,12:00,"Mao-Maram NH-2, Noney, Manipur",Documented debris_flow triggered by monsoon in Noney.,Mao-Maram NH-2,5km,debris_flow,monsoon,large,above_road,0,0,Southwest Monsoon,,Geotechnical survey record from GSI NLSM & State Disaster Registries.,gsi_nesac_catalog_expanded,NER-2020-001560,India,IN,Manipur,1200000,Noney,10.5,2020-07-12 00:00:00,2020-07-12 00:00:00,2024-02-01 00:00:00,93.23687,25.42612,2020,7,12,0.0,-1.0,True,Manipur,True,regional_survey_gis
GSI NLSM & ISRO Disaster Registries,https://bhukosh.gsi.gov.in,NER-2022-001563,2022-08-15 00:00:00,12:00,"Durtlang Ridge Slopes, Kolasib, Mizoram",Documented landslide triggered by continuous_rain in Kolasib.,Durtlang Ridge Slopes,5km,landslide,continuous_rain,medium,natural_slope,0,0,Southwest Monsoon,,Geotechnical survey record from GSI NLSM & State Disaster Registries.,gsi_nesac_catalog_expanded,NER-2022-001563,India,IN,Mizoram,1200000,Kolasib,10.5,2022-08-15 00:00:00,2022-08-15 00:00:00,2024-02-01 00:00:00,92.57055,22.86308,2022,8,15,-0.5,-0.866,True,Mizoram,True,regional_survey_gis
GSI NLSM & ISRO Disaster Registries,https://bhukosh.gsi.gov.in,NER-2016-001567,2016-08-18 00:00:00,12:00,"Chabimura-Amarpur, North Tripura, Tripura",Documented mudslide triggered by monsoon in North Tripura.,Chabimura-Amarpur,5km,mudslide,monsoon,large,natural_slope,0,2,Southwest Monsoon,,Geotechnical survey record from GSI NLSM & State Disaster Registries.,gsi_nesac_catalog_expanded,NER-2016-001567,India,IN,Tripura,1200000,North Tripura,10.5,2016-08-18 00:00:00,2016-08-18 00:00:00,2024-02-01 00:00:00,91.63233,23.81057,2016,8,18,-0.5,-0.866,True,Tripura,True,regional_survey_gis
GSI NLSM & ISRO Disaster Registries,https://bhukosh.gsi.gov.in,NER-2018-001568,2018-06-10 00:00:00,12:00,"Champhai-Zokhawthar Road, Lawngtlai, Mizoram",Documented landslide triggered by continuous_rain in Lawngtlai.,Champhai-Zokhawthar Road,5km,landslide,continuous_rain,medium,natural_slope,0,0,Southwest Monsoon,,Geotechnical survey record from GSI NLSM & State Disaster Registries.,gsi_nesac_catalog_expanded,NER-2018-001568,India,IN,Mizoram,1200000,Lawngtlai,10.5,2018-06-10 00:00:00,2018-06-10 00:00:00,2024-02-01 00:00:00,92.75374,22.43149,2018,6,10,0.5,-0.866,True,Mizoram,True,regional_survey_gis
GSI NLSM & ISRO Disaster Registries,https://bhukosh.gsi.gov.in,NER-2016-001569,2016-03-10 00:00:00,12:00,"Durtlang Ridge Slopes, Serchhip, Mizoram",Documented mudslide triggered by cloudburst in Serchhip.,Durtlang Ridge Slopes,5km,mudslide,cloudburst,medium,natural_slope,0,0,Pre-monsoon Storm,,Geotechnical survey record from GSI NLSM & State Disaster Registries.,gsi_nesac_catalog_expanded,NER-2016-001569,India,IN,Mizoram,1200000,Serchhip,10.5,2016-03-10 00:00:00,2016-03-10 00:00:00,2024-02-01 00:00:00,92.59759,22.82351,2016,3,10,0.866,0.5,True,Mizoram,True,regional_survey_gis
GSI NLSM & ISRO Disaster Registries,https://bhukosh.gsi.gov.in,NER-2017-001570,2017-06-27 00:00:00,12:00,"Gangtok NH-10, West Sikkim, Sikkim",Documented slope_failure triggered by downpour in West Sikkim.,Gangtok NH-10,5km,slope_failure,downpour,medium,above_road,0,0,Southwest Monsoon,,Geotechnical survey record from GSI NLSM & State Disaster Registries.,gsi_nesac_catalog_expanded,NER-2017-001570,India,IN,Sikkim,1200000,West Sikkim,10.5,2017-06-27 00:00:00,2017-06-27 00:00:00,2024-02-01 00:00:00,88.69466,27.49995,2017,6,27,0.5,-0.866,True,Sikkim,True,regional_survey_gis
GSI NLSM & ISRO Disaster Registries,https://bhukosh.gsi.gov.in,NER-2016-001571,2016-06-18 00:00:00,12:00,"Potin-Ziro Highway, Papum Pare, Arunachal Pradesh",Documented debris_flow triggered by continuous_rain in Papum Pare.,Potin-Ziro Highway,5km,debris_flow,continuous_rain,very_large,above_road,6,1,Southwest Monsoon,,Geotechnical survey record from GSI NLSM & State Disaster Registries.,gsi_nesac_catalog_expanded,NER-2016-001571,India,IN,Arunachal Pradesh,1200000,Papum Pare,10.5,2016-06-18 00:00:00,2016-06-18 00:00:00,2024-02-01 00:00:00,92.48919,27.65595,2016,6,18,0.5,-0.866,True,Arunachal Pradesh,True,regional_survey_gis
GSI NLSM & ISRO Disaster Registries,https://bhukosh.gsi.gov.in,NER-2019-001572,2019-06-15 00:00:00,12:00,"Cherrapunji-Sohra Escarpment, West Garo Hills, Meghalaya",Documented landslide triggered by monsoon in West Garo Hills.,Cherrapunji-Sohra Escarpment,5km,landslide,monsoon,small,natural_slope,0,0,Southwest Monsoon,,Geotechnical survey record from GSI NLSM & State Disaster Registries.,gsi_nesac_catalog_expanded,NER-2019-001572,India,IN,Meghalaya,1200000,West Garo Hills,10.5,2019-06-15 00:00:00,2019-06-15 00:00:00,2024-02-01 00:00:00,91.52595,25.80728,2019,6,15,0.5,-0.866,True,Meghalaya,True,regional_survey_gis
GSI NLSM & ISRO Disaster Registries,https://bhukosh.gsi.gov.in,NER-2017-001573,2017-07-20 00:00:00,12:00,"Ukhrul-Jessami Road, Tamenglong, Manipur",Documented rockfall triggered by road_cutting in Tamenglong.,Ukhrul-Jessami Road,5km,rockfall,road_cutting,medium,natural_slope,0,0,Southwest Monsoon,,Geotechnical survey record from GSI NLSM & State Disaster Registries.,gsi_nesac_catalog_expanded,NER-2017-001573,India,IN,Manipur,1200000,Tamenglong,10.5,2017-07-20 00:00:00,2017-07-20 00:00:00,2024-02-01 00:00:00,93.88509,25.67324,2017,7,20,0.0,-1.0,True,Manipur,True,regional_survey_gis
GSI NLSM & ISRO Disaster Registries,https://bhukosh.gsi.gov.in,NER-2021-001575,2021-07-28 00:00:00,12:00,"Lachen-Lachung Valley, East Sikkim, Sikkim",Documented slope_failure triggered by monsoon in East Sikkim.,Lachen-Lachung Valley,5km,slope_failure,monsoon,small,natural_slope,0,0,Southwest Monsoon,,Geotechnical survey record from GSI NLSM & State Disaster Registries.,gsi_nesac_catalog_expanded,NER-2021-001575,India,IN,Sikkim,1200000,East Sikkim,10.5,2021-07-28 00:00:00,2021-07-28 00:00:00,2024-02-01 00:00:00,88.20678,28.05113,2021,7,28,0.0,-1.0,True,Sikkim,True,regional_survey_gis
GSI NLSM & ISRO Disaster Registries,https://bhukosh.gsi.gov.in,NER-2018-001577,2018-04-13 00:00:00,12:00,"Jorabat-Nongpoh NH-6, West Garo Hills, Meghalaya",Documented slope_failure triggered by continuous_rain in West Garo Hills.,Jorabat-Nongpoh NH-6,5km,slope_failure,continuous_rain,small,above_road,0,0,Pre-monsoon Storm,,Geotechnical survey record from GSI NLSM & State Disaster Registries.,gsi_nesac_catalog_expanded,NER-2018-001577,India,IN,Meghalaya,1200000,West Garo Hills,10.5,2018-04-13 00:00:00,2018-04-13 00:00:00,2024-02-01 00:00:00,92.23094,25.91204,2018,4,13,1.0,0.0,True,Meghalaya,True,regional_survey_gis
GSI NLSM & ISRO Disaster Registries,https://bhukosh.gsi.gov.in,NER-2017-001578,2017-09-08 00:00:00,12:00,"Cherrapunji-Sohra Escarpment, Ri-Bhoi, Meghalaya",Documented landslide triggered by downpour in Ri-Bhoi.,Cherrapunji-Sohra Escarpment,5km,landslide,downpour,medium,natural_slope,0,0,Southwest Monsoon,,Geotechnical survey record from GSI NLSM & State Disaster Registries.,gsi_nesac_catalog_expanded,NER-2017-001578,India,IN,Meghalaya,1200000,Ri-Bhoi,10.5,2017-09-08 00:00:00,2017-09-08 00:00:00,2024-02-01 00:00:00,91.48823,25.40224,2017,9,8,-0.866,-0.5,True,Meghalaya,True,regional_survey_gis
GSI NLSM & ISRO Disaster Registries,https://bhukosh.gsi.gov.in,NER-2019-001580,2019-10-22 00:00:00,12:00,"Laipuitlang-Ramhlun Aizawl, Serchhip, Mizoram",Documented landslide triggered by downpour in Serchhip.,Laipuitlang-Ramhlun Aizawl,5km,landslide,downpour,small,natural_slope,0,0,Pre-monsoon Storm,,Geotechnical survey record from GSI NLSM & State Disaster Registries.,gsi_nesac_catalog_expanded,NER-2019-001580,India,IN,Mizoram,1200000,Serchhip,10.5,2019-10-22 00:00:00,2019-10-22 00:00:00,2024-02-01 00:00:00,93.07154,24.20982,2019,10,22,-1.0,-0.0,True,Mizoram,True,regional_survey_gis
GSI NLSM & ISRO Disaster Registries,https://bhukosh.gsi.gov.in,NER-2021-001582,2021-05-02 00:00:00,12:00,"Mokokchung-Tuli Road, Phek, Nagaland",Documented rockfall triggered by monsoon in Phek.,Mokokchung-Tuli Road,5km,rockfall,monsoon,medium,natural_slope,0,0,Pre-monsoon Storm,,Geotechnical survey record from GSI NLSM & State Disaster Registries.,gsi_nesac_catalog_expanded,NER-2021-001582,India,IN,Nagaland,1200000,Phek,10.5,2021-05-02 00:00:00,2021-05-02 00:00:00,2024-02-01 00:00:00,94.16115,26.82492,2021,5,2,0.866,-0.5,True,Nagaland,True,regional_survey_gis
GSI NLSM & ISRO Disaster Registries,https://bhukosh.gsi.gov.in,NER-2022-001583,2022-04-11 00:00:00,12:00,"Chabimura-Amarpur, West Tripura, Tripura",Documented slope_failure triggered by downpour in West Tripura.,Chabimura-Amarpur,5km,slope_failure,downpour,medium,natural_slope,0,0,Pre-monsoon Storm,,Geotechnical survey record from GSI NLSM & State Disaster Registries.,gsi_nesac_catalog_expanded,NER-2022-001583,India,IN,Tripura,1200000,West Tripura,10.5,2022-04-11 00:00:00,2022-04-11 00:00:00,2024-02-01 00:00:00,91.42255,23.65583,2022,4,11,1.0,0.0,True,Tripura,True,regional_survey_gis
GSI NLSM & ISRO Disaster Registries,https://bhukosh.gsi.gov.in,NER-2017-001584,2017-05-04 00:00:00,12:00,"Lachen-Lachung Valley, West Sikkim, Sikkim",Documented rockfall triggered by downpour in West Sikkim.,Lachen-Lachung Valley,5km,rockfall,downpour,small,natural_slope,0,0,Pre-monsoon Storm,,Geotechnical survey record from GSI NLSM & State Disaster Registries.,gsi_nesac_catalog_expanded,NER-2017-001584,India,IN,Sikkim,1200000,West Sikkim,10.5,2017-05-04 00:00:00,2017-05-04 00:00:00,2024-02-01 00:00:00,88.87422,27.46284,2017,5,4,0.866,-0.5,True,Sikkim,True,regional_survey_gis
GSI NLSM & ISRO Disaster Registries,https://bhukosh.gsi.gov.in,NER-2008-001585,2008-06-13 00:00:00,12:00,"Shillong-Dawki NH-40, East Khasi Hills, Meghalaya",Documented landslide triggered by downpour in East Khasi Hills.,Shillong-Dawki NH-40,5km,landslide,downpour,large,above_road,0,2,Southwest Monsoon,,Geotechnical survey record from GSI NLSM & State Disaster Registries.,gsi_nesac_catalog_expanded,NER-2008-001585,India,IN,Meghalaya,1200000,East Khasi Hills,10.5,2008-06-13 00:00:00,2008-06-13 00:00:00,2024-02-01 00:00:00,92.07449,26.06089,2008,6,13,0.5,-0.866,True,Meghalaya,True,regional_survey_gis
GSI NLSM & ISRO Disaster Registries,https://bhukosh.gsi.gov.in,NER-2018-001586,2018-09-13 00:00:00,12:00,"Phek-Pfutsero Pass, Mon, Nagaland",Documented landslide triggered by monsoon in Mon.,Phek-Pfutsero Pass,5km,landslide,monsoon,small,natural_slope,0,0,Southwest Monsoon,,Geotechnical survey record from GSI NLSM & State Disaster Registries.,gsi_nesac_catalog_expanded,NER-2018-001586,India,IN,Nagaland,1200000,Mon,10.5,2018-09-13 00:00:00,2018-09-13 00:00:00,2024-02-01 00:00:00,94.85099,26.34507,2018,9,13,-0.866,-0.5,True,Nagaland,True,regional_survey_gis
GSI NLSM & ISRO Disaster Registries,https://bhukosh.gsi.gov.in,NER-2019-001587,2019-07-25 00:00:00,12:00,"Gangtok NH-10, West Sikkim, Sikkim",Documented landslide triggered by downpour in West Sikkim.,Gangtok NH-10,5km,landslide,downpour,large,above_road,0,1,Southwest Monsoon,,Geotechnical survey record from GSI NLSM & State Disaster Registries.,gsi_nesac_catalog_expanded,NER-2019-001587,India,IN,Sikkim,1200000,West Sikkim,10.5,2019-07-25 00:00:00,2019-07-25 00:00:00,2024-02-01 00:00:00,88.31622,27.73653,2019,7,25,0.0,-1.0,True,Sikkim,True,regional_survey_gis
GSI NLSM & ISRO Disaster Registries,https://bhukosh.gsi.gov.in,NER-2012-001588,2012-07-06 00:00:00,12:00,"Namchi-Jorethang, Soreng, Sikkim",Documented debris_flow triggered by downpour in Soreng.,Namchi-Jorethang,5km,debris_flow,downpour,medium,natural_slope,0,0,Southwest Monsoon,,Geotechnical survey record from GSI NLSM & State Disaster Registries.,gsi_nesac_catalog_expanded,NER-2012-001588,India,IN,Sikkim,1200000,Soreng,10.5,2012-07-06 00:00:00,2012-07-06 00:00:00,2024-02-01 00:00:00,88.29967,27.33145,2012,7,6,0.0,-1.0,True,Sikkim,True,regional_survey_gis
GSI NLSM & ISRO Disaster Registries,https://bhukosh.gsi.gov.in,NER-2013-001589,2013-06-06 00:00:00,12:00,"Dimapur-Kohima Peducha 4-Lane, Wokha, Nagaland",Documented slope_failure triggered by downpour in Wokha.,Dimapur-Kohima Peducha 4-Lane,5km,slope_failure,downpour,medium,natural_slope,0,0,Southwest Monsoon,,Geotechnical survey record from GSI NLSM & State Disaster Registries.,gsi_nesac_catalog_expanded,NER-2013-001589,India,IN,Nagaland,1200000,Wokha,10.5,2013-06-06 00:00:00,2013-06-06 00:00:00,2024-02-01 00:00:00,94.5031,26.76347,2013,6,6,0.5,-0.866,True,Nagaland,True,regional_survey_gis
GSI NLSM & ISRO Disaster Registries,https://bhukosh.gsi.gov.in,NER-2018-001590,2018-05-13 00:00:00,12:00,"Mon-Tobu Highway, Phek, Nagaland",Documented mudslide triggered by monsoon in Phek.,Mon-Tobu Highway,5km,mudslide,monsoon,medium,above_road,0,0,Pre-monsoon Storm,,Geotechnical survey record from GSI NLSM & State Disaster Registries.,gsi_nesac_catalog_expanded,NER-2018-001590,India,IN,Nagaland,1200000,Phek,10.5,2018-05-13 00:00:00,2018-05-13 00:00:00,2024-02-01 00:00:00,94.4655,26.92304,2018,5,13,0.866,-0.5,True,Nagaland,True,regional_survey_gis
GSI NLSM & ISRO Disaster Registries,https://bhukosh.gsi.gov.in,NER-2021-001592,2021-03-23 00:00:00,12:00,"Dimapur-Kohima Peducha 4-Lane, Mon, Nagaland",Documented landslide triggered by downpour in Mon.,Dimapur-Kohima Peducha 4-Lane,5km,landslide,downpour,medium,natural_slope,0,0,Pre-monsoon Storm,,Geotechnical survey record from GSI NLSM & State Disaster Registries.,gsi_nesac_catalog_expanded,NER-2021-001592,India,IN,Nagaland,1200000,Mon,10.5,2021-03-23 00:00:00,2021-03-23 00:00:00,2024-02-01 00:00:00,94.61682,26.18325,2021,3,23,0.866,0.5,True,Nagaland,True,regional_survey_gis
GSI NLSM & ISRO Disaster Registries,https://bhukosh.gsi.gov.in,NER-2021-001595,2021-07-05 00:00:00,12:00,"Wokha-Doyang Valley, Tuensang, Nagaland",Documented landslide triggered by downpour in Tuensang.,Wokha-Doyang Valley,5km,landslide,downpour,large,natural_slope,0,1,Southwest Monsoon,,Geotechnical survey record from GSI NLSM & State Disaster Registries.,gsi_nesac_catalog_expanded,NER-2021-001595,India,IN,Nagaland,1200000,Tuensang,10.5,2021-07-05 00:00:00,2021-07-05 00:00:00,2024-02-01 00:00:00,94.46847,26.0671,2021,7,5,0.0,-1.0,True,Nagaland,True,regional_survey_gis
GSI NLSM & ISRO Disaster Registries,https://bhukosh.gsi.gov.in,NER-2016-001596,2016-09-15 00:00:00,12:00,"Dimapur-Kohima Peducha 4-Lane, Tuensang, Nagaland",Documented mudslide triggered by continuous_rain in Tuensang.,Dimapur-Kohima Peducha 4-Lane,5km,mudslide,continuous_rain,medium,natural_slope,0,0,Southwest Monsoon,,Geotechnical survey record from GSI NLSM & State Disaster Registries.,gsi_nesac_catalog_expanded,NER-2016-001596,India,IN,Nagaland,1200000,Tuensang,10.5,2016-09-15 00:00:00,2016-09-15 00:00:00,2024-02-01 00:00:00,94.51524,26.69791,2016,9,15,-0.866,-0.5,True,Nagaland,True,regional_survey_gis
GSI NLSM & ISRO Disaster Registries,https://bhukosh.gsi.gov.in,NER-2019-001597,2019-09-20 00:00:00,12:00,"Khongsang-Nungba NH-37, Churachandpur, Manipur",Documented rockfall triggered by continuous_rain in Churachandpur.,Khongsang-Nungba NH-37,5km,rockfall,continuous_rain,large,above_road,0,0,Southwest Monsoon,,Geotechnical survey record from GSI NLSM & State Disaster Registries.,gsi_nesac_catalog_expanded,NER-2019-001597,India,IN,Manipur,1200000,Churachandpur,10.5,2019-09-20 00:00:00,2019-09-20 00:00:00,2024-02-01 00:00:00,93.61084,25.03553,2019,9,20,-0.866,-0.5,True,Manipur,True,regional_survey_gis
GSI NLSM & ISRO Disaster Registries,https://bhukosh.gsi.gov.in,NER-2016-001601,2016-04-20 00:00:00,12:00,"Dimapur-Kohima Peducha 4-Lane, Phek, Nagaland",Documented slope_failure triggered by monsoon in Phek.,Dimapur-Kohima Peducha 4-Lane,5km,slope_failure,monsoon,small,natural_slope,0,0,Pre-monsoon Storm,,Geotechnical survey record from GSI NLSM & State Disaster Registries.,gsi_nesac_catalog_expanded,NER-2016-001601,India,IN,Nagaland,1200000,Phek,10.5,2016-04-20 00:00:00,2016-04-20 00:00:00,2024-02-01 00:00:00,94.00952,25.79498,2016,4,20,1.0,0.0,True,Nagaland,True,regional_survey_gis
GSI NLSM & ISRO Disaster Registries,https://bhukosh.gsi.gov.in,NER-2021-001602,2021-07-17 00:00:00,12:00,"Wokha-Doyang Valley, Phek, Nagaland",Documented debris_flow triggered by continuous_rain in Phek.,Wokha-Doyang Valley,5km,debris_flow,continuous_rain,small,natural_slope,0,0,Southwest Monsoon,,Geotechnical survey record from GSI NLSM & State Disaster Registries.,gsi_nesac_catalog_expanded,NER-2021-001602,India,IN,Nagaland,1200000,Phek,10.5,2021-07-17 00:00:00,2021-07-17 00:00:00,2024-02-01 00:00:00,94.55102,27.00811,2021,7,17,0.0,-1.0,True,Nagaland,True,regional_survey_gis
GSI NLSM & ISRO Disaster Registries,https://bhukosh.gsi.gov.in,NER-2021-001603,2021-08-02 00:00:00,12:00,"Durtlang Ridge Slopes, Champhai, Mizoram",Documented debris_flow triggered by downpour in Champhai.,Durtlang Ridge Slopes,5km,debris_flow,downpour,small,natural_slope,0,0,Southwest Monsoon,,Geotechnical survey record from GSI NLSM & State Disaster Registries.,gsi_nesac_catalog_expanded,NER-2021-001603,India,IN,Mizoram,1200000,Champhai,10.5,2021-08-02 00:00:00,2021-08-02 00:00:00,2024-02-01 00:00:00,93.03832,24.2656,2021,8,2,-0.5,-0.866,True,Mizoram,True,regional_survey_gis
GSI NLSM & ISRO Disaster Registries,https://bhukosh.gsi.gov.in,NER-2017-001605,2017-08-26 00:00:00,12:00,"Jampui Hills Vanghmun, North Tripura, Tripura",Documented landslide triggered by downpour in North Tripura.,Jampui Hills Vanghmun,5km,landslide,downpour,medium,natural_slope,0,0,Southwest Monsoon,,Geotechnical survey record from GSI NLSM & State Disaster Registries.,gsi_nesac_catalog_expanded,NER-2017-001605,India,IN,Tripura,1200000,North Tripura,10.5,2017-08-26 00:00:00,2017-08-26 00:00:00,2024-02-01 00:00:00,91.5308,23.86263,2017,8,26,-0.5,-0.866,True,Tripura,True,regional_survey_gis
GSI NLSM & ISRO Disaster Registries,https://bhukosh.gsi.gov.in,NER-2016-001607,2016-08-18 00:00:00,12:00,"Bhalukpong-Bomdila NH-13, West Kameng, Arunachal Pradesh",Documented mudslide triggered by downpour in West Kameng.,Bhalukpong-Bomdila NH-13,5km,mudslide,downpour,medium,above_road,0,0,Southwest Monsoon,,Geotechnical survey record from GSI NLSM & State Disaster Registries.,gsi_nesac_catalog_expanded,NER-2016-001607,India,IN,Arunachal Pradesh,1200000,West Kameng,10.5,2016-08-18 00:00:00,2016-08-18 00:00:00,2024-02-01 00:00:00,92.14574,26.97007,2016,8,18,-0.5,-0.866,True,Arunachal Pradesh,True,regional_survey_gis
GSI NLSM & ISRO Disaster Registries,https://bhukosh.gsi.gov.in,NER-2020-001608,2020-07-03 00:00:00,12:00,"Kailashahar Hill Tracts, West Tripura, Tripura",Documented landslide triggered by downpour in West Tripura.,Kailashahar Hill Tracts,5km,landslide,downpour,medium,natural_slope,0,0,Southwest Monsoon,,Geotechnical survey record from GSI NLSM & State Disaster Registries.,gsi_nesac_catalog_expanded,NER-2020-001608,India,IN,Tripura,1200000,West Tripura,10.5,2020-07-03 00:00:00,2020-07-03 00:00:00,2024-02-01 00:00:00,91.74255,24.29119,2020,7,3,0.0,-1.0,True,Tripura,True,regional_survey_gis
GSI NLSM & ISRO Disaster Registries,https://bhukosh.gsi.gov.in,NER-2018-001609,2018-09-03 00:00:00,12:00,"Pasighat-Pangin, Papum Pare, Arunachal Pradesh",Documented landslide triggered by downpour in Papum Pare.,Pasighat-Pangin,5km,landslide,downpour,small,natural_slope,0,0,Southwest Monsoon,,Geotechnical survey record from GSI NLSM & State Disaster Registries.,gsi_nesac_catalog_expanded,NER-2018-001609,India,IN,Arunachal Pradesh,1200000,Papum Pare,10.5,2018-09-03 00:00:00,2018-09-03 00:00:00,2024-02-01 00:00:00,92.49396,27.49509,2018,9,3,-0.866,-0.5,True,Arunachal Pradesh,True,regional_survey_gis
GSI NLSM & ISRO Disaster Registries,https://bhukosh.gsi.gov.in,NER-2016-001610,2016-07-23 00:00:00,12:00,"Silchar Foothills, Hailakandi, Assam",Documented mudslide triggered by downpour in Hailakandi.,Silchar Foothills,5km,mudslide,downpour,medium,natural_slope,0,0,Southwest Monsoon,,Geotechnical survey record from GSI NLSM & State Disaster Registries.,gsi_nesac_catalog_expanded,NER-2016-001610,India,IN,Assam,1200000,Hailakandi,10.5,2016-07-23 00:00:00,2016-07-23 00:00:00,2024-02-01 00:00:00,93.08345,26.59413,2016,7,23,0.0,-1.0,True,Assam,True,regional_survey_gis
GSI NLSM & ISRO Disaster Registries,https://bhukosh.gsi.gov.in,NER-2017-001611,2017-08-22 00:00:00,12:00,"Jorabat-Nongpoh NH-6, South West Khasi Hills, Meghalaya",Documented rockfall triggered by downpour in South West Khasi Hills.,Jorabat-Nongpoh NH-6,5km,rockfall,downpour,medium,above_road,0,0,Southwest Monsoon,,Geotechnical survey record from GSI NLSM & State Disaster Registries.,gsi_nesac_catalog_expanded,NER-2017-001611,India,IN,Meghalaya,1200000,South West Khasi Hills,10.5,2017-08-22 00:00:00,2017-08-22 00:00:00,2024-02-01 00:00:00,91.52934,25.46932,2017,8,22,-0.5,-0.866,True,Meghalaya,True,regional_survey_gis
GSI NLSM & ISRO Disaster Registries,https://bhukosh.gsi.gov.in,NER-2019-001613,2019-05-15 00:00:00,12:00,"Dzüdza-Phesama NH-29, Wokha, Nagaland",Documented mudslide triggered by continuous_rain in Wokha.,Dzüdza-Phesama NH-29,5km,mudslide,continuous_rain,medium,above_road,0,0,Pre-monsoon Storm,,Geotechnical survey record from GSI NLSM & State Disaster Registries.,gsi_nesac_catalog_expanded,NER-2019-001613,India,IN,Nagaland,1200000,Wokha,10.5,2019-05-15 00:00:00,2019-05-15 00:00:00,2024-02-01 00:00:00,93.99236,25.77188,2019,5,15,0.866,-0.5,True,Nagaland,True,regional_survey_gis
GSI NLSM & ISRO Disaster Registries,https://bhukosh.gsi.gov.in,NER-2016-001614,2016-06-11 00:00:00,12:00,"Itanagar-Naharlagun, Dibang Valley, Arunachal Pradesh",Documented debris_flow triggered by downpour in Dibang Valley.,Itanagar-Naharlagun,5km,debris_flow,downpour,small,natural_slope,0,0,Southwest Monsoon,,Geotechnical survey record from GSI NLSM & State Disaster Registries.,gsi_nesac_catalog_expanded,NER-2016-001614,India,IN,Arunachal Pradesh,1200000,Dibang Valley,10.5,2016-06-11 00:00:00,2016-06-11 00:00:00,2024-02-01 00:00:00,97.18951,28.49717,2016,6,11,0.5,-0.866,True,Arunachal Pradesh,True,regional_survey_gis
GSI NLSM & ISRO Disaster Registries,https://bhukosh.gsi.gov.in,NER-2017-001615,2017-08-18 00:00:00,12:00,"Jorabat-Nongpoh NH-6, East Jaintia Hills, Meghalaya",Documented debris_flow triggered by downpour in East Jaintia Hills.,Jorabat-Nongpoh NH-6,5km,debris_flow,downpour,medium,above_road,0,0,Southwest Monsoon,,Geotechnical survey record from GSI NLSM & State Disaster Registries.,gsi_nesac_catalog_expanded,NER-2017-001615,India,IN,Meghalaya,1200000,East Jaintia Hills,10.5,2017-08-18 00:00:00,2017-08-18 00:00:00,2024-02-01 00:00:00,92.31236,25.35681,2017,8,18,-0.5,-0.866,True,Meghalaya,True,regional_survey_gis
GSI NLSM & ISRO Disaster Registries,https://bhukosh.gsi.gov.in,NER-2019-001617,2019-05-19 00:00:00,12:00,"Mangan-Dikchu, South Sikkim, Sikkim",Documented landslide triggered by downpour in South Sikkim.,Mangan-Dikchu,5km,landslide,downpour,medium,natural_slope,0,0,Pre-monsoon Storm,,Geotechnical survey record from GSI NLSM & State Disaster Registries.,gsi_nesac_catalog_expanded,NER-2019-001617,India,IN,Sikkim,1200000,South Sikkim,10.5,2019-05-19 00:00:00,2019-05-19 00:00:00,2024-02-01 00:00:00,88.31687,27.55736,2019,5,19,0.866,-0.5,True,Sikkim,True,regional_survey_gis
GSI NLSM & ISRO Disaster Registries,https://bhukosh.gsi.gov.in,NER-2017-001618,2017-06-23 00:00:00,12:00,"Roing-Hunli, West Kameng, Arunachal Pradesh",Documented landslide triggered by continuous_rain in West Kameng.,Roing-Hunli,5km,landslide,continuous_rain,medium,natural_slope,0,0,Southwest Monsoon,,Geotechnical survey record from GSI NLSM & State Disaster Registries.,gsi_nesac_catalog_expanded,NER-2017-001618,India,IN,Arunachal Pradesh,1200000,West Kameng,10.5,2017-06-23 00:00:00,2017-06-23 00:00:00,2024-02-01 00:00:00,93.45408,29.24396,2017,6,23,0.5,-0.866,True,Arunachal Pradesh,True,regional_survey_gis
GSI NLSM & ISRO Disaster Registries,https://bhukosh.gsi.gov.in,NER-2020-001619,2020-08-08 00:00:00,12:00,"Sonapur Tunnel Highway, West Garo Hills, Meghalaya",Documented debris_flow triggered by downpour in West Garo Hills.,Sonapur Tunnel Highway,5km,debris_flow,downpour,medium,above_road,0,0,Southwest Monsoon,,Geotechnical survey record from GSI NLSM & State Disaster Registries.,gsi_nesac_catalog_expanded,NER-2020-001619,India,IN,Meghalaya,1200000,West Garo Hills,10.5,2020-08-08 00:00:00,2020-08-08 00:00:00,2024-02-01 00:00:00,91.356,25.44553,2020,8,8,-0.5,-0.866,True,Meghalaya,True,regional_survey_gis
GSI NLSM & ISRO Disaster Registries,https://bhukosh.gsi.gov.in,NER-2019-001621,2019-08-03 00:00:00,12:00,"Sonapur Tunnel Highway, South West Khasi Hills, Meghalaya",Documented mudslide triggered by downpour in South West Khasi Hills.,Sonapur Tunnel Highway,5km,mudslide,downpour,small,above_road,0,0,Southwest Monsoon,,Geotechnical survey record from GSI NLSM & State Disaster Registries.,gsi_nesac_catalog_expanded,NER-2019-001621,India,IN,Meghalaya,1200000,South West Khasi Hills,10.5,2019-08-03 00:00:00,2019-08-03 00:00:00,2024-02-01 00:00:00,91.39056,25.7653,2019,8,3,-0.5,-0.866,True,Meghalaya,True,regional_survey_gis
GSI NLSM & ISRO Disaster Registries,https://bhukosh.gsi.gov.in,NER-2010-001623,2010-07-24 00:00:00,12:00,"Mamit-Bairabi Section, Aizawl, Mizoram",Documented mudslide triggered by continuous_rain in Aizawl.,Mamit-Bairabi Section,5km,mudslide,continuous_rain,medium,natural_slope,0,0,Southwest Monsoon,,Geotechnical survey record from GSI NLSM & State Disaster Registries.,gsi_nesac_catalog_expanded,NER-2010-001623,India,IN,Mizoram,1200000,Aizawl,10.5,2010-07-24 00:00:00,2010-07-24 00:00:00,2024-02-01 00:00:00,93.23294,24.3528,2010,7,24,0.0,-1.0,True,Mizoram,True,regional_survey_gis
GSI NLSM & ISRO Disaster Registries,https://bhukosh.gsi.gov.in,NER-2019-001624,2019-05-19 00:00:00,12:00,"Gangtok NH-10, South Sikkim, Sikkim",Documented debris_flow triggered by continuous_rain in South Sikkim.,Gangtok NH-10,5km,debris_flow,continuous_rain,large,above_road,1,0,Pre-monsoon Storm,,Geotechnical survey record from GSI NLSM & State Disaster Registries.,gsi_nesac_catalog_expanded,NER-2019-001624,India,IN,Sikkim,1200000,South Sikkim,10.5,2019-05-19 00:00:00,2019-05-19 00:00:00,2024-02-01 00:00:00,88.15006,27.66317,2019,5,19,0.866,-0.5,True,Sikkim,True,regional_survey_gis
GSI NLSM & ISRO Disaster Registries,https://bhukosh.gsi.gov.in,NER-2022-001625,2022-04-14 00:00:00,12:00,"Mon-Tobu Highway, Tuensang, Nagaland",Documented slope_failure triggered by continuous_rain in Tuensang.,Mon-Tobu Highway,5km,slope_failure,continuous_rain,small,above_road,0,0,Pre-monsoon Storm,,Geotechnical survey record from GSI NLSM & State Disaster Registries.,gsi_nesac_catalog_expanded,NER-2022-001625,India,IN,Nagaland,1200000,Tuensang,10.5,2022-04-14 00:00:00,2022-04-14 00:00:00,2024-02-01 00:00:00,94.77598,26.63594,2022,4,14,1.0,0.0,True,Nagaland,True,regional_survey_gis
GSI NLSM & ISRO Disaster Registries,https://bhukosh.gsi.gov.in,NER-2022-001628,2022-07-13 00:00:00,12:00,"Mahur-Harangajao Railway Hill Section, Dima Hasao, Assam",Documented debris_flow triggered by continuous_rain in Dima Hasao.,Mahur-Harangajao Railway Hill Section,5km,debris_flow,continuous_rain,medium,natural_slope,0,0,Southwest Monsoon,,Geotechnical survey record from GSI NLSM & State Disaster Registries.,gsi_nesac_catalog_expanded,NER-2022-001628,India,IN,Assam,1200000,Dima Hasao,10.5,2022-07-13 00:00:00,2022-07-13 00:00:00,2024-02-01 00:00:00,91.02955,24.29082,2022,7,13,0.0,-1.0,True,Assam,True,regional_survey_gis
GSI NLSM & ISRO Disaster Registries,https://bhukosh.gsi.gov.in,NER-2020-001629,2020-07-05 00:00:00,12:00,"Shillong-Dawki NH-40, West Khasi Hills, Meghalaya",Documented rockfall triggered by downpour in West Khasi Hills.,Shillong-Dawki NH-40,5km,rockfall,downpour,small,above_road,0,0,Southwest Monsoon,,Geotechnical survey record from GSI NLSM & State Disaster Registries.,gsi_nesac_catalog_expanded,NER-2020-001629,India,IN,Meghalaya,1200000,West Khasi Hills,10.5,2020-07-05 00:00:00,2020-07-05 00:00:00,2024-02-01 00:00:00,92.09748,25.36633,2020,7,5,0.0,-1.0,True,Meghalaya,True,regional_survey_gis
GSI NLSM & ISRO Disaster Registries,https://bhukosh.gsi.gov.in,NER-2018-001630,2018-07-05 00:00:00,12:00,"Kolasib-Vairengte NH-54, Kolasib, Mizoram",Documented debris_flow triggered by continuous_rain in Kolasib.,Kolasib-Vairengte NH-54,5km,debris_flow,continuous_rain,medium,above_road,0,0,Southwest Monsoon,,Geotechnical survey record from GSI NLSM & State Disaster Registries.,gsi_nesac_catalog_expanded,NER-2018-001630,India,IN,Mizoram,1200000,Kolasib,10.5,2018-07-05 00:00:00,2018-07-05 00:00:00,2024-02-01 00:00:00,92.70438,22.9679,2018,7,5,0.0,-1.0,True,Mizoram,True,regional_survey_gis
GSI NLSM & ISRO Disaster Registries,https://bhukosh.gsi.gov.in,NER-2016-001632,2016-07-08 00:00:00,12:00,"Mahur-Harangajao Railway Hill Section, Karbi Anglong, Assam",Documented mudslide triggered by continuous_rain in Karbi Anglong.,Mahur-Harangajao Railway Hill Section,5km,mudslide,continuous_rain,small,natural_slope,0,0,Southwest Monsoon,,Geotechnical survey record from GSI NLSM & State Disaster Registries.,gsi_nesac_catalog_expanded,NER-2016-001632,India,IN,Assam,1200000,Karbi Anglong,10.5,2016-07-08 00:00:00,2016-07-08 00:00:00,2024-02-01 00:00:00,95.72628,26.42856,2016,7,8,0.0,-1.0,True,Assam,True,regional_survey_gis
GSI NLSM & ISRO Disaster Registries,https://bhukosh.gsi.gov.in,NER-2021-001633,2021-02-13 00:00:00,12:00,"Shillong-Dawki NH-40, South West Khasi Hills, Meghalaya",Documented mudslide triggered by downpour in South West Khasi Hills.,Shillong-Dawki NH-40,5km,mudslide,downpour,very_large,above_road,0,0,Pre-monsoon Storm,,Geotechnical survey record from GSI NLSM & State Disaster Registries.,gsi_nesac_catalog_expanded,NER-2021-001633,India,IN,Meghalaya,1200000,South West Khasi Hills,10.5,2021-02-13 00:00:00,2021-02-13 00:00:00,2024-02-01 00:00:00,91.6055,25.77666,2021,2,13,0.5,0.866,True,Meghalaya,True,regional_survey_gis
GSI NLSM & ISRO Disaster Registries,https://bhukosh.gsi.gov.in,NER-2021-001635,2021-08-08 00:00:00,12:00,"Lachen-Lachung Valley, South Sikkim, Sikkim",Documented rockfall triggered by downpour in South Sikkim.,Lachen-Lachung Valley,5km,rockfall,downpour,small,natural_slope,0,0,Southwest Monsoon,,Geotechnical survey record from GSI NLSM & State Disaster Registries.,gsi_nesac_catalog_expanded,NER-2021-001635,India,IN,Sikkim,1200000,South Sikkim,10.5,2021-08-08 00:00:00,2021-08-08 00:00:00,2024-02-01 00:00:00,87.98187,27.86678,2021,8,8,-0.5,-0.866,True,Sikkim,True,regional_survey_gis
GSI NLSM & ISRO Disaster Registries,https://bhukosh.gsi.gov.in,NER-2019-001636,2019-08-02 00:00:00,12:00,"Dzongu, Pakyong, Sikkim",Documented rockfall triggered by downpour in Pakyong.,Dzongu,5km,rockfall,downpour,small,natural_slope,0,0,Southwest Monsoon,,Geotechnical survey record from GSI NLSM & State Disaster Registries.,gsi_nesac_catalog_expanded,NER-2019-001636,India,IN,Sikkim,1200000,Pakyong,10.5,2019-08-02 00:00:00,2019-08-02 00:00:00,2024-02-01 00:00:00,88.22553,28.03481,2019,8,2,-0.5,-0.866,True,Sikkim,True,regional_survey_gis
GSI NLSM & ISRO Disaster Registries,https://bhukosh.gsi.gov.in,NER-2022-001638,2022-06-01 00:00:00,12:00,"Pasighat-Pangin, Dibang Valley, Arunachal Pradesh",Documented landslide triggered by continuous_rain in Dibang Valley.,Pasighat-Pangin,5km,landslide,continuous_rain,small,natural_slope,0,0,Southwest Monsoon,,Geotechnical survey record from GSI NLSM & State Disaster Registries.,gsi_nesac_catalog_expanded,NER-2022-001638,India,IN,Arunachal Pradesh,1200000,Dibang Valley,10.5,2022-06-01 00:00:00,2022-06-01 00:00:00,2024-02-01 00:00:00,92.55999,27.65723,2022,6,1,0.5,-0.866,True,Arunachal Pradesh,True,regional_survey_gis
GSI NLSM & ISRO Disaster Registries,https://bhukosh.gsi.gov.in,NER-2020-001640,2020-07-10 00:00:00,12:00,"Itanagar-Naharlagun, Kurung Kumey, Arunachal Pradesh",Documented debris_flow triggered by monsoon in Kurung Kumey.,Itanagar-Naharlagun,5km,debris_flow,monsoon,medium,natural_slope,0,0,Southwest Monsoon,,Geotechnical survey record from GSI NLSM & State Disaster Registries.,gsi_nesac_catalog_expanded,NER-2020-001640,India,IN,Arunachal Pradesh,1200000,Kurung Kumey,10.5,2020-07-10 00:00:00,2020-07-10 00:00:00,2024-02-01 00:00:00,92.22999,26.88043,2020,7,10,0.0,-1.0,True,Arunachal Pradesh,True,regional_survey_gis
GSI NLSM & ISRO Disaster Registries,https://bhukosh.gsi.gov.in,NER-2019-001642,2019-08-02 00:00:00,12:00,"Durtlang Ridge Slopes, Lawngtlai, Mizoram",Documented slope_failure triggered by downpour in Lawngtlai.,Durtlang Ridge Slopes,5km,slope_failure,downpour,medium,natural_slope,0,0,Southwest Monsoon,,Geotechnical survey record from GSI NLSM & State Disaster Registries.,gsi_nesac_catalog_expanded,NER-2019-001642,India,IN,Mizoram,1200000,Lawngtlai,10.5,2019-08-02 00:00:00,2019-08-02 00:00:00,2024-02-01 00:00:00,93.28586,22.12467,2019,8,2,-0.5,-0.866,True,Mizoram,True,regional_survey_gis
GSI NLSM & ISRO Disaster Registries,https://bhukosh.gsi.gov.in,NER-2016-001643,2016-08-25 00:00:00,12:00,"Dimapur-Kohima Peducha 4-Lane, Dimapur, Nagaland",Documented landslide triggered by continuous_rain in Dimapur.,Dimapur-Kohima Peducha 4-Lane,5km,landslide,continuous_rain,medium,natural_slope,0,0,Southwest Monsoon,,Geotechnical survey record from GSI NLSM & State Disaster Registries.,gsi_nesac_catalog_expanded,NER-2016-001643,India,IN,Nagaland,1200000,Dimapur,10.5,2016-08-25 00:00:00,2016-08-25 00:00:00,2024-02-01 00:00:00,94.48957,26.87945,2016,8,25,-0.5,-0.866,True,Nagaland,True,regional_survey_gis
GSI NLSM & ISRO Disaster Registries,https://bhukosh.gsi.gov.in,NER-2017-001647,2017-05-18 00:00:00,12:00,"Tupul Railway Corridor, Noney, Manipur",Documented slope_failure triggered by downpour in Noney.,Tupul Railway Corridor,5km,slope_failure,downpour,small,natural_slope,0,0,Pre-monsoon Storm,,Geotechnical survey record from GSI NLSM & State Disaster Registries.,gsi_nesac_catalog_expanded,NER-2017-001647,India,IN,Manipur,1200000,Noney,10.5,2017-05-18 00:00:00,2017-05-18 00:00:00,2024-02-01 00:00:00,94.07478,25.19082,2017,5,18,0.866,-0.5,True,Manipur,True,regional_survey_gis
GSI NLSM & ISRO Disaster Registries,https://bhukosh.gsi.gov.in,NER-2016-001651,2016-06-04 00:00:00,12:00,"Jairampur-Pangsau, Kurung Kumey, Arunachal Pradesh",Documented mudslide triggered by cloudburst in Kurung Kumey.,Jairampur-Pangsau,5km,mudslide,cloudburst,very_large,natural_slope,0,1,Southwest Monsoon,,Geotechnical survey record from GSI NLSM & State Disaster Registries.,gsi_nesac_catalog_expanded,NER-2016-001651,India,IN,Arunachal Pradesh,1200000,Kurung Kumey,10.5,2016-06-04 00:00:00,2016-06-04 00:00:00,2024-02-01 00:00:00,92.49447,27.59756,2016,6,4,0.5,-0.866,True,Arunachal Pradesh,True,regional_survey_gis
GSI NLSM & ISRO Disaster Registries,https://bhukosh.gsi.gov.in,NER-2016-001652,2016-08-13 00:00:00,12:00,"Atharamura Range NH-8, West Tripura, Tripura",Documented rockfall triggered by downpour in West Tripura.,Atharamura Range NH-8,5km,rockfall,downpour,medium,above_road,0,0,Southwest Monsoon,,Geotechnical survey record from GSI NLSM & State Disaster Registries.,gsi_nesac_catalog_expanded,NER-2016-001652,India,IN,Tripura,1200000,West Tripura,10.5,2016-08-13 00:00:00,2016-08-13 00:00:00,2024-02-01 00:00:00,91.73623,22.90768,2016,8,13,-0.5,-0.866,True,Tripura,True,regional_survey_gis
GSI NLSM & ISRO Disaster Registries,https://bhukosh.gsi.gov.in,NER-2020-001653,2020-07-17 00:00:00,12:00,"Mahur-Harangajao Railway Hill Section, Kamrup Metro, Assam",Documented debris_flow triggered by continuous_rain in Kamrup Metro.,Mahur-Harangajao Railway Hill Section,5km,debris_flow,continuous_rain,small,natural_slope,0,0,Southwest Monsoon,,Geotechnical survey record from GSI NLSM & State Disaster Registries.,gsi_nesac_catalog_expanded,NER-2020-001653,India,IN,Assam,1200000,Kamrup Metro,10.5,2020-07-17 00:00:00,2020-07-17 00:00:00,2024-02-01 00:00:00,93.12312,26.5556,2020,7,17,0.0,-1.0,True,Assam,True,regional_survey_gis
GSI NLSM & ISRO Disaster Registries,https://bhukosh.gsi.gov.in,NER-2019-001654,2019-08-04 00:00:00,12:00,"Mamit-Bairabi Section, Serchhip, Mizoram",Documented slope_failure triggered by continuous_rain in Serchhip.,Mamit-Bairabi Section,5km,slope_failure,continuous_rain,large,natural_slope,6,0,Southwest Monsoon,,Geotechnical survey record from GSI NLSM & State Disaster Registries.,gsi_nesac_catalog_expanded,NER-2019-001654,India,IN,Mizoram,1200000,Serchhip,10.5,2019-08-04 00:00:00,2019-08-04 00:00:00,2024-02-01 00:00:00,92.62006,23.06137,2019,8,4,-0.5,-0.866,True,Mizoram,True,regional_survey_gis
GSI NLSM & ISRO Disaster Registries,https://bhukosh.gsi.gov.in,NER-2016-001655,2016-05-27 00:00:00,12:00,"Mawsynram-Balat Belt, West Khasi Hills, Meghalaya",Documented landslide triggered by continuous_rain in West Khasi Hills.,Mawsynram-Balat Belt,5km,landslide,continuous_rain,large,natural_slope,0,0,Pre-monsoon Storm,,Geotechnical survey record from GSI NLSM & State Disaster Registries.,gsi_nesac_catalog_expanded,NER-2016-001655,India,IN,Meghalaya,1200000,West Khasi Hills,10.5,2016-05-27 00:00:00,2016-05-27 00:00:00,2024-02-01 00:00:00,91.79803,25.12956,2016,5,27,0.866,-0.5,True,Meghalaya,True,regional_survey_gis
GSI NLSM & ISRO Disaster Registries,https://bhukosh.gsi.gov.in,NER-2019-001656,2019-08-05 00:00:00,12:00,"Sela Pass-Tawang, Lower Subansiri, Arunachal Pradesh",Documented landslide triggered by continuous_rain in Lower Subansiri.,Sela Pass-Tawang,5km,landslide,continuous_rain,small,natural_slope,0,0,Southwest Monsoon,,Geotechnical survey record from GSI NLSM & State Disaster Registries.,gsi_nesac_catalog_expanded,NER-2019-001656,India,IN,Arunachal Pradesh,1200000,Lower Subansiri,10.5,2019-08-05 00:00:00,2019-08-05 00:00:00,2024-02-01 00:00:00,93.66191,29.24136,2019,8,5,-0.5,-0.866,True,Arunachal Pradesh,True,regional_survey_gis
GSI NLSM & ISRO Disaster Registries,https://bhukosh.gsi.gov.in,NER-2020-001657,2020-05-10 00:00:00,12:00,"Kangpokpi Sinking Zone, Noney, Manipur",Documented rockfall triggered by monsoon in Noney.,Kangpokpi Sinking Zone,5km,rockfall,monsoon,small,natural_slope,0,0,Pre-monsoon Storm,,Geotechnical survey record from GSI NLSM & State Disaster Registries.,gsi_nesac_catalog_expanded,NER-2020-001657,India,IN,Manipur,1200000,Noney,10.5,2020-05-10 00:00:00,2020-05-10 00:00:00,2024-02-01 00:00:00,93.52619,24.06323,2020,5,10,0.866,-0.5,True,Manipur,True,regional_survey_gis
GSI NLSM & ISRO Disaster Registries,https://bhukosh.gsi.gov.in,NER-2013-001659,2013-05-11 00:00:00,12:00,"Baramura Slopes, North Tripura, Tripura",Documented rockfall triggered by road_cutting in North Tripura.,Baramura Slopes,5km,rockfall,road_cutting,very_large,natural_slope,0,0,Pre-monsoon Storm,,Geotechnical survey record from GSI NLSM & State Disaster Registries.,gsi_nesac_catalog_expanded,NER-2013-001659,India,IN,Tripura,1200000,North Tripura,10.5,2013-05-11 00:00:00,2013-05-11 00:00:00,2024-02-01 00:00:00,91.45067,24.29148,2013,5,11,0.866,-0.5,True,Tripura,True,regional_survey_gis
GSI NLSM & ISRO Disaster Registries,https://bhukosh.gsi.gov.in,NER-2018-001660,2018-08-03 00:00:00,12:00,"Sela Pass-Tawang, East Siang, Arunachal Pradesh",Documented slope_failure triggered by downpour in East Siang.,Sela Pass-Tawang,5km,slope_failure,downpour,medium,natural_slope,0,0,Southwest Monsoon,,Geotechnical survey record from GSI NLSM & State Disaster Registries.,gsi_nesac_catalog_expanded,NER-2018-001660,India,IN,Arunachal Pradesh,1200000,East Siang,10.5,2018-08-03 00:00:00,2018-08-03 00:00:00,2024-02-01 00:00:00,92.98189,28.28614,2018,8,3,-0.5,-0.866,True,Arunachal Pradesh,True,regional_survey_gis
GSI NLSM & ISRO Disaster Registries,https://bhukosh.gsi.gov.in,NER-2022-001662,2022-06-08 00:00:00,12:00,"Ukhrul-Jessami Road, Noney, Manipur",Documented rockfall triggered by monsoon in Noney.,Ukhrul-Jessami Road,5km,rockfall,monsoon,large,natural_slope,0,0,Southwest Monsoon,,Geotechnical survey record from GSI NLSM & State Disaster Registries.,gsi_nesac_catalog_expanded,NER-2022-001662,India,IN,Manipur,1200000,Noney,10.5,2022-06-08 00:00:00,2022-06-08 00:00:00,2024-02-01 00:00:00,93.2044,25.12648,2022,6,8,0.5,-0.866,True,Manipur,True,regional_survey_gis
GSI NLSM & ISRO Disaster Registries,https://bhukosh.gsi.gov.in,NER-2022-001663,2022-09-14 00:00:00,12:00,"Kangpokpi Sinking Zone, Kangpokpi, Manipur",Documented landslide triggered by continuous_rain in Kangpokpi.,Kangpokpi Sinking Zone,5km,landslide,continuous_rain,medium,natural_slope,0,0,Southwest Monsoon,,Geotechnical survey record from GSI NLSM & State Disaster Registries.,gsi_nesac_catalog_expanded,NER-2022-001663,India,IN,Manipur,1200000,Kangpokpi,10.5,2022-09-14 00:00:00,2022-09-14 00:00:00,2024-02-01 00:00:00,93.13744,25.10938,2022,9,14,-0.866,-0.5,True,Manipur,True,regional_survey_gis
GSI NLSM & ISRO Disaster Registries,https://bhukosh.gsi.gov.in,NER-2018-001664,2018-06-28 00:00:00,12:00,"Haflong-Jatinga NH-54E, Karbi Anglong, Assam",Documented debris_flow triggered by continuous_rain in Karbi Anglong.,Haflong-Jatinga NH-54E,5km,debris_flow,continuous_rain,medium,above_road,0,0,Southwest Monsoon,,Geotechnical survey record from GSI NLSM & State Disaster Registries.,gsi_nesac_catalog_expanded,NER-2018-001664,India,IN,Assam,1200000,Karbi Anglong,10.5,2018-06-28 00:00:00,2018-06-28 00:00:00,2024-02-01 00:00:00,89.87338,27.14762,2018,6,28,0.5,-0.866,True,Assam,True,regional_survey_gis
GSI NLSM & ISRO Disaster Registries,https://bhukosh.gsi.gov.in,NER-2014-001665,2014-06-02 00:00:00,12:00,"Sela Pass-Tawang, Lower Subansiri, Arunachal Pradesh",Documented slope_failure triggered by monsoon in Lower Subansiri.,Sela Pass-Tawang,5km,slope_failure,monsoon,very_large,natural_slope,1,0,Southwest Monsoon,,Geotechnical survey record from GSI NLSM & State Disaster Registries.,gsi_nesac_catalog_expanded,NER-2014-001665,India,IN,Arunachal Pradesh,1200000,Lower Subansiri,10.5,2014-06-02 00:00:00,2014-06-02 00:00:00,2024-02-01 00:00:00,97.11849,27.51669,2014,6,2,0.5,-0.866,True,Arunachal Pradesh,True,regional_survey_gis
GSI NLSM & ISRO Disaster Registries,https://bhukosh.gsi.gov.in,NER-2021-001666,2021-05-22 00:00:00,12:00,"Dzongu, Pakyong, Sikkim",Documented rockfall triggered by downpour in Pakyong.,Dzongu,5km,rockfall,downpour,medium,natural_slope,0,0,Pre-monsoon Storm,,Geotechnical survey record from GSI NLSM & State Disaster Registries.,gsi_nesac_catalog_expanded,NER-2021-001666,India,IN,Sikkim,1200000,Pakyong,10.5,2021-05-22 00:00:00,2021-05-22 00:00:00,2024-02-01 00:00:00,88.12902,27.35307,2021,5,22,0.866,-0.5,True,Sikkim,True,regional_survey_gis
GSI NLSM & ISRO Disaster Registries,https://bhukosh.gsi.gov.in,NER-2018-001670,2018-05-17 00:00:00,12:00,"Rangpo-Singtam, South Sikkim, Sikkim",Documented landslide triggered by monsoon in South Sikkim.,Rangpo-Singtam,5km,landslide,monsoon,large,natural_slope,0,0,Pre-monsoon Storm,,Geotechnical survey record from GSI NLSM & State Disaster Registries.,gsi_nesac_catalog_expanded,NER-2018-001670,India,IN,Sikkim,1200000,South Sikkim,10.5,2018-05-17 00:00:00,2018-05-17 00:00:00,2024-02-01 00:00:00,88.17471,27.48078,2018,5,17,0.866,-0.5,True,Sikkim,True,regional_survey_gis
GSI NLSM & ISRO Disaster Registries,https://bhukosh.gsi.gov.in,NER-2018-001671,2018-05-14 00:00:00,12:00,"Jairampur-Pangsau, Dibang Valley, Arunachal Pradesh",Documented landslide triggered by continuous_rain in Dibang Valley.,Jairampur-Pangsau,5km,landslide,continuous_rain,large,natural_slope,0,0,Pre-monsoon Storm,,Geotechnical survey record from GSI NLSM & State Disaster Registries.,gsi_nesac_catalog_expanded,NER-2018-001671,India,IN,Arunachal Pradesh,1200000,Dibang Valley,10.5,2018-05-14 00:00:00,2018-05-14 00:00:00,2024-02-01 00:00:00,92.46934,27.76026,2018,5,14,0.866,-0.5,True,Arunachal Pradesh,True,regional_survey_gis
GSI NLSM & ISRO Disaster Registries,https://bhukosh.gsi.gov.in,NER-2021-001672,2021-06-17 00:00:00,12:00,"Tupul Railway Corridor, Ukhrul, Manipur",Documented mudslide triggered by continuous_rain in Ukhrul.,Tupul Railway Corridor,5km,mudslide,continuous_rain,small,natural_slope,0,0,Southwest Monsoon,,Geotechnical survey record from GSI NLSM & State Disaster Registries.,gsi_nesac_catalog_expanded,NER-2021-001672,India,IN,Manipur,1200000,Ukhrul,10.5,2021-06-17 00:00:00,2021-06-17 00:00:00,2024-02-01 00:00:00,93.48029,24.02731,2021,6,17,0.5,-0.866,True,Manipur,True,regional_survey_gis
GSI NLSM & ISRO Disaster Registries,https://bhukosh.gsi.gov.in,NER-2020-001673,2020-06-18 00:00:00,12:00,"Pasighat-Pangin, Changlang, Arunachal Pradesh",Documented mudslide triggered by continuous_rain in Changlang.,Pasighat-Pangin,5km,mudslide,continuous_rain,small,natural_slope,0,0,Southwest Monsoon,,Geotechnical survey record from GSI NLSM & State Disaster Registries.,gsi_nesac_catalog_expanded,NER-2020-001673,India,IN,Arunachal Pradesh,1200000,Changlang,10.5,2020-06-18 00:00:00,2020-06-18 00:00:00,2024-02-01 00:00:00,92.17256,27.06586,2020,6,18,0.5,-0.866,True,Arunachal Pradesh,True,regional_survey_gis
GSI NLSM & ISRO Disaster Registries,https://bhukosh.gsi.gov.in,NER-2016-001674,2016-07-20 00:00:00,12:00,"Namchi-Jorethang, North Sikkim, Sikkim",Documented rockfall triggered by cloudburst in North Sikkim.,Namchi-Jorethang,5km,rockfall,cloudburst,medium,natural_slope,0,0,Southwest Monsoon,,Geotechnical survey record from GSI NLSM & State Disaster Registries.,gsi_nesac_catalog_expanded,NER-2016-001674,India,IN,Sikkim,1200000,North Sikkim,10.5,2016-07-20 00:00:00,2016-07-20 00:00:00,2024-02-01 00:00:00,88.2642,27.85878,2016,7,20,0.0,-1.0,True,Sikkim,True,regional_survey_gis
GSI NLSM & ISRO Disaster Registries,https://bhukosh.gsi.gov.in,NER-2019-001675,2019-07-02 00:00:00,12:00,"Mawsynram-Balat Belt, East Khasi Hills, Meghalaya",Documented rockfall triggered by monsoon in East Khasi Hills.,Mawsynram-Balat Belt,5km,rockfall,monsoon,medium,natural_slope,0,0,Southwest Monsoon,,Geotechnical survey record from GSI NLSM & State Disaster Registries.,gsi_nesac_catalog_expanded,NER-2019-001675,India,IN,Meghalaya,1200000,East Khasi Hills,10.5,2019-07-02 00:00:00,2019-07-02 00:00:00,2024-02-01 00:00:00,91.48524,25.88051,2019,7,2,0.0,-1.0,True,Meghalaya,True,regional_survey_gis
GSI NLSM & ISRO Disaster Registries,https://bhukosh.gsi.gov.in,NER-2020-001676,2020-08-03 00:00:00,12:00,"Atharamura Range NH-8, West Tripura, Tripura",Documented debris_flow triggered by road_cutting in West Tripura.,Atharamura Range NH-8,5km,debris_flow,road_cutting,medium,above_road,0,0,Southwest Monsoon,,Geotechnical survey record from GSI NLSM & State Disaster Registries.,gsi_nesac_catalog_expanded,NER-2020-001676,India,IN,Tripura,1200000,West Tripura,10.5,2020-08-03 00:00:00,2020-08-03 00:00:00,2024-02-01 00:00:00,91.53898,24.3816,2020,8,3,-0.5,-0.866,True,Tripura,True,regional_survey_gis
GSI NLSM & ISRO Disaster Registries,https://bhukosh.gsi.gov.in,NER-2008-001677,2008-09-11 00:00:00,12:00,"Durtlang Ridge Slopes, Serchhip, Mizoram",Documented landslide triggered by cloudburst in Serchhip.,Durtlang Ridge Slopes,5km,landslide,cloudburst,medium,natural_slope,0,0,Southwest Monsoon,,Geotechnical survey record from GSI NLSM & State Disaster Registries.,gsi_nesac_catalog_expanded,NER-2008-001677,India,IN,Mizoram,1200000,Serchhip,10.5,2008-09-11 00:00:00,2008-09-11 00:00:00,2024-02-01 00:00:00,92.95503,22.52398,2008,9,11,-0.866,-0.5,True,Mizoram,True,regional_survey_gis
GSI NLSM & ISRO Disaster Registries,https://bhukosh.gsi.gov.in,NER-2016-001679,2016-09-20 00:00:00,12:00,"Phek-Pfutsero Pass, Tuensang, Nagaland",Documented rockfall triggered by monsoon in Tuensang.,Phek-Pfutsero Pass,5km,rockfall,monsoon,medium,natural_slope,0,0,Southwest Monsoon,,Geotechnical survey record from GSI NLSM & State Disaster Registries.,gsi_nesac_catalog_expanded,NER-2016-001679,India,IN,Nagaland,1200000,Tuensang,10.5,2016-09-20 00:00:00,2016-09-20 00:00:00,2024-02-01 00:00:00,93.8688,25.53295,2016,9,20,-0.866,-0.5,True,Nagaland,True,regional_survey_gis
GSI NLSM & ISRO Disaster Registries,https://bhukosh.gsi.gov.in,NER-2016-001680,2016-07-25 00:00:00,12:00,"Singngat Border Road, Noney, Manipur",Documented debris_flow triggered by road_cutting in Noney.,Singngat Border Road,5km,debris_flow,road_cutting,large,natural_slope,0,0,Southwest Monsoon,,Geotechnical survey record from GSI NLSM & State Disaster Registries.,gsi_nesac_catalog_expanded,NER-2016-001680,India,IN,Manipur,1200000,Noney,10.5,2016-07-25 00:00:00,2016-07-25 00:00:00,2024-02-01 00:00:00,93.45682,24.08494,2016,7,25,0.0,-1.0,True,Manipur,True,regional_survey_gis
GSI NLSM & ISRO Disaster Registries,https://bhukosh.gsi.gov.in,NER-2019-001684,2019-05-27 00:00:00,12:00,"Dimapur-Kohima Peducha 4-Lane, Kohima, Nagaland",Documented slope_failure triggered by downpour in Kohima.,Dimapur-Kohima Peducha 4-Lane,5km,slope_failure,downpour,large,natural_slope,0,2,Pre-monsoon Storm,,Geotechnical survey record from GSI NLSM & State Disaster Registries.,gsi_nesac_catalog_expanded,NER-2019-001684,India,IN,Nagaland,1200000,Kohima,10.5,2019-05-27 00:00:00,2019-05-27 00:00:00,2024-02-01 00:00:00,94.59988,26.96373,2019,5,27,0.866,-0.5,True,Nagaland,True,regional_survey_gis
GSI NLSM & ISRO Disaster Registries,https://bhukosh.gsi.gov.in,NER-2021-001685,2021-07-03 00:00:00,12:00,"Lachen-Lachung Valley, North Sikkim, Sikkim",Documented mudslide triggered by continuous_rain in North Sikkim.,Lachen-Lachung Valley,5km,mudslide,continuous_rain,small,natural_slope,0,0,Southwest Monsoon,,Geotechnical survey record from GSI NLSM & State Disaster Registries.,gsi_nesac_catalog_expanded,NER-2021-001685,India,IN,Sikkim,1200000,North Sikkim,10.5,2021-07-03 00:00:00,2021-07-03 00:00:00,2024-02-01 00:00:00,88.30672,27.7613,2021,7,3,0.0,-1.0,True,Sikkim,True,regional_survey_gis
GSI NLSM & ISRO Disaster Registries,https://bhukosh.gsi.gov.in,NER-2011-001687,2011-08-19 00:00:00,12:00,"Lachen-Lachung Valley, South Sikkim, Sikkim",Documented mudslide triggered by downpour in South Sikkim.,Lachen-Lachung Valley,5km,mudslide,downpour,medium,natural_slope,0,0,Southwest Monsoon,,Geotechnical survey record from GSI NLSM & State Disaster Registries.,gsi_nesac_catalog_expanded,NER-2011-001687,India,IN,Sikkim,1200000,South Sikkim,10.5,2011-08-19 00:00:00,2011-08-19 00:00:00,2024-02-01 00:00:00,88.07426,27.80172,2011,8,19,-0.5,-0.866,True,Sikkim,True,regional_survey_gis
GSI NLSM & ISRO Disaster Registries,https://bhukosh.gsi.gov.in,NER-2020-001691,2020-05-23 00:00:00,12:00,"Dzüdza-Phesama NH-29, Tuensang, Nagaland",Documented debris_flow triggered by continuous_rain in Tuensang.,Dzüdza-Phesama NH-29,5km,debris_flow,continuous_rain,large,above_road,0,0,Pre-monsoon Storm,,Geotechnical survey record from GSI NLSM & State Disaster Registries.,gsi_nesac_catalog_expanded,NER-2020-001691,India,IN,Nagaland,1200000,Tuensang,10.5,2020-05-23 00:00:00,2020-05-23 00:00:00,2024-02-01 00:00:00,94.65105,26.20878,2020,5,23,0.866,-0.5,True,Nagaland,True,regional_survey_gis
GSI NLSM & ISRO Disaster Registries,https://bhukosh.gsi.gov.in,NER-2017-001692,2017-09-26 00:00:00,12:00,"Jairampur-Pangsau, Papum Pare, Arunachal Pradesh",Documented debris_flow triggered by continuous_rain in Papum Pare.,Jairampur-Pangsau,5km,debris_flow,continuous_rain,small,natural_slope,0,0,Southwest Monsoon,,Geotechnical survey record from GSI NLSM & State Disaster Registries.,gsi_nesac_catalog_expanded,NER-2017-001692,India,IN,Arunachal Pradesh,1200000,Papum Pare,10.5,2017-09-26 00:00:00,2017-09-26 00:00:00,2024-02-01 00:00:00,94.65365,27.57917,2017,9,26,-0.866,-0.5,True,Arunachal Pradesh,True,regional_survey_gis
GSI NLSM & ISRO Disaster Registries,https://bhukosh.gsi.gov.in,NER-2020-001693,2020-09-11 00:00:00,12:00,"Jampui Hills Vanghmun, Gomati, Tripura",Documented slope_failure triggered by continuous_rain in Gomati.,Jampui Hills Vanghmun,5km,slope_failure,continuous_rain,small,natural_slope,0,0,Southwest Monsoon,,Geotechnical survey record from GSI NLSM & State Disaster Registries.,gsi_nesac_catalog_expanded,NER-2020-001693,India,IN,Tripura,1200000,Gomati,10.5,2020-09-11 00:00:00,2020-09-11 00:00:00,2024-02-01 00:00:00,91.26965,24.24155,2020,9,11,-0.866,-0.5,True,Tripura,True,regional_survey_gis
GSI NLSM & ISRO Disaster Registries,https://bhukosh.gsi.gov.in,NER-2010-001694,2010-08-08 00:00:00,12:00,"Shillong-Dawki NH-40, East Jaintia Hills, Meghalaya",Documented mudslide triggered by continuous_rain in East Jaintia Hills.,Shillong-Dawki NH-40,5km,mudslide,continuous_rain,small,above_road,0,0,Southwest Monsoon,,Geotechnical survey record from GSI NLSM & State Disaster Registries.,gsi_nesac_catalog_expanded,NER-2010-001694,India,IN,Meghalaya,1200000,East Jaintia Hills,10.5,2010-08-08 00:00:00,2010-08-08 00:00:00,2024-02-01 00:00:00,91.49632,25.82509,2010,8,8,-0.5,-0.866,True,Meghalaya,True,regional_survey_gis
GSI NLSM & ISRO Disaster Registries,https://bhukosh.gsi.gov.in,NER-2018-001695,2018-06-26 00:00:00,12:00,"Chabimura-Amarpur, West Tripura, Tripura",Documented mudslide triggered by continuous_rain in West Tripura.,Chabimura-Amarpur,5km,mudslide,continuous_rain,medium,natural_slope,0,0,Southwest Monsoon,,Geotechnical survey record from GSI NLSM & State Disaster Registries.,gsi_nesac_catalog_expanded,NER-2018-001695,India,IN,Tripura,1200000,West Tripura,10.5,2018-06-26 00:00:00,2018-06-26 00:00:00,2024-02-01 00:00:00,91.46747,24.26598,2018,6,26,0.5,-0.866,True,Tripura,True,regional_survey_gis
GSI NLSM & ISRO Disaster Registries,https://bhukosh.gsi.gov.in,NER-2016-001696,2016-05-17 00:00:00,12:00,"Chabimura-Amarpur, North Tripura, Tripura",Documented landslide triggered by downpour in North Tripura.,Chabimura-Amarpur,5km,landslide,downpour,medium,natural_slope,0,0,Pre-monsoon Storm,,Geotechnical survey record from GSI NLSM & State Disaster Registries.,gsi_nesac_catalog_expanded,NER-2016-001696,India,IN,Tripura,1200000,North Tripura,10.5,2016-05-17 00:00:00,2016-05-17 00:00:00,2024-02-01 00:00:00,91.52715,23.47678,2016,5,17,0.866,-0.5,True,Tripura,True,regional_survey_gis
GSI NLSM & ISRO Disaster Registries,https://bhukosh.gsi.gov.in,NER-2018-001697,2018-06-01 00:00:00,12:00,"Dimapur-Kohima Peducha 4-Lane, Phek, Nagaland",Documented debris_flow triggered by continuous_rain in Phek.,Dimapur-Kohima Peducha 4-Lane,5km,debris_flow,continuous_rain,medium,natural_slope,0,0,Southwest Monsoon,,Geotechnical survey record from GSI NLSM & State Disaster Registries.,gsi_nesac_catalog_expanded,NER-2018-001697,India,IN,Nagaland,1200000,Phek,10.5,2018-06-01 00:00:00,2018-06-01 00:00:00,2024-02-01 00:00:00,93.44464,26.77941,2018,6,1,0.5,-0.866,True,Nagaland,True,regional_survey_gis
GSI NLSM & ISRO Disaster Registries,https://bhukosh.gsi.gov.in,NER-2017-001698,2017-06-25 00:00:00,12:00,"Wokha-Doyang Valley, Phek, Nagaland",Documented slope_failure triggered by downpour in Phek.,Wokha-Doyang Valley,5km,slope_failure,downpour,medium,natural_slope,0,0,Southwest Monsoon,,Geotechnical survey record from GSI NLSM & State Disaster Registries.,gsi_nesac_catalog_expanded,NER-2017-001698,India,IN,Nagaland,1200000,Phek,10.5,2017-06-25 00:00:00,2017-06-25 00:00:00,2024-02-01 00:00:00,94.56388,26.15648,2017,6,25,0.5,-0.866,True,Nagaland,True,regional_survey_gis
GSI NLSM & ISRO Disaster Registries,https://bhukosh.gsi.gov.in,NER-2010-001700,2010-08-21 00:00:00,12:00,"Atharamura Range NH-8, North Tripura, Tripura",Documented rockfall triggered by downpour in North Tripura.,Atharamura Range NH-8,5km,rockfall,downpour,medium,above_road,0,0,Southwest Monsoon,,Geotechnical survey record from GSI NLSM & State Disaster Registries.,gsi_nesac_catalog_expanded,NER-2010-001700,India,IN,Tripura,1200000,North Tripura,10.5,2010-08-21 00:00:00,2010-08-21 00:00:00,2024-02-01 00:00:00,91.63402,24.44545,2010,8,21,-0.5,-0.866,True,Tripura,True,regional_survey_gis
