source_name,source_link,event_id,event_date,event_time,event_title,event_description,location_description,location_accuracy,landslide_category,landslide_trigger,landslide_size,landslide_setting,fatality_count,injury_count,storm_name,photo_link,notes,event_import_source,event_import_id,country_name,country_code,admin_division_name,admin_division_population,gazeteer_closest_point,gazeteer_distance,submitted_date,created_date,last_edited_date,longitude,latitude,event_year,event_month,event_day,event_month_sin,event_month_cos,coordinate_valid,state_normalized,is_ner,state_assignment_method
E-Pao,http://www.e-pao.net/GP.asp?src=28..210810.aug10,2164,2010-07-29 23:00:00,,"Chingai-Kuingai(Quingai) route (16 kms), Chingai subdivision, Ukhrul district, Manipur","Since the Chingai-Quingai road has been sunk due to landslides at various points following heavy rainfall that occured twice during the past 20 days, nearly 5,000 villagers of five villages in the sub-division are facing the alarming possibility of starvation.  The road from Chingai to Quingai in Chingai sub-division of Ukhrul district connects Quingai, Chalou, New Tasom, Tasom CV and Tasom Khullen villages.  However, the road has been disconnected in various places due to heavy rainfall that occurred on the night between July 29 and 30 and again on the night of August 15 .  According to Secretary, Information and Publicity, Northern Raphei Students' Union (NRSU), HAS Thuingaleng, nearly 5,000 villagers of the said villages have been facing extreme hardship.  The wooden bridge over Rondei river had been washed away by the powerful current of the river disconnecting the road.  Moreover, landslides have occurred completely blocking the road at different places.  However, due to the heavy","Chingai-Kuingai(Quingai) route (16 kms), Chingai subdivision, Ukhrul district, Manipur",25km,landslide,downpour,medium,unknown,0,,,,,glc,2164,India,IN,Manipur,15118,Phek,39.51186,04-01-2014 00:00,11/20/2017 15:17,2/15/2018 15:51,94.48214677,25.3098633,2010,7,29,0.0000,-1.0000,True,Manipur,True,administrative
E-PAO,http://e-pao.net/GP.asp?src=21..020815.aug15,7370,2015-08-01 00:00:00,,between Moltuk to New Songjang village,one landslide between Moltuk to New Songjang village,between Moltuk to New Songjang village,5km,landslide,continuous_rain,medium,above_road,0,0,,,,glc,7370,India,IN,Manipur,30418,Kakching,41.50847,11/21/2015 1:04,11/20/2017 15:17,2/15/2018 15:51,94.1078,24.1419,2015,8,1,-0.5000,-0.8660,True,Manipur,True,administrative
prokerala,http://www.prokerala.com/news/articles/a75292.html,1109,2009-08-20 00:00:00,,Lumding-Badarpur section in North Cachar Hills district,"The rail services between rest of India and southern Assam, Tripura, Mizoram and Manipur have been suspended since Aug 20 following extensive landslides on the Lumding-Badarpur section in North Cachar Hills district",Lumding-Badarpur section in North Cachar Hills district,25km,landslide,downpour,medium,unknown,0,,,,,glc,1109,India,IN,Assam,8364,Maibong,24.54328,04-01-2014 00:00,11/20/2017 15:17,2/15/2018 15:51,93.1645,25.5215,2009,8,20,-0.5000,-0.8660,True,Assam,True,administrative
Hmar.net,http://hmar.net/?p=1870,322,2007-10-21 00:00:00,,National Highway 53 at Nungba in Tamenglong district of Manipur,blocked road,National Highway 53 at Nungba in Tamenglong district of Manipur,25km,landslide,rain,medium,unknown,,,,,,glc,322,India,IN,Assam,12871,Lakhipur,43.16287,04-01-2014 00:00,11/20/2017 15:17,2/15/2018 15:51,93.4333,24.75,2007,10,21,-1.0000,-0.0000,True,Assam,True,administrative
www.morungexpress.com,http://www.morungexpress.com/regional/104056.html,5552,2013-09-24 00:00:00,,"Ukhrul, Manipur","Imphal, September 28 (NNN): The massive landslide that occurred in Ukhrul town has been cleared yesterday. The landslide had occurred at Police Bazar, also called Tangrei near Ukhrul police station. According to Kamphasom Tang chairman Alston T Shimrah and its secretary Khamung, the landslide that had given tremendous hardship to the people of the Ukhrul town in the last few days. The chairman and the secretary of Kamphasom Tang, Ukhrul have expressed their deep gratitude to Ukhrul deputy commissioner SK Chaurasoia, Ukhrul superintendent of police K Kabib, Ukhrul sub-divisional officer Worshang Hungyo, Officer commanding of 84 RCC/25 BRTF Asish Kumar, 2nd in command of the BRTF AK Mehra, Jr Engineer, 25 BRTF Swamy S and others for helping to clear the massive landslide yesterday. The Kamphasom Tang leaders also expressed their gratitude to RS Ngaranchui, the Ukhrul district representative of Lok Sabha MLA under whose supervision the slide was cleared.","Ukhrul, Manipur",5km,landslide,unknown,medium,unknown,,,,,,glc,5552,India,IN,Manipur,223523,Imphal,53.05172,04-01-2014 00:00,11/20/2017 15:17,2/15/2018 15:51,94.3619,25.0985,2013,9,24,-0.8660,-0.5000,True,Manipur,True,administrative
The Olympian,http://www.theolympian.com/2015/05/27/3746897/rhododendron-explorers-from-south.html,7031,2015-05-24 00:00:00,,"Bop, Sikkim","Approximately 1200 tourists were stranded. The landslide blocked three switchbacks on the main road. By the evening, that stretch was impassable.","Bop, Sikkim",1km,landslide,unknown,medium,above_road,0,0,,,,glc,7031,India,IN,Sikkim,1464,Mangan,17.93173,6/30/2015 20:57,11/20/2017 15:17,2/15/2018 15:51,88.6586,27.6163,2015,5,24,0.8660,-0.5000,True,Sikkim,True,administrative
Assam Tribune,http://www.assamtribune.com/scripts/detailsnew.asp?id=may0216/oth058,9405,2016-04-19 00:00:00,,"Techahan Ward, Mon, Nagaland, India","(Landslide may have occurred within a week of April 19. )Altogether, 200 hailstorm affected families in Mon town of Nagaland have been given cash relief under the State Disaster Response Fund. Nagaland State Disaster Management Authority (NSDMA) and District Disaster Management Authority (DDMA) officials had undertaken a field assessment of the damages caused by heavy rainfall, hailstorm and windstorm in Mon district in April. Accordingly, relief was given to the families affected by landslide at Techahan Ward of Mon town.  Techahan Ward was affected by a massive landslide triggered by the incessant heavy rainfall that lashed the town for about six days in a row during the third week of April. About 70 houses were completely damaged and 130 houses severely affected displacing about 125 families.  One Government Primary School building located in the ward was also damaged by the landslide. Massive landslide had caused road blockage of Tobu-Mon BRO road.","Techahan Ward, Mon, Nagaland, India",1km,landslide,continuous_rain,medium,unknown,0,0,,,,glc,9405,India,IN,Nagaland,18742,Mon,3.71285,08-03-2016 20:40,11/20/2017 15:17,2/15/2018 15:51,95.0243,26.7223,2016,4,19,1.0000,0.0000,True,Nagaland,True,administrative
www.nagalandpost.com,http://www.nagalandpost.com/ChannelNews/Regional/RegionalNews.aspx?news=TkVXUzEwMDA0MzUxNQ%3D%3D-zy3k3F6024s%3D,5343,2013-08-17 23:00:00,,The Imphal-Jiribam Section Of Nh-37 In Tamenglong District,"Over 700 Imphal-bound freight trucks were Sunday stranded between Rengpan and Khambirong on the stretch of the Imphal-Jiribam section of NH-37 in Tamenglong district after the road was totally blocked by a landslide triggered by continuous heavy rainfall. An official report reaching here said that the landslide at various places between Rengpang and Khambirong of the highway was triggered by heavy rainfall last night blocking vehicular movement. Over 700 freight trucks including oil tankers and goods laden trucks heading Imphal from Jiribam with security escorts were reportedly stranded at various places beyond Rengpang on Jiribam side. The freight trucks include among other 250 trucks loaded with rice and other Food Corporation of India (FCI), 30 oil tanker and 10 trucks carrying life saving drugs. The landslide was triggered after around 150 trucks had crossed the area with security escort. Besides this, those vehicles which had already crossed the landslide area remained stranded be",The Imphal-Jiribam Section Of Nh-37 In Tamenglong District,10km,landslide,continuous_rain,medium,unknown,,,,,,glc,5343,India,IN,Assam,12871,Lakhipur,43.11128,04-01-2014 00:00,11/20/2017 15:17,2/15/2018 15:51,93.4341,24.7625,2013,8,17,-0.5000,-0.8660,True,Assam,True,administrative
First Post,http://www.firstpost.com/india/two-dead-2-injured-landslide-arunachal-pradesh-school-remain-shut-heavy-rainfall-alert-2287954.html,6971,2015-06-09 00:00:00,,"Itanagar, Arunachal Pradesh",Two people died while two others were seriously injured when their dwelling was hit by a landslide on Tuesday,"Itanagar, Arunachal Pradesh",5km,landslide,continuous_rain,medium,above_road,2,2,,,,glc,6971,India,IN,Arunachal Pradesh,44971,Itānagar,1.30114,6/25/2015 20:30,11/20/2017 15:17,2/15/2018 15:51,93.816,27.0987,2015,6,9,0.5000,-0.8660,True,Arunachal Pradesh,True,administrative
en.apa,http://en.apa.az/news.php?id=119178,1611,2010-04-01 00:00:00,,"Paglanala village, Dholai Block, near Dwarbandh locality of the district, Cachar district (could only find district) 45 km from Silchar, Assam","The latest disaster has come from Assam where three children aged 7, 5 and 2 were crushed to death after the side of a mountain slid onto their house in Cachar, wiping it out. Their parents, Deepak and Supriti Roy, who survived the catastrophe were seriously injured.  A torrential downpour — some 26 inches on the rain gauge — over the past few days loosened the earth leading to the tragedy at the reserved forest village of Paglanala under Dholai block in the state’s Cachar district.  In the reckless destruction of mountains — be it in the name of “development” or the creation of more “living space” — there have been instances of entire convoys of passenger traffic being stranded in the mountains of the region because of landslides.  As per media report of 2nd April 2010 a landslide at the reserved forest village of Paglanala under Dholai block in the Cachar district, Assam has led to the death of three children and serious injury to two persons. The landslide was preceded by torrential","Paglanala village, Dholai Block, near Dwarbandh locality of the district, Cachar district (could only find district) 45 km from Silchar, Assam",25km,landslide,downpour,medium,unknown,3,,,,,glc,1611,India,IN,Assam,39982,Hāflong,1.49521,09-12-2014 14:02,11/20/2017 15:17,2/15/2018 15:51,93.028,25.1553,2010,4,1,1.0000,0.0000,True,Assam,True,administrative
Red Cross - Field reports,https://www-secure.ifrc.org/dmis/prepare/view_report.asp?ReportID=2987,147,2007-07-30 00:00:00,,Lawngtlai,road networks disrupted,Lawngtlai,25km,landslide,downpour,medium,unknown,,,,,,glc,147,India,IN,Mizoram,22654,Saiha,9.62825,04-01-2014 00:00,11/20/2017 15:17,2/15/2018 15:51,92.899,22.533,2007,7,30,0.0000,-1.0000,True,Mizoram,True,administrative
articles.timesofindia,http://articles.timesofindia.indiatimes.com/2012-06-04/guwahati/32030359_1_barail-hill-harangajao-landslides,4382,2012-06-03 00:00:00,,"between Harangajao and Mailongdisa, Assa,","Torrential rain in the Barail Hill range for the past many days triggered landslides at least five places along the Lumding-Silchar section of Northeast Frontier Railway (NFR) early on Sunday. Authorities have suspended and regulated services of all the trains in this 214-km section until tracks are cleared.   A senior official of NFR here said at around 3am on Sunday, a large amount of soil and mud, boulders and trees came down the Borail Hill on the tracks at five different places in Dima Hasao district. The affected places are between Harangajao and Mailongdisa, Bandarkhal and Chandranathpur, Maibang and Daotohaja, Lower Haflong and Bagetar and between Mahur and Migrendisa.","between Harangajao and Mailongdisa, Assa,",5km,landslide,downpour,medium,unknown,,,,,,glc,4382,India,IN,Assam,39982,Hāflong,16.97606,04-01-2014 00:00,11/20/2017 15:17,2/15/2018 15:51,92.8573,25.1175,2012,6,3,0.5000,-0.8660,True,Assam,True,administrative
beacononline.wordpress,http://beacononline.wordpress.com/2009/08/25/kalimpong-highway-doom-for-hill-economy/,1112,2009-08-20 00:00:00,,"NH31A, Mile 27 near Rambi","Vehicles ply on 27 Mile, a landslide-affected stretch of NH31A, after fresh mudslide on Monday. The rain-triggered landslides and cave-ins have reduced the highway to a potholed and slushy track at numerous places, leading to frequent traffic jams and increase in travel time from two hours to more than double for Siliguri-bound vehicles from here on National Highway 31-A, lifeline for Sikkim and Kalimpong At least 10 places along the Highway had been hit by landslides, triggered by torrential rains over the past week. All these stretches, except Mile 27 area near Rambi have been cleared by the Border Roads Organisation (BRO).","NH31A, Mile 27 near Rambi",25km,mudslide,downpour,medium,unknown,0,,,,,glc,1112,India,IN,Sikkim,4026,Rangpo,0.50251,04-01-2014 00:00,11/20/2017 15:17,2/15/2018 15:51,88.5287,27.1761,2009,8,20,-0.5000,-0.8660,True,Sikkim,True,administrative
Mizoram Express,http://mizoramexpress.com/index.php/2010/09/mizoram-landslides-kill-one-woman/,2424,2010-09-13 00:00:00,,"near Tuivawl(?), Aizawl-Champhai rd, Aizawl district, Mizoram","Sep 15, 2010  AIZAWL: Aizawl-Champhai road also was blocked by landslides in two places near Tuivawl and Tuichang.  ZONET Champhai Corr. said, the road block near Tuivawl was cleared while men are still at work till in the afternoon to clear the road block near Tuichang.","near Tuivawl(?), Aizawl-Champhai rd, Aizawl district, Mizoram",25km,landslide,downpour,medium,unknown,0,,,,,glc,2424,India,IN,Mizoram,265331,Aizawl,26.45346,04-01-2014 00:00,11/20/2017 15:17,2/15/2018 15:51,92.9296,23.591,2010,9,13,-0.8660,-0.5000,True,Mizoram,True,administrative
Sikkim times.com,http://www.thestatesman.net/page.arcview.php?clid=10&id=184730&usrsess=1,78,2007-05-23 00:00:00,,"Pangthang, on road b/t Gangtok and North Sikkim",along highway,"Pangthang, on road b/t Gangtok and North Sikkim",50km,landslide,rain,medium,unknown,,,,,,glc,78,India,IN,Sikkim,30700,Gangtok,1.48585,04-01-2014 00:00,11/20/2017 15:17,2/15/2018 15:51,88.6069,27.3383,2007,5,23,0.8660,-0.5000,True,Sikkim,True,administrative
e-pao.net,http://e-pao.net/GP.asp?src=24..050913.sep13,5431,2013-09-01 00:00:00,,"Tamenglong, Manipur","The incessant rains have caused mudslides causing great havoc in different parts of Tamenglong district. Many people have also lost their properties in the mudslides at Tamenglong town areas. One major mudslide was occurred at Tamenglong ward No.IV near the petrol pump. One store belonging to DM Wangiangdin has been totally damaged. His Alto Maruti car (Suzuki MN01X3673) which was kept inside the store house was also partially damaged by the mudslide. The residence of one Asam Gonmei has also been submerged by the mudslide, leading to lose of all properties. On account of the mudslide, Tamei- Tamenglong road has remained cut off since September 1.","Tamenglong, Manipur",5km,mudslide,continuous_rain,medium,unknown,0,,,,,glc,5431,India,IN,Assam,7176,Mahur,45.4148,04-01-2014 00:00,11/20/2017 15:17,2/15/2018 15:51,93.5063,24.9829,2013,9,1,-0.8660,-0.5000,True,Assam,True,administrative
articles.timesofindia,http://articles.timesofindia.indiatimes.com/2011-06-30/guwahati/29720982_1_heavy-rains-highway,3672,2011-06-29 00:00:00,,"Portions of NH 39, Connectin Manipur with Assam via Nagaland","Heavy downpour in the past few days threatens to cut off Nagaland and neighbouring Manipur from the rest of the country. Continuing heavy showers have caused landslides and led to the sinking of a portion of NH 39, creating immense hardship to the people residing here. NH 39, the lifeline of the two northeastern states, connects Manipur with Assam via Nagaland.  If the monsoon showers continue with the same intensity, it is expected that the sunken portion of the highway will have to be closed as it has already become difficult for vehicles to pass through the place.  The main concern of the administrative authorities is the landslide area at the old Kohima Municipal Council (KMC) dumping site about 7 km away from the state capital where mudslides have started with the arrival of the monsoon, leading to disruption of vehicular traffic. Passengers travelling between Kohima and Dimapur have also complained that it is already taking hours to reach their destination.","Portions of NH 39, Connectin Manipur with Assam via Nagaland",unknown,landslide,downpour,medium,unknown,0,,,,,glc,3672,India,IN,Assam,8364,Maibong,32.43398,04-01-2014 00:00,11/20/2017 15:17,2/15/2018 15:51,93.3613,25.5125,2011,6,29,0.5000,-0.8660,True,Assam,True,administrative
e-pao,http://www.e-pao.net/GP.asp?src=28..210810.aug10,2253,2010-08-15 23:00:00,,"Chingai-Kuingai(Quingai) route (16 kms), Chingai subdivision, Ukhrul district, Manipur","Since the Chingai-Quingai road has been sunk due to landslides at various points following heavy rainfall that occured twice during the past 20 days, nearly 5,000 villagers of five villages in the sub-division are facing the alarming possibility of starvation.  The road from Chingai to Quingai in Chingai sub-division of Ukhrul district connects Quingai, Chalou, New Tasom, Tasom CV and Tasom Khullen villages.  However, the road has been disconnected in various places due to heavy rainfall that occurred on the night between July 29 and 30 and again on the night of August 15 .  According to Secretary, Information and Publicity, Northern Raphei Students' Union (NRSU), HAS Thuingaleng, nearly 5,000 villagers of the said villages have been facing extreme hardship.  The wooden bridge over Rondei river had been washed away by the powerful current of the river disconnecting the road.  Moreover, landslides have occurred completely blocking the road at different places.  However, due to the heavy","Chingai-Kuingai(Quingai) route (16 kms), Chingai subdivision, Ukhrul district, Manipur",25km,landslide,downpour,medium,unknown,0,,,,,glc,2253,India,IN,Manipur,15118,Phek,39.51186,04-01-2014 00:00,11/20/2017 15:17,2/15/2018 15:51,94.48265093,25.31006064,2010,8,15,-0.5000,-0.8660,True,Manipur,True,administrative
kanglaonline,http://www.kanglaonline.com/index.php?template=headline&newsid=48686&typeid=2,1108,2009-08-20 00:00:00,,"Tamei, Tamenglong district on Imphal-Tamenglong (IT) road","Landslides on the Imphal-Tamenglong (IT) road have put the people of Tamei, Tamenglong district in difficult times as the stock of essential supplies required for daily use are running short and the concerned department of the state government is not doing anything about the matter, said Poujeng, chairman of Tamei headquarter authority. Due to the intermittent rains, landslides have occurred at 3/4 places on the IT road between Kangpokpi-Tamei and Tamei-Tamenglong at present and new landslides.","Tamei, Tamenglong district on Imphal-Tamenglong (IT) road",10km,landslide,downpour,medium,unknown,0,,,,,glc,1108,India,IN,Assam,7176,Mahur,44.34393,04-01-2014 00:00,11/20/2017 15:17,2/15/2018 15:51,93.5,24.9925,2009,8,20,-0.5000,-0.8660,True,Assam,True,administrative
Times of India,http://timesofindia.indiatimes.com/india/Landslides-in-Arunachal-Pradesh-due-to-incessant-rain/articleshow/37379365.cms,6105,2014-06-26 23:00:00,,Arunachal Pradesh,"Landslides, triggered by incessant rain in the past couple of days have wrecked havoc in several districts of Arunachal Pradesh throwing life out of gear. While flood-like situation prevails in low-lying areas of various districts, road link between Nirjuli and Banderdewa near here has been snapped due to damage of several culverts along the NH 52(A), the life line for the state capital, official sources said. PWD superintendent engineer (highway-western zone) Jumo Geiyi said the stretch of the highway between Nirjuli and Banderdewa has been temporarily closed due to damage to culverts in several places by incessant rain on the night of June 26. As a result, traffic was being diverted through Harmutty-Doimukh-Nirjuli road, instead of the usual route through Karsingsa. Besides, about 20 metre of NH 52(A) has been damaged at Karsingsa, besides Naharlagun, where portions of it have caved in, he said. More damage to the road, which has been breached near North East Regional Institute of Sc",Arunachal Pradesh,unknown,landslide,continuous_rain,medium,above_road,0,0,,,,test,6105,India,IN,Arunachal Pradesh,0,Motuo,43.67228,8/24/2014 0:00,11/20/2017 15:17,2/15/2018 15:51,95.3429,28.9205,2014,6,26,0.5000,-0.8660,True,Arunachal Pradesh,True,administrative
Arunachal Times,http://www.arunachaltimes.in/landslide-blocks-ziro-tamen-road/,9168,2016-06-12 23:00:00,,"NH 13 10 kilometers from Old Ziro, Arunachal Pradesh, India","Estimated location along road. Heavy rains on Sunday night triggered series of landslides between Ziro and Ripali, Tamen, 10Kms from Old Ziro, stranding the commuters for the entire day. However due to heavy rains, the restoration work had to be halted and will resume on Tuesday.","NH 13 10 kilometers from Old Ziro, Arunachal Pradesh, India",10km,landslide,downpour,medium,above_road,0,0,,http://www.arunachaltimes.in/wp-content/uploads/2016/06/Landslide-blocks-Ziro-Tamen-road-300x206.jpg,,glc,9168,India,IN,Arunachal Pradesh,13893,Ziro,6.29222,7/25/2016 17:45,11/20/2017 15:17,2/15/2018 15:51,93.871,27.6438,2016,6,12,0.5000,-0.8660,True,Arunachal Pradesh,True,administrative
kanglaonline.com,http://kanglaonline.com/2011/06/two-children-claimed-by-landslide-at-tamenglong/,3560,2011-05-31 14:30:00,,"Gaoilung(Gadailong) village(?), Ward 4(?), Tamenglong, Manipur","June 1, 2011  A major landslide at Tamenglong has reportedly claimed two lives yesterday. According to a source, two members of a family, a brother and a sister were killed in a massive landslide at the Gaoilung village, Tamenlong ward No. 4 yesterday afternoon at around 2:30 pm.  The deceased brother and sisters were identified as one Masamdingliu, 13 and Mathemsonang, 8 children of Dr. Kiulang originally hailing from Dilong village.  According to the source, the siblings were killed while there house was dragged along by the land slide, triggered by torrential rain yesterday.","Gaoilung(Gadailong) village(?), Ward 4(?), Tamenglong, Manipur",50km,landslide,downpour,medium,unknown,2,,,,,glc,3560,India,IN,Manipur,223523,Imphal,35.52835,04-01-2014 00:00,11/20/2017 15:17,2/15/2018 15:51,93.5935,24.8286,2011,5,31,0.8660,-0.5000,True,Manipur,True,administrative
Telegraph India,http://www.telegraphindia.com/1080616/jsp/northeast/story_9416169.jsp,587,2008-06-15 00:00:00,,"Lakhimpur district, Bihpuria, Assam","heavy flooding and landslides in Assam and Arunachal Pradesh, difficult to determine if casualties were from flooding or landslides","Lakhimpur district, Bihpuria, Assam",25km,landslide,downpour,medium,unknown,17,,,,,glc,587,India,IN,Assam,59841,North Lakhimpur,0.75347,04-01-2014 00:00,11/20/2017 15:17,2/15/2018 15:51,94.0989,27.2298,2008,6,15,0.5000,-0.8660,True,Assam,True,administrative
The Assam Tribune,http://www.assamtribune.com/scripts/detailsnew.asp?id=sep0815/oth058,8012,2015-09-06 15:00:00,,"Umling, Meghalaya 793102, India","SHILLONG, Sept 7 - Traffic movement was disrupted on National Highway 40 (Guwahati-Shillong Road) on Sunday afternoon due to a massive landslide at Umling, Ri-Bhoi district. However, one lane has been cleared for traffic movement today. Vehicles were stranded for several hours at the Highway. Superintendent of Police, Ri-Bhoi district, GD Kharwanlang rushed to the spot and diverted light vehicles through a different route.  Light vehicles were directed from Byrnihat to Umden and onward towards Nongpoh and Shillong. Similarly, vehicles from Shillong were diverted to Umling-Sohkhwai route and then to 20 Mile. But heavy vehicles were stranded on the highway yesterday.  “Weather permitting we would be able to clear the other lane this evening or tomorrow,” Kharwanlang said over the phone from Nongpoh today.  It is also being advised that those travelling between Guwahati and Shillong can take the Shillong-Mairang- Patharkhmah-Rani route.","Umling, Meghalaya 793102, India",1km,landslide,unknown,medium,above_road,0,0,,,,glc,8012,India,IN,Meghalaya,14387,Nongpoh,7.75972,6/30/2016 17:24,11/20/2017 15:17,2/15/2018 15:51,91.8584,25.9703,2015,9,6,-0.8660,-0.5000,True,Meghalaya,True,administrative
Shillong Times,http://www.theshillongtimes.com/2015/08/20/child-washed-away-in-tura/,7335,2015-08-18 09:00:00,,Tura Civil Hospital,A landslip on Tuesday also damaged shops in the Tura Civil Hospital vicinity.,Tura Civil Hospital,1km,landslide,continuous_rain,medium,urban,0,0,,,,glc,7335,India,IN,Meghalaya,63645,Tura,0.03796,5/26/2016 23:10,11/20/2017 15:17,2/15/2018 15:51,90.2023,25.5145,2015,8,18,-0.5000,-0.8660,True,Meghalaya,True,administrative
nbtvlive,,3983,2011-09-23 00:00:00,,"Maighuli, Guwahati, Meghalaya","Four persons today got buried alive and 10 others were injured in a landslide at Maighuli, along the Assam-Meghalaya border, police said. Incessant rains triggered the landslip along the hills of Maighuli on the Meghalaya side of the border, Kamrup (metro) SSP Deepak Choudhury said. The victims were sheltered in a cluster of houses along the foothills in the area when a large chunk of earth fell on them.Both the Assam and Meghalaya governments launched rescue operation during which four were found dead, officials said. Ten others were brought out of the debris and admitted to Beltola Army Hospital with injuries, they said.","Maighuli, Guwahati, Meghalaya",unknown,landslide,downpour,large,unknown,4,,,,,glc,3983,India,IN,Assam,899094,Guwahati,3.44946,04-01-2014 00:00,11/20/2017 15:17,2/15/2018 15:51,91.7351,26.1548,2011,9,23,-0.8660,-0.5000,True,Assam,True,administrative
Red Cross - Field reports,https://www-secure.ifrc.org/dmis/prepare/view_report.asp?ReportID=2987,148,2007-07-30 00:00:00,,Saiha,road networks disrupted,Saiha,25km,landslide,downpour,medium,unknown,,,,,,glc,148,India,IN,Mizoram,22654,Saiha,2.05477,04-01-2014 00:00,11/20/2017 15:17,2/15/2018 15:51,92.967,22.479,2007,7,30,0.0000,-1.0000,True,Mizoram,True,administrative
India Today,http://indiatoday.intoday.in/story/landslide-in-manipur-near-myanmar-border-kills-21/1/455645.html,7385,2015-08-01 00:00:00,,"Holenjang, Chandel district","Another village Holenjang, which is 15km away from Joumol is also hit by landslide but due to non-motorable road rescue teams were yet to reach this area till late Saturday evening.","Holenjang, Chandel district",10km,landslide,continuous_rain,medium,unknown,0,0,,http://www.e-pao.org/galleries/images/News_Related/2015/08/Hollenjang_20150813.jpg,,glc,7385,India,IN,Manipur,47774,Churāchāndpur,48.31354,05-06-2016 00:51,11/20/2017 15:17,2/15/2018 15:51,93.9815,24.004,2015,8,1,-0.5000,-0.8660,True,Manipur,True,administrative
dnaindia,http://www.dnaindia.com/india/report_one-dead-road-and-rail-communication-disrupted-due-to-rains-in-assam_1450237,2575,2010-10-09 00:00:00,,"road between Haflong and Lanka, Assam","Road communication, too, has been disrupted in the district with the road connecting Haflong and Lanka severely damaged, sources said.","road between Haflong and Lanka, Assam",50km,landslide,downpour,medium,unknown,0,,,,,glc,2575,India,IN,Assam,8364,Maibong,28.77268,04-01-2014 00:00,11/20/2017 15:17,2/15/2018 15:51,92.9914,25.5242,2010,10,9,-1.0000,-0.0000,True,Assam,True,administrative
assamtribune,http://www.assamtribune.com/scripts/detailsnew.asp?id=jul3011/oth05,3840,2011-07-25 00:00:00,,Manipur,"Manipur road links restored Sobhapati Samom  IMPHAL, July 29 – Road links to Manipur, which remained cut off from the rest of the country since the last three days following heavy landslides on the National Highways, has been re-opened on Thursday.  However, repairs of the road at the landslide prone Maram bazaar stretch of Imphal-Dimapur sector of the National Highway 2 (formerly known as NH 39) in Senapati district would take some time.  With the opening of the State’s life line, the 300 stranded goods laden trucks have resumed their journey for their destinations in the afternoon today.  But the more than 4,000 residents of Maram bazaar, a small hill town located on the highway are facing scarcity of potable water after the landslide buried the water supply pipelines.  “We have been buying water at the rate of Rs 20 per 40 litre tin since the last three weeks”, Kunjeshwori, a fish vendor at Maram Bazar said.  Economic blockade: An economic blockade on the two national highways – NH",Manipur,50km,landslide,downpour,medium,unknown,0,,,,,glc,3840,India,IN,Manipur,22159,Mayāng Imphāl,8.94757,04-01-2014 00:00,11/20/2017 15:17,2/15/2018 15:51,93.9157,24.6869,2011,7,25,0.0000,-1.0000,True,Manipur,True,administrative
Business Standard,http://www.business-standard.com/article/pti-stories/communication-to-tezu-snapped-due-to-landslide-114051000401_1.html,6015,2014-05-08 00:00:00,,Lohit District of Arunachal Pradesh,"Landslides triggered by the first monsoon spell have snapped surface communication to Tezu in Lohit district of Arunachal Pradesh. The headquarters town of Tezu was cut off from rest of the state following massive landslides due to incessant rain in the past few days. According to official sources, heavy landslides beyond 5 km point from Tohangam (O Point) have brought vehicular movement to a standstill. ""Due to sinking of the steep hill and continuous mudslide, it is foiling our rigorous efforts. For few hours the mud was cleared and the road was made thorough but the continuous rain is creating hurdles in restoration works,"" BRO official P K Gupta informed. The Alubari Ghat connecting Tezu with Namsai had also been closed owing to surging waters of the Lohit river and its tributaries, sources said.",Lohit District of Arunachal Pradesh,1km,mudslide,rain,medium,above_road,0,0,,,,glc,6015,India,IN,Arunachal Pradesh,14927,Tezu,4.5707,8/24/2014 0:00,11/20/2017 15:17,2/15/2018 15:51,96.174,27.9032,2014,5,8,0.8660,-0.5000,True,Arunachal Pradesh,True,administrative
NELIVE (North East Live),http://www.nelive.in/assam/news/woman-injured-landslide,9051,2016-07-19 09:00:00,,"12th Mile area at Jorabat, Meghalaya, India","A family in 12th Mile area at Jorabat had a miraculous escape after a portion of a hillock located behind their compound fell on the house. The lady of the house, Nuni Sangma, received minor injuries in the incident.","12th Mile area at Jorabat, Meghalaya, India",25km,landslide,unknown,medium,natural_slope,0,1,,http://www.nelive.in/sites/default/files/city054%20%281%29.jpg,,glc,9051,India,IN,Meghalaya,2000,Dispur,6.97192,7/19/2016 19:03,11/20/2017 15:17,2/15/2018 15:51,91.8744337,26.09748244,2016,7,19,0.0000,-1.0000,True,Meghalaya,True,administrative
news.oneindia,http://news.oneindia.in/2010/09/04/strategicroad-link-cut-off-due-to-landslide-insikkim.html,2392,2010-09-04 00:00:00,,"17th mile(?), Jawaharlal Nehru Marg hwy, between Gangtok and Nathu La, Sikkim","Gangtok, Sep.4 (ANI): Incessant rains in the last few weeks have caused extensive landslides in Sikkim, as on Saturday, vehicular traffic on the road connecting Gangtok with Nathu La located along the India-China border came to a standstill due to landslides. Named the Jawaharlal Nehru Marg, the road holds high strategic importance for the movement of troops and their supplies.  It is also viewed as important for cross border trade and tourists who enjoy the rare experience of visiting the Nathu La Pass.  The worst affected spot has been ""the 17th mile"" where the road has been washed away to the extent of around 350 metres.  Reportedly, a gradient has slid down by 50 to 60 metres and a portion of the army barracks was badly damaged by the landslide.","17th mile(?), Jawaharlal Nehru Marg hwy, between Gangtok and Nathu La, Sikkim",10km,landslide,downpour,medium,unknown,0,,,,,glc,2392,India,IN,Sikkim,30700,Gangtok,12.9691,04-01-2014 00:00,11/20/2017 15:17,2/15/2018 15:51,88.7334,27.3702,2010,9,4,-0.8660,-0.5000,True,Sikkim,True,administrative
e-pao.net,http://e-pao.net/GP.asp?src=6..270711.jul11,3830,2011-07-22 00:00:00,,Manipur,"PWD officials reject Moreh office collapse report Source: The Sangai Express  Moreh, July 26 2011: There is no question of caving in of the main building of Mini-Secretariat at Moreh and preparations are on for inauguration of the office building at the soonest possible, AE M Birla Singh and SO Senminthang of PWD, Moreh have clarified.  Following heavy rainfall, landslides occurred along some portion of the road running in between the Transit Hostel and the main building of the Mini Secretariat recently leading to debris falling against the western wall of the main office building of the Mini Secretariat.  Efforts are currently underway to remove the debris with deployment of excavators.  AE M Birla and SO Senminthang, who came to inspect the work, clarified that there is no damage caused to the main building of the Mini Secretariat in the recent landslide contrary to what had been reported in some section of the media.",Manipur,10km,landslide,downpour,small,unknown,0,,,,,glc,3830,India,IN,Manipur,7528,Wāngjing,38.5554,04-01-2014 00:00,11/20/2017 15:17,2/15/2018 15:51,94.3429,24.3527,2011,7,22,0.0000,-1.0000,True,Manipur,True,administrative
voiceofsikkim.com,http://voiceofsikkim.com/2010/04/18/rains-trigger-major-landslide-at-pani-house/,1755,2010-04-17 15:00:00,,"Natl. Highway 31-A at Pani House(?), Gangtok","Much ahead of the Monsoon, Gangtok is already reeling under the ipact of incessant rains and resultant landslides.  The Gangtok traffic came to a stand still when a major landslide hit the road at Pani House this afternoon. The highway was blocked for several hours when a portion of the wall above Pani House came crashing down leaving hundreds of vehicle stranded off in the National Highway 31- A. It took almost an hour for Deorali OP Police and the local people to clear the debris for traffic.  However, no human causalities were reported except for the minor damage of a Mahindra Bolero which was parked below the landslide area. Besides, the rainwater entered into one of the hotels located at Pani House leaving the owner and the staff panic-stricken.","Natl. Highway 31-A at Pani House(?), Gangtok",5km,landslide,downpour,small,unknown,0,,,,,glc,1755,India,IN,Sikkim,30700,Gangtok,1.00195,04-01-2014 00:00,11/20/2017 15:17,2/15/2018 15:51,88.6083,27.3341,2010,4,17,1.0000,0.0000,True,Sikkim,True,administrative
Nagaland Post,http://www.nagalandpost.com/channelnews/state/StateNews.aspx?news=TkVXUzEwMDA4MjI0OA%3D%3D,6990,2015-06-24 00:00:00,,"New Land (""""New Colony"""")","Incessant rain and heavy downpour took its toll, in the form of huge landslide which destroyed several houses, properties and road connectivity affecting the normal and regular life of the residents here in New Colony, Zunheboto.","New Land (""""New Colony"""")",5km,landslide,continuous_rain,medium,above_road,0,0,,,,glc,6990,India,IN,Nagaland,29499,Zunheboto,7.81915,6/26/2015 17:57,11/20/2017 15:17,2/15/2018 15:51,94.5466,26.0319,2015,6,24,0.5000,-0.8660,True,Nagaland,True,administrative
The Assam Tribune,http://www.assamtribune.com/scripts/detailsnew.asp?id=oct0214/oth052,6222,2014-10-01 11:00:00,,Karsingsa block point,"The incident occurred around 11 am when a group of commuters were crossing the Karsingsa block point on foot towards Banderdewa, the gateway of Arunachal capital, Itanagar, when a massive landslide hit the victims and buried them alive after dragging them for about 100 metres.  The killed have been identified as 22-year-old Gichik Yake (Tagru) and her husband Tagru Tassa (27) of Tali in Kurung Kumey district, Kamgouthang Kipgen (29) and Jhon Kipgen (16) – both hailing from Manipur, and eight-year-old boy Hriky Dekam (Tamin) from Daporijo, Upper Subansiri district. The police later brought the bodies to the Arunachal State Hospital morgue for identification and later handed them over to their relatives after completing all formalities.",Karsingsa block point,5km,landslide,unknown,small,above_road,5,0,,,,glc,6222,India,IN,Arunachal Pradesh,26912,Naharlagun,7.80995,10-08-2014 21:31,11/20/2017 15:17,2/15/2018 15:51,93.7706,27.1249,2014,10,1,-1.0000,-0.0000,True,Arunachal Pradesh,True,administrative
Nagaland Post,http://www.nagalandpost.com/channelnews/state/StateNews.aspx?news=TkVXUzEwMDA5ODM0Mg%3D%3D,9169,2016-06-12 00:00:00,,"on road between Mon and Tobu near Telangsao Hydro project , Nagaland, India","Location estimated. Due to incessant rain for the last two days multiple landslide and mudslides near Telangsao Hydro project has once again caused blockage to vehicular movement from Mon to Tobu area. According to sources, Hongpi, DPRO Mon, two culverts have been completely washed away by the landslide while multiple mudslides occurred along the roads. He also informed that since the occurance of landslide, the BRO have been engaged to clear the road blockage.  It may be mentioned that there was a major mudslide in this particular area in the month of April. The situation is likely to deteriorate if it continues to rain in the days to come. This particular route is the life line of the Tobu subdivision of Mon district.","on road between Mon and Tobu near Telangsao Hydro project , Nagaland, India",100km,landslide,continuous_rain,unknown,above_road,0,0,,http://www.nagalandpost.com/cms/newsimages/MWGYGXNTVMJXULIEUCSP_resize.jpg,,glc,9169,India,IN,Nagaland,54010,Wokha,7.94213,7/25/2016 18:09,11/20/2017 15:17,2/15/2018 15:51,94.2442,26.1677,2016,6,12,0.5000,-0.8660,True,Nagaland,True,administrative
e-pao,http://www.e-pao.net/GP.asp?src=27..280810.aug10,2344,2010-08-27 16:30:00,,"NH-53 at Nungba police station, Kambirong(?), Manipur","Imphal, August 27 2010: The state was cut off from the rest of the country as landslides triggered by torrential rains blocked both NH-39 and 53.The disturbances on the highways are amidst the extended 25-day economic blockade imposed by UNC which entered the third day today.  The landslide blocking NH-39 occurred at Ekai village, two kilometer away from Tadubi at about 4.30 pm today while the traffic on NH-53 was blocked by a heavy landslide at Kambirong only 10 metres away from Nungba police station, official reports said.  The report said that due to the landslide at Ekai village, highway traffic has been totally blocked.  A portion of around 10 metres of the hill face has slid due to torrential rains in the last few days, it added.  The road has been totally blocked by rocks and mud forcing freight trucks and other vehicles stranded on both sides of the landslide area.","NH-53 at Nungba police station, Kambirong(?), Manipur",5km,landslide,downpour,medium,unknown,0,,,,,glc,2344,India,IN,Assam,12871,Lakhipur,42.03089,04-01-2014 00:00,11/20/2017 15:17,2/15/2018 15:51,93.4221,24.7505,2010,8,27,-0.5000,-0.8660,True,Assam,True,administrative
The Sangai Express,http://www.thesangaiexpress.com/page/items/54212/massive-landslide-along-maram-peren-road-downpour-creates-havoc-in-different-parts,7263,2015-07-22 00:00:00,,"15 kms from Maram, National Highway-102/A (Maram Peren road)",Reports collected from different areas of the district said that massive landslide along the newly christened National Highway-102/A (Maram Peren road) has totally cut off villages in Willong and Yangkhullen circle. Sources specified of major landslides in different locations including 15 kms from Maram,"15 kms from Maram, National Highway-102/A (Maram Peren road)",1km,landslide,continuous_rain,medium,above_road,0,0,,,,glc,7263,India,IN,Manipur,92113,Kohima,25.91151,7/23/2015 16:27,11/20/2017 15:17,2/15/2018 15:51,94.0489,25.4477,2015,7,22,0.0000,-1.0000,True,Manipur,True,administrative
twocircles.net,http://twocircles.net/2012jun22/landslide_kills_three_assam.html,4424,2012-06-20 00:00:00,,"Lalunggaon, Guwahati,  Assam","A man and his two minor sons were killed after their house here collapsed following a landslide Friday, police said. The accident took place in Lalunggaon area.Police said that incessant rains in the area since Thursday evening led to the landslide.","Lalunggaon, Guwahati,  Assam",1km,landslide,downpour,medium,unknown,,,,,,glc,4424,India,IN,Assam,899094,Guwahati,4.06526,04-01-2014 00:00,11/20/2017 15:17,2/15/2018 15:51,91.7351,26.149,2012,6,20,0.5000,-0.8660,True,Assam,True,administrative
e-pao,http://www.e-pao.net/GP.asp?src=15..240511.may11,3525,2011-05-22 00:00:00,,"Kaiphundai(?)-Tousem(in Assam) road, Tamenglong district, Manipur","May 23 2011: Heavy rainfall caused landslides at three different places along Kaiphundai-Tousem road, the only lifeline of the villagers of restive Tousem Sub-Division of Tamenglong district.  The landslides occurred between New Mandeu and Mandeu village and at Tamenglong-Tousem-Haflong road, said a press release issued by Executive Member of Tamenglong ADC, MP Guang.","Kaiphundai(?)-Tousem(in Assam) road, Tamenglong district, Manipur",25km,landslide,downpour,medium,unknown,0,,,,,glc,3525,India,IN,Assam,7176,Mahur,32.48182,04-01-2014 00:00,11/20/2017 15:17,2/15/2018 15:51,93.4093,25.0672,2011,5,22,0.8660,-0.5000,True,Assam,True,administrative
E-PAO,http://e-pao.net/GP.asp?src=21..020815.aug15,7369,2015-08-01 00:00:00,,between Chalong and Paraolon,Two landslides between Chalong to Paraolon,between Chalong and Paraolon,10km,landslide,continuous_rain,medium,above_road,0,0,,,,glc,7369,India,IN,Manipur,30418,Kakching,28.99355,12/14/2015 20:47,11/20/2017 15:17,2/15/2018 15:51,94.1016,24.1988,2015,8,1,-0.5000,-0.8660,True,Manipur,True,administrative
ibnlive.in,http://ibnlive.in.com/generalnewsfeed/news/barrak-valley-cut-off-due-to-heavy-landslides/1007155.html,4377,2012-06-02 00:00:00,,"Guwahati, Assam","South Assam's Barrak valley has been cut off from the rest of the country due to heavy landslides. Northeast Frontier Railway sources said heavy rain have caused landslide in five places between Haranjao and Mailongdifa railway stations. A ""small"" track will be cleared within a couple of hours but the bigger one will take time but the work is on full swing, officials said. Due to this normal train services between Silchar, Lumding and Guwahati will be suspended.","Guwahati, Assam",5km,landslide,downpour,large,unknown,,,,,,glc,4377,India,IN,Assam,899094,Guwahati,4.21344,04-01-2014 00:00,11/20/2017 15:17,2/15/2018 15:51,91.7356,26.1475,2012,6,2,0.5000,-0.8660,True,Assam,True,administrative
e-pao.net,http://e-pao.net/GP.asp?src=24..050913.sep13,5430,2013-09-01 00:00:00,,"Tamenglong- Khongsang Road, Manipur",Mudslides also occurred along Tamenglong- Khongsang road at many spots.,"Tamenglong- Khongsang Road, Manipur",25km,mudslide,continuous_rain,medium,unknown,0,,,,,glc,5430,India,IN,Manipur,223523,Imphal,47.40742,04-01-2014 00:00,11/20/2017 15:17,2/15/2018 15:51,93.487,24.9037,2013,9,1,-0.8660,-0.5000,True,Manipur,True,administrative
The Sangai Express,http://www.thesangaiexpress.com/page/items/54212/massive-landslide-along-maram-peren-road-downpour-creates-havoc-in-different-parts,7264,2015-07-22 00:00:00,,22 kms to 30 kms between Sangkungmai and Willong,"Torrential rain in the last many days has created havoc in many places of Senapati district. According to sources, vehicular and human movements have been completely halted. Removal of trees and loose soil are expected to take many weeks before normal movement along the road can begin. Sources specified of major landslides in different locations including 15 kms from Maram, 22 kms to 30 kms between Sangkhumai and Willong, Willong-Yangkhullen stretch and Yangkhullen-Tamphung road till Nagaland border.",22 kms to 30 kms between Sangkungmai and Willong,5km,landslide,continuous_rain,medium,above_road,0,0,,,,glc,7264,India,IN,Manipur,92113,Kohima,27.6588,7/23/2015 16:32,11/20/2017 15:17,2/15/2018 15:51,93.9827,25.4538,2015,7,22,0.0000,-1.0000,True,Manipur,True,administrative
Telegraph India,http://www.telegraphindia.com/1070911/asp/siliguri/story_8300563.asp,256,2007-09-10 00:00:00,,Rhodong village near Rhey in East Sikkim,"destroyed a house, killed 1 and injured 1",Rhodong village near Rhey in East Sikkim,10km,landslide,rain,medium,unknown,,,,,,glc,256,India,IN,Sikkim,30700,Gangtok,2.17536,04-01-2014 00:00,11/20/2017 15:17,2/15/2018 15:51,88.6236,27.3425,2007,9,10,-0.8660,-0.5000,True,Sikkim,True,administrative
Indian Express,http://indianexpress.com/article/india/india-news-india/at-least-10-killed-in-landslides-in-assam-rescue-operations-underway-2806810/,9335,2016-05-18 08:00:00,,"Bilaipur, Hailakandi district, Assam, India","One of two landslides in Bilaipur triggered by the same rainfall event. Ten people were killed in landslides in Karimganj and Hailakandi districts in Barak Valley in Assam on Wednesday following incessant rains. In neighbouring Hailakandi district, two incidents of landslide killed four persons at Bilaipur and a six-year old boy at Ramchandi area, police officials said. The debris fell on two houses where the victims were sleeping early in the morning, they said. NDRF and police have been engaged in rescue and relief operations.","Bilaipur, Hailakandi district, Assam, India",1km,landslide,continuous_rain,unknown,unknown,2,0,,,,glc,9335,India,IN,Assam,10942,Lāla,11.569,08-03-2016 13:38,11/20/2017 15:17,2/15/2018 15:51,92.7239,24.5202,2016,5,18,0.8660,-0.5000,True,Assam,True,administrative
E-PAO,http://e-pao.net/GP.asp?src=Snipp16..250715.jul15,7279,2015-07-24 00:00:00,,Tamenglong Ward No-IV,"Due to incessant rainfalls in the last few days, a huge mudslide occurred on Friday which destroyed a garage along with a Bolero jeep and other belongings of one Namthiurai Daimei of Tamenglong Ward No-IV.",Tamenglong Ward No-IV,50km,mudslide,monsoon,medium,other,0,0,,,,glc,7279,India,IN,Manipur,7176,Mahur,46.17661,08-12-2015 19:17,11/20/2017 15:17,2/15/2018 15:51,93.5142,24.9818,2015,7,24,0.0000,-1.0000,True,Manipur,True,administrative
Assam Tribune,http://www.assamtribune.com/scripts/detailsnew.asp?id=sep2414/at051,6288,2014-09-22 00:00:00,,Noonmati,"On the other hand, several incidents of landslides were reported from Dhirenpara, Koinadhara, Gorhchuk, Noonmati and Pamohi.",Noonmati,5km,landslide,rain,small,unknown,0,0,,,,glc,6288,India,IN,Assam,899094,Guwahati,5.61963,10/21/2014 15:40,11/20/2017 15:17,2/15/2018 15:51,91.7998,26.1985,2014,9,22,-0.8660,-0.5000,True,Assam,True,administrative
kanglaonline.com,http://www.kanglaonline.com/index.php?template=headline&newsid=39255&typeid=1,258,2007-09-11 00:00:00,,"NH-39 at Imphal-Moreh section, Lokchao largest event","multiple landslides (6 locations) along NH 39, blocked traffic","NH-39 at Imphal-Moreh section, Lokchao largest event",50km,landslide,rain,medium,unknown,3,,,,,glc,258,India,IN,Manipur,30418,Kakching,10.89373,04-01-2014 00:00,11/20/2017 15:17,2/15/2018 15:51,94.0564,24.4279,2007,9,11,-0.8660,-0.5000,True,Manipur,True,administrative
www.nagalandpost.com,http://www.nagalandpost.com/channelnews/state/StateNews.aspx?news=TkVXUzEwMDA0NDE4MQ%3D%3D-6hneqQH1frg%3D,5338,2013-08-16 00:00:00,,"Longlem, Nagaland","Two villages- Oting and Longlem under 41 Tizit A/C remained  cut-off from the rest of the district due to heavy mudslide that occurred on August 16 last. The mudslide covered about 60-70 metre stretch of road near Longlem village. It has been reported that the residents of both the villages were facing shortage of essential commodities as their life-line has been blocked by the mudslide for more than 10 days. It may be mentioned that a JCB had reached the major mudslide site on August 20 to clear the road. However, according to a villager, the JCB which had gone for refueling on August 22, before clearing even 1/3 (one third) of the affected road, never returned.","Longlem, Nagaland",25km,landslide,rain,medium,unknown,,,,,,glc,5338,India,IN,Assam,19672,Sonāri,19.00178,04-01-2014 00:00,11/20/2017 15:17,2/15/2018 15:51,94.9275,26.8727,2013,8,16,-0.5000,-0.8660,True,Assam,True,administrative
Business Standard,http://www.business-standard.com/article/pti-stories/rescue-operations-for-woman-swept-away-by-landslide-continue-114071500831_1.html,6143,2014-07-14 18:00:00,,"Zembabawk, Aizawl","The State Disaster Response Force and volunteers from Falkland locality and other places continued their operation to search the body of a 30-year-old woman, swept away by a massive landslide last evening near Aizawl, despite inclement weather. Six persons, including Munna Begum, were inside a house at Falkland area of Zemabawk when the landslide swept it away, Aizawl district Additional SP Remsanga told PTI. A building construction worker Amar Hussein, from Duttapur in neighbouring Cachar district of Assam, had rented the house and was living there with two of his helpers while his wife Begum and two children recently joined them, he said. The landslide, during a heavy downpour, swept away the house and Begum was still missing while the two children sustained minor injuries, Remsanga added. Except her sarees, Begum was yet to be found and the volunteers suspected that the flash flood has swept her body to river Chite, he said.","Zembabawk, Aizawl",5km,landslide,downpour,medium,unknown,1,2,,,,glc,6143,India,IN,Mizoram,265331,Aizawl,2.92778,8/24/2014 0:00,11/20/2017 15:17,2/15/2018 15:51,92.7463,23.7327,2014,7,14,0.0000,-1.0000,True,Mizoram,True,administrative
www.business-standard.com,http://www.business-standard.com/article/news-ani/tourists-stranded-due-to-landslide-in-gangtok-113060900319_1.html,4908,2013-06-08 17:00:00,,"15 Km From Gangtok, Himalayans","Hundreds of tourists were stranded near Gangtok, following a landslide. ""We faced many problems there was nothing to protect us (from cold). The person, who slept in the vehicle in night, might fall sick. Military persons gave food to everybody to eat. Locals helped us,"" a tourist, Sanjay Suri, said. Nearly 100 vehicles were struck as slush and the debris blocked the road nearly 15 kilometres off Gangtok after heavy rain. Gangtok is located in the Himalayans at an altitude of nearly 5,600 feet. Military personnel and locals aided the visitors, who slept either in cars or a nearby temple. The Border Roads Organisation (BRO) has started the clearing operations to make the road commutable for the travelers to leave for their destination. (2nd link) Around 600 tourists returning to Gangtok from Chhangu Lake, Baba Mandir and Nathu-la were stranded at 5th Mile, 15km from Gangtok, following a landslide on Jawaharlal Nehru Marg on Saturday evening, official sources said. ""Around 5pm, when t","15 Km From Gangtok, Himalayans",25km,landslide,downpour,medium,unknown,0,,,,,glc,4908,India,IN,Sikkim,30700,Gangtok,10.78558,04-01-2014 00:00,11/20/2017 15:17,2/15/2018 15:51,88.708,27.3721,2013,6,8,0.5000,-0.8660,True,Sikkim,True,administrative
Business Standard,http://www.business-standard.com/article/news-ani/over-hundred-homes-displaced-due-to-landslide-in-meghalaya-116072100406_1.html,9124,2016-07-19 00:00:00,,"Rongthragittim Songittal village, near Sibbari, South Garo Hills District, Meghalaya, India",At least three houses were destroyed and over a hundred others displaced by a massive landslide near Sibbari in Meghalaya's South Garo Hills District. A large portion of a hill came sliding down on Tuesday at Rongthragittim Songittal village due to incessant rains in the region for over six days. Such was the force with which the portion of the hill came down that some of the displaced houses were pushed as far away as hundred meters from their original position. No causalities have been reported due to the incident.,"Rongthragittim Songittal village, near Sibbari, South Garo Hills District, Meghalaya, India",5km,translational_slide,continuous_rain,large,natural_slope,0,0,,,,glc,9124,India,IN,Meghalaya,79016,Netrakona,39.40241,7/22/2016 13:49,11/20/2017 15:17,2/15/2018 15:51,90.5573,25.203,2016,7,19,0.0000,-1.0000,True,Meghalaya,True,administrative
Indian Express,http://indianexpress.com/article/india/india-news-india/at-least-10-killed-in-landslides-in-assam-rescue-operations-underway-2806810/,9338,2016-05-18 08:00:00,,"Sonachirra, Karimganj district, Assam, India","Estimated location. Ten people were killed in landslides in Karimganj and Hailakandi districts in Barak Valley in Assam on Wednesday following incessant rains. Five members of a family were killed in a landslide at Sonachirra in Karimganj district in the wee hours, a police official said. The landslip, triggered by incessant rains, buried a house on the edge of a hill killing the five people. Among the victims are a man, his wife and their daughter and two sons. The area has been hit by continuous rains for the past three days.","Sonachirra, Karimganj district, Assam, India",10km,landslide,continuous_rain,medium,natural_slope,5,0,,,,glc,9338,India,IN,Assam,10942,Lāla,15.88512,08-03-2016 13:59,11/20/2017 15:17,2/15/2018 15:51,92.4943,24.4638,2016,5,18,0.8660,-0.5000,True,Assam,True,administrative
Mizoram Express,http://mizoramexpress.com/index.php/2010/09/mizoram-landslides-kill-one-woman/,2421,2010-09-13 09:00:00,,"road to Muanna Godown, Zuangtui, Mizoram",The heavy rain also caused landslides in several places blocking the road. The approach road to Muanna Godown in Zuangtui was blocked by a landslide since this morning.  It is expected to be restored this evening.,"road to Muanna Godown, Zuangtui, Mizoram",1km,landslide,downpour,medium,above_road,,,,,,glc,2421,India,IN,Mizoram,20244,Serchhīp,8.59507,04-01-2014 00:00,11/20/2017 15:17,2/15/2018 15:51,92.74128531,23.75406693,2010,9,13,-0.8660,-0.5000,True,Mizoram,True,administrative
Business Standard,http://www.business-standard.com/article/news-ians/landslide-blocks-nh2-disrupting-traffic-to-and-from-manipur-116071000262_1.html,8901,2016-07-10 00:00:00,,"National Highway 2, near Kohima, Nagaland, India","Manipur's road-link with the rest of the country was severely disrupted on Sunday as a landslide blocked National Highway 2 near the Nagaland capital Kohima. ""All available personnel and machinery are being used to remove the debris from the road,"" an official told IANS over phone from Kohima. NH 2 and NH 37 are the two main road links between the state and the rest of the country. However, it is feared that there may be fresh landlsides as heavy downpour continued to lash most of the northeastern states.","National Highway 2, near Kohima, Nagaland, India",25km,landslide,downpour,medium,above_road,0,0,,,,glc,8901,India,IN,Nagaland,92113,Kohima,12.96831,07-11-2016 20:08,11/20/2017 15:17,2/15/2018 15:51,94.1318,25.7902,2016,7,10,0.0000,-1.0000,True,Nagaland,True,administrative
e-pao.net,http://e-pao.net/GP.asp?src=21..210810.aug10,2283,2010-08-19 00:00:00,,"2 km from Khongsang village(?), road between Tamenglong and Imphal or Nungba, Manipur","Imphal, August 20 2010:   At the same time, another landslide had occurred yesterday near Kisima between Mao Gate and Kohima which virtually cut off the Nagaland capital from the rest of the country.  Meanwhile, our Tamenglong correspondent, Daniel Kamei reported that following heavy rains during the past week, a massive mud slide has occurred at Khongsang village which completely cut off the road between Tamenglong and Imphal.  The mudslide occurred 2 km from Khongsang.  Many vehicles bound for Imphal or Nungba have returned to Tamenglong. Uncertain date: 13 - 19th.","2 km from Khongsang village(?), road between Tamenglong and Imphal or Nungba, Manipur",5km,mudslide,downpour,medium,unknown,0,,,,,glc,2283,India,IN,Manipur,223523,Imphal,46.36778,04-01-2014 00:00,11/20/2017 15:17,2/15/2018 15:51,93.4957,24.8961,2010,8,19,-0.5000,-0.8660,True,Manipur,True,administrative
Telegraph India,http://www.telegraphindia.com/1120915/jsp/siliguri/story_15979380.jsp#.UQ8y7h2x-3I,4552,2012-09-14 00:00:00,,"Takdah, West Bengal","Landslides triggered by heavy overnight rain in the hills caused extensive damage in six tea gardens but planters said the digging being done under the 100-day rural job scheme was making the soil come loose.While work had to be stopped for the day in Takdah and Lopchu gardens because of the slides, Bannockburn, Phoobshering, Ging and Pussimbing reported loss of many tea bushes.“Takdah received around 18 inches of rainfall in the last 24 hours. Around 160 labourer quarters have suffered damage. A 40ft road in Takdah has been washed away in four places and five culverts have been damaged in landslides. There is no approach road to the garden factory now,” said Sandeep Mukherjee, the principal advisor to the Darjeeling Tea Association.","Takdah, West Bengal",5km,landslide,downpour,medium,unknown,,,,,,glc,4552,India,IN,Sikkim,3596,Jorethang,8.50592,04-01-2014 00:00,11/20/2017 15:17,2/15/2018 15:51,88.3603,27.0377,2012,9,14,-0.8660,-0.5000,True,Sikkim,True,administrative
Sciency Thoughts,http://sciencythoughts.blogspot.com/2014/05/seven-members-of-one-family-killed-by.html,6016,2014-05-09 23:00:00,,"Satgarakul Village, Karimganj, Assam State","Seven members of a single family have been killed by a landslide that struck their home in the village of Satkoragool in the Karimganj District of Assam State, India, overnight between Friday 9 May and Saturday 10 May/2014. Nobody witnessed the incident, which occurred during heavy rain, but neighbours found that part of a hillside had collapsed onto the home, burying it under a debris heap of mud rocks and trees. The bodies of Lubub Uddin (45), his wife Saina Begam (35). and their five children, aged between two and eleven were all recovered from the site.","Satgarakul Village, Karimganj, Assam State",1km,landslide,rain,small,unknown,7,0,,,,glc,6016,India,IN,Assam,55290,Karīmganj,0.3326,8/24/2014 0:00,11/20/2017 15:17,2/15/2018 15:51,92.3576,24.8669,2014,5,9,0.8660,-0.5000,True,Assam,True,administrative
Indian Express,http://indianexpress.com/article/india/india-others/several-houses-swept-away-in-mudslide-in-the-mizoram-town-of-phullen/,7780,2015-08-26 00:00:00,,Sailam village,"A few casualties have been reported, including a driver in his 20s who later died in a hospital after the vehicle he was driving was buried by a landslide near Sailam village, about 75 kms south of Aizawl, this past weekend.",Sailam village,5km,landslide,continuous_rain,medium,above_road,1,0,,,,glc,7780,India,IN,Mizoram,5963,Thenzawl,5.91871,6/20/2016 17:45,11/20/2017 15:17,2/15/2018 15:51,92.7878,23.3572,2015,8,26,-0.5000,-0.8660,True,Mizoram,True,administrative
Assam Tribune,http://www.assamtribune.com/scripts/detailsnew.asp?id=sep2414/at051,6283,2014-09-22 00:00:00,,Dakhingaon,"Flash flood and landslides continued to cause devastation in Guwahati for the second day today with the death toll due to landslip rising to four. Two persons died in two separate incidents of landslides in Lalmati and Dakhingaon, whereas a woman was injured in another landslide incident at Batahghuli.",Dakhingaon,1km,landslide,rain,small,unknown,0,0,,,,glc,6283,India,IN,Assam,2000,Dispur,4.61338,10/21/2014 14:27,11/20/2017 15:17,2/15/2018 15:51,91.7548,26.1314,2014,9,22,-0.8660,-0.5000,True,Assam,True,administrative
Nagaland Post,https://issuu.com/nagalandpost90/docs/july_13__2016,8930,2016-07-11 23:00:00,,"North Point Colony, Akuluto, Nagaland, India","A massive landslide occurred at North Point Colony, Akuluto on July 11 at around 11p.m. According an official bulletin, SDO (civil) Akuluto, Kikumsangla Jamir, who visited the affected area, said five houses were damaged badly and the road leading to colony was also blocked.  Local residents and personnel of 8th NAP, B Coy helped in clearing the road and also the affected families.","North Point Colony, Akuluto, Nagaland, India",1km,landslide,unknown,large,unknown,0,0,,,,glc,8930,India,IN,Nagaland,34021,Mokokchūng,17.35373,7/13/2016 16:47,11/20/2017 15:17,2/15/2018 15:51,94.4922,26.1699,2016,7,11,0.0000,-1.0000,True,Nagaland,True,administrative
rttnews,http://www.rttnews.com/ArticleView.aspx?Id=758386&SMap=1,869,2008-10-29 00:00:00,,North Lakhimpur,"flooding and landslides, Floods and landslides caused by heavy rains over the last three days have killed at least seven people and displaced thousands more in the northeastern states of India",North Lakhimpur,50km,landslide,downpour,medium,unknown,,,,,,glc,869,India,IN,Assam,59841,North Lakhimpur,1.31739,04-01-2014 00:00,11/20/2017 15:17,2/15/2018 15:51,94.1167,27.2333,2008,10,29,-1.0000,-0.0000,True,Assam,True,administrative
Newkerala,http://www.newkerala.com/oct.php?action=fullnews&id=7498,285,2007-09-29 00:00:00,,"National Highway, 45 Aizwal (Mizoram)","unsure of exact day, landslides blocked road somewhere in province","National Highway, 45 Aizwal (Mizoram)",50km,landslide,rain,medium,unknown,,,,,,glc,285,India,IN,Mizoram,25000,Kolasib,10.56357,04-01-2014 00:00,11/20/2017 15:17,2/15/2018 15:51,92.6921,24.1293,2007,9,29,-0.8660,-0.5000,True,Mizoram,True,administrative
E-PAO,http://e-pao.net/GP.asp?src=7..290611.jun11,3662,2011-06-28 00:00:00,,"Ikou-Gangpijang road, near: Ikou, Saikul, and Gangpijang; Imphal India","June 28 2011: Ikou-Gangpijang road, development work of which was left incomplete following some disputes in awarding the contract, has been disconnected following landslide.  Consequent upon the landslide, passenger buses travelling from Imphal could not proceed beyond Ikou.  The passengers travelling to Saikul have to cross the landslide area on foot, and then travel forward till Saikul from Gangpijang in passenger jeeps.  In case passenger jeeps are not available, people have to walk all the way to Saikul which is about 2.5 Kms away.  Development work on Sagolmang-Saikul road which passes through Ikou and Gangpijang was abandoned after completing around 80 per cent of the following disputes in the contract deals.  The development work of the road was abandoned after the work order was given to a second contractor.  Notably, taking serious note of the abandonment of the road development work, KSO Saikul and Kuki Inpi Saikul appealed to the Chief Minister to finish the work before ons","Ikou-Gangpijang road, near: Ikou, Saikul, and Gangpijang; Imphal India",25km,landslide,rain,medium,below_road,,,,,,glc,3662,India,IN,Manipur,223523,Imphal,0.44836,04-01-2014 00:00,11/20/2017 15:17,2/15/2018 15:51,94.0144205,25.03561729,2011,6,28,0.5000,-0.8660,True,Manipur,True,administrative
Assam Times,http://www.assamtimes.org/node/15150,8339,2015-09-23 00:00:00,,Kamakhya Temple,Surface communication remains heavily disrupted atop the Nilachal Hill when a huge rock collapsed on the road leading to the historic Kamakhya temple on Wednesday.It took several hours for PWD and forest officials to clear the road after the rock along with uprooted trees blocked a portion of the hillside road in the morning. There is no report of casualty. Local residents fear the repeat of more landslide in view of the non stopped rains during the last 48 hours. The authority have asked the residents in the hillock to come down to the safe places to avoid further disaster.Tourists from the far flung areas have been remaining stranded on way to the historic Kamakhya temple from early in the morning.,Kamakhya Temple,1km,landslide,continuous_rain,medium,above_road,0,0,,,,glc,8339,India,IN,Assam,17516,North Guwāhāti,3.77975,07-06-2016 12:43,11/20/2017 15:17,2/15/2018 15:51,91.7042,26.1666,2015,9,23,-0.8660,-0.5000,True,Assam,True,administrative
E-Pao,http://www.e-pao.net/GP.asp?src=Snipp1..260716.jul16,9186,2016-07-25 12:30:00,,"Imphal-Dimapur road  in Tadubi, Senapati district, Manipur, India","Continuous downpour in the past three days led to a massive mudslide along Imphal-Dimapur road (NH-2) and destroyed 6 stalls constructed at the heart of Tadubi town at around 12.30pm today, reports NNN.  An 81 year old woman identified as S Koshuni, who was in one of the shops miraculously escaped with minor injuries.","Imphal-Dimapur road  in Tadubi, Senapati district, Manipur, India",1km,landslide,continuous_rain,medium,above_road,0,1,,,,glc,9186,India,IN,Manipur,92113,Kohima,21.74404,7/26/2016 16:05,11/20/2017 15:17,2/15/2018 15:51,94.1383,25.48,2016,7,25,0.0000,-1.0000,True,Manipur,True,administrative
Assam Times,http://www.assamtimes.org/node/14309,7253,2015-07-22 00:00:00,,Lakhipur,"Five persons of a family were buried alive when a huge hillock collapsed on their house in Cachar district on Wednesday. The incident took place in the wee hours at Lakhipur are when a huge hillock slipped into the house where Zubeda Khatun along with her four children lived in.  “It came to light at around 10 in the morning as the local residents had to keep themselves confined to their homes because of the incessant rains,” a local resident told Assam Times over telephone.",Lakhipur,5km,landslide,continuous_rain,medium,urban,5,0,,,,glc,7253,India,IN,Assam,12871,Lakhipur,1.31262,7/22/2015 15:44,11/20/2017 15:17,2/15/2018 15:51,92.9974,24.7979,2015,7,22,0.0000,-1.0000,True,Assam,True,administrative
Assam Tribune,http://www.assamtribune.com/scripts/detailsnew.asp?id=sep2414/at051,6286,2014-09-22 00:00:00,,Garchuk,another road in Garchuk was also blocked due to landslide.,Garchuk,5km,landslide,rain,small,unknown,0,0,,,,glc,6286,India,IN,Assam,899094,Guwahati,9.63258,10/21/2014 15:30,11/20/2017 15:17,2/15/2018 15:51,91.7082,26.1044,2014,9,22,-0.8660,-0.5000,True,Assam,True,administrative
kanglaonline,http://www.kanglaonline.com/index.php?template=headline&newsid=42473&typeid=2,594,2008-06-19 00:00:00,,"Namkaoluang village, Tamenglong-Sangrung (Khongsang) road, NH-53, Manipur",mudslide 30-40 feet long,"Namkaoluang village, Tamenglong-Sangrung (Khongsang) road, NH-53, Manipur",25km,mudslide,monsoon,medium,unknown,,,,,,glc,594,India,IN,Manipur,223523,Imphal,18.23429,04-01-2014 00:00,11/20/2017 15:17,2/15/2018 15:51,93.8275,24.9336,2008,6,19,0.5000,-0.8660,True,Manipur,True,administrative
Hindustan Times,http://www.hindustantimes.com/india/20-dead-several-houses-swept-away-in-manipur-landslide/story-KoP6OouFBWhqxSdcnLrXJN.html,7383,2015-08-01 00:00:00,,"Tuitung village, Khengjoi","Several houses of Hollenjang, Wayang and Tuitung village under Khengjoi were also swept away by the landslide. The total number of casualties from these areas, if any, are not known so far.","Tuitung village, Khengjoi",5km,landslide,rain,medium,unknown,0,0,,,,glc,7383,India,IN,Manipur,44540,Mawlaik,38.95051,12/14/2015 20:53,11/20/2017 15:17,2/15/2018 15:51,94.1434,23.899,2015,8,1,-0.5000,-0.8660,True,Manipur,True,administrative
Eastern Mirror,http://www.easternmirrornagaland.com/landslide-hampers-nh-102-traffic-restored/,8900,2016-07-07 00:00:00,,"Imphal-Ukhrul sector of National Highway 102, Manipur, India","Estimated Date. Heavy landslide along the busy Imphal-Ukhrul sector of the National Highway 102 hampered vehicular traffic along the route forcing passenger buses to stop normal services since the last four days.  However smaller-sized vehicles such as cars, vans and gypsies managed to cross the landslide-hit Finch Corner area, 65 km north of Imphal only after the Border Road Task Force (BRTF) machinery cleared the area this afternoon, reports from Ukhrul said.  Earlier in the morning, most of the residents of Ukhrul district who usually takes 2-3 hours, took 6 hours to reach Imphal town by exchanging their vehicles at the two ends of the landslide-hit Finch corner area, according to a resident.  The picturesque Finch Corner areas witnessed heavy landslide measuring around 150 metres following continuous rain in the areas since the last few days.  Sources reaching here said that the BRTF personnel were currently taking all out efforts to restore normal traffic along the highway.","Imphal-Ukhrul sector of National Highway 102, Manipur, India",25km,landslide,monsoon,large,above_road,0,0,,,,glc,8900,India,IN,Manipur,223523,Imphal,43.61406,07-11-2016 19:51,11/20/2017 15:17,2/15/2018 15:51,94.3136,25.0118,2016,7,7,0.0000,-1.0000,True,Manipur,True,administrative
E-PAO,http://e-pao.net/GP.asp?src=26..120815.aug15,7666,2015-08-11 00:00:00,,Tousem,"In a press statement, ZB-AMN General Secretary Dr Gairiangmei Maringmei said due to recent incessant rain, several areas of the Zeliangrong region have experienced landslides.",Tousem,5km,landslide,continuous_rain,medium,unknown,0,0,,,,glc,7666,India,IN,Manipur,7176,Mahur,27.66664,4/28/2016 21:01,11/20/2017 15:17,2/15/2018 15:51,93.3729,25.1019,2015,8,11,-0.5000,-0.8660,True,Manipur,True,administrative
kuenselonline,http://www.kuenselonline.com/modules.php?name=News&file=article&sid=16186,2113,2010-07-21 08:00:00,,"Singtam-Mangan rd, Sikkim","Five houses were destroyed by landslides triggered by incessant rain at Zang in East Sikkim early this morning. Nobody was hurt as families living in these houses could escape just before the slides struck.  The mud slides also blocked the Singtam-Mangan road, which is an alternative route to North Sikkim Highway. The rubbles were cleared by the Border Roads Organisation for light vehicles later in the afternoon","Singtam-Mangan rd, Sikkim",25km,landslide,downpour,medium,unknown,0,,,,,glc,2113,India,IN,Sikkim,30700,Gangtok,7.76559,04-01-2014 00:00,11/20/2017 15:17,2/15/2018 15:51,88.559,27.3773,2010,7,21,0.0000,-1.0000,True,Sikkim,True,administrative
Nagaland Post,http://nagalandpost.com/ChannelNews/State/StateNews.aspx?news=TkVXUzEwMDA4NTE4Nw%3D%3D,7701,2015-08-19 15:00:00,,Phesama,Over 200 vehicles were stranded along NH-29 Phesama landslide area for almost four hours on Wednesday.,Phesama,5km,landslide,continuous_rain,medium,above_road,0,0,,http://morungexpress.com/wp-content/uploads/2015/08/119.jpg,,glc,7701,India,IN,Nagaland,92113,Kohima,5.22778,5/27/2016 14:48,11/20/2017 15:17,2/15/2018 15:51,94.1051,25.6278,2015,8,19,-0.5000,-0.8660,True,Nagaland,True,administrative
Mizoram Express,http://mizoramexpress.com/index.php/2010/09/mizoram-landslides-kill-one-woman/,2422,2010-09-13 00:00:00,,"Hunthar Veng, Mizoram","In Hunthar Veng, the kitchen side of H. Lalchhanhima’s house was damaged by a landslide while the road to Kanan Veng was blocked by a landslide.","Hunthar Veng, Mizoram",1km,landslide,downpour,medium,urban,,,,,,glc,2422,India,IN,Mizoram,20244,Serchhīp,8.59507,04-01-2014 00:00,11/20/2017 15:17,2/15/2018 15:51,92.7141905,23.74182634,2010,9,13,-0.8660,-0.5000,True,Mizoram,True,administrative
New Indian Express,http://www.newindianexpress.com/nation/Landslide-Kills-Three-in-Tripura/2014/08/15/article2381042.ece,6513,2014-08-14 23:00:00,,Sabroom,"A woman and her two children were killed when a landslide buried their house in Tripura, police said here Friday.",Sabroom,5km,mudslide,downpour,medium,unknown,3,0,,,,glc,6513,India,IN,Tripura,6205,Sabrūm,1.52162,12/15/2014 22:50,11/20/2017 15:17,2/15/2018 15:51,91.7174,23.0137,2014,8,14,-0.5000,-0.8660,True,Tripura,True,administrative
www.indiatvnews.com,http://www.indiatvnews.com/news/india/sikkim-landslide-army-rescues-tourists-stranded-near-nathu-la-24315.html,4990,2013-06-27 23:00:00,,"Near Changu Lake, 15Km Away From Nathu La, On India-China Border In Eastern Sikkim","The Mountain Black Cat Division of the Indian Army has rescued 230 tourists last night when they were stranded near Changu Lake (13300 ft height) , 15 km away from Nathu La, on India-China border in eastern Sikkim. Heavy rain and landslides in this area has cut off traffic. The nearest regiment of army jawans noticed nearly 47 vehicles carrying tourists who were stranded at night.","Near Changu Lake, 15Km Away From Nathu La, On India-China Border In Eastern Sikkim",1km,landslide,downpour,medium,unknown,0,,,,,glc,4990,India,IN,Sikkim,30700,Gangtok,15.93151,04-01-2014 00:00,11/20/2017 15:17,2/15/2018 15:51,88.7628,27.3765,2013,6,27,0.5000,-0.8660,True,Sikkim,True,administrative
Two Circles,http://twocircles.net/2014jun27/8_killed_assam_landslides_electrocution.html#.U70ydPldU1L,6106,2014-06-26 23:00:00,,Narakasur,"At least eight people, including three members of a family, were killed here due to landslides and flash floods triggered by incessant rain since Thursday night, officials said Friday. Four persons were killed due to landslides in two places while another four died due to electrocution in four different locations, the officials said. Another person remained missing after he was washed away by the surging waters of the Bharalu river. ""Three members of a family Kanak Barman (45), Pratima Barman (12) and Tulasi Barman (8) lost their lives in a landslide that took place Thursday night in Narakasur area,"" said Rajib Prakash Baruah, deputy commissioner in-charge of Kamrup (Metro) district. He said another woman died in Bamunimaidam area due to landslide. Baruah said Bhaskarjyoti Das (48), Dinesh Das (55), Prafulla Das (46) and Suren Bharali (57) died due to electrocution.",Narakasur,5km,landslide,continuous_rain,small,unknown,3,0,,,,glc,6106,India,IN,Assam,2000,Dispur,3.66283,8/24/2014 0:00,11/20/2017 15:17,2/15/2018 15:51,91.7645,26.1407,2014,6,26,0.5000,-0.8660,True,Assam,True,administrative
e-pao.net,http://e-pao.net/GP.asp?src=Snipp8..080911.sep11,3965,2011-09-06 08:00:00,,NH 37 at Awang Khul,A massive landslide along the NH 37 at Awang Khul has cut off Imphal and Jiribam,NH 37 at Awang Khul,1km,landslide,rain,medium,unknown,3,,,,,glc,3965,India,IN,Assam,12871,Lakhipur,11.03875,04-01-2014 00:00,11/20/2017 15:17,2/15/2018 15:51,93.117,24.808,2011,9,6,-0.8660,-0.5000,True,Assam,True,administrative
The Shillong Times,http://www.theshillongtimes.com/2015/06/17/entire-family-among-5-dead-in-tura-landslides/,6969,2015-06-16 06:15:00,,"Nakham Bazaar, Tura, Meghalaya",Huge tons of mud and boulders came crashing down from the above cliffs completely destroying the home.,"Nakham Bazaar, Tura, Meghalaya",1km,landslide,downpour,medium,urban,4,0,,,,glc,6969,India,IN,Meghalaya,63645,Tura,1.30159,6/25/2015 20:11,11/20/2017 15:17,2/15/2018 15:51,90.215,25.5114,2015,6,16,0.5000,-0.8660,True,Meghalaya,True,administrative
Hindustan Times,http://www.hindustantimes.com/india-news/two-killed-due-to-landslide-in-assam/story-iWPiQmWinCDc8gZotcTmFM.html,8684,2016-07-07 00:00:00,,"Kamrup district, Assam, India","Two persons including a minor were killed and two others injured on Thursday due to a landslide in Assam’s Kamrup district.           Police said the incident took place at 11 Mile Area under Sonapur police station in the district. “A guard wall caved in on the house of Bishal Sharma due to landslide triggered by incessant rains since last night,” police said adding that while Bishal Sharma and his daughter Nanu Sharma (13) were killed on the spot, his wife Radha Sharma and another daughter Puja Sharma were injured during the incident.","Kamrup district, Assam, India",50km,landslide,continuous_rain,medium,retaining_wall,2,2,,,,glc,8684,India,IN,Assam,4713,Palāsbāri,24.91092,07-07-2016 20:34,11/20/2017 15:17,2/15/2018 15:51,91.3681,25.9611,2016,7,7,0.0000,-1.0000,True,Assam,True,administrative
news.oneindia,http://news.oneindia.in/2010/03/29/rainsstorm-cause-havoc-inmanipur.html,1596,2010-03-27 20:00:00,,"LangthAbal Khoupum, Imphal, Manipur","Pre-monsoon rains and a heavy storm  have created havoc in Manipur state.  Sudden sporadic downpours accompanied by heavy storm, which struck late on Saturday (March 27), left a trail of mass destruction in both the valley and hilly areas, as several rooftops were blown away and houses collapsed. Several houses along Mayai Lambi, in the vicinity of Loktak Lake, are reported to have been either blown away, or damaged.  One house at LangthAbal Khoupum in Imphal has been completely damaged due to landslide.  No loss of human lives has been reported from anywhere in the State.  Locals are helping rescuers to help restore the damaged buildings.  ""At that time, those who woke up early morning, including my mother, survived the landslide. But two persons who were sleeping at that time were buried. So, all the villagers joined hands and rescued the two from the debris. No loss of lives was there but some have sustained injuries,"" said Thawaijao Kamei, a local resident, on Monday (March 29).","LangthAbal Khoupum, Imphal, Manipur",5km,mudslide,downpour,medium,unknown,0,,,,,glc,1596,India,IN,Manipur,223523,Imphal,8.69174,04-01-2014 00:00,11/20/2017 15:17,2/15/2018 15:51,93.9161,24.7339,2010,3,27,0.8660,0.5000,True,Manipur,True,administrative
assamtribune,http://www.assamtribune.com/scripts/detailsnew.asp?id=apr2110/at06,1771,2010-04-20 00:00:00,,"Raj Bhavan Guwahati, Assam","GUWAHATI, April 20 – Civic woes of Guwahatians is continuing to unfold its murkier side with incessant downpour today forcing district administration to engage National Disaster Response Force (NDRF) to facilitate movement of residents of low-lying areas at the heart of the capital city.   The incessant rains also led to landslide in the hilly areas of the city, including at Kharghuli hillside and the hills adjoining the Raj Bhavan.","Raj Bhavan Guwahati, Assam",exact,landslide,downpour,medium,unknown,0,,,,,glc,1771,India,IN,Assam,899094,Guwahati,2.54658,04-01-2014 00:00,11/20/2017 15:17,2/15/2018 15:51,91.7665,26.1978,2010,4,20,1.0000,0.0000,True,Assam,True,administrative
E-PAO,http://e-pao.net/GP.asp?src=22..010815.aug15,7364,2015-07-31 09:00:00,,Phungyar road,Massive landslide along the Phungyar road under Ukhrul District cut off Phungya Sub-Division from the rest the state on Friday.,Phungyar road,10km,landslide,continuous_rain,medium,below_road,0,0,,http://www.e-pao.org/galleries/images/News_Related/2015/08/Landslide_20150801.jpg,,glc,7364,India,IN,Manipur,8797,Yairipok,34.80209,11-03-2015 19:37,11/20/2017 15:17,2/15/2018 15:51,94.3551,24.819,2015,7,31,0.0000,-1.0000,True,Manipur,True,administrative
newKarala,http://www.newkerala.com/news/2015/fullnews-73439.html,6968,2015-06-13 00:00:00,,"Ratacherra village along the NH-44 connecting to Barak Valley in Assam and Tripura, Meghalaya, Mizoramon",At least four people including three women were killed and two others injured in landslide following heavy rainfall…when a tea shop was buried,"Ratacherra village along the NH-44 connecting to Barak Valley in Assam and Tripura, Meghalaya, Mizoramon",5km,landslide,continuous_rain,medium,unknown,4,2,,,,glc,6968,India,IN,Meghalaya,132842,Shillong,35.09387,6/25/2015 20:05,11/20/2017 15:17,2/15/2018 15:51,92.2121,25.463,2015,6,13,0.5000,-0.8660,True,Meghalaya,True,administrative
E-PAO,http://e-pao.net/GP.asp?src=22..020815.aug15,7373,2015-08-01 00:00:00,,between Maku village and Kamjong sub division,"Meanwhile, Kamjong- Ukhrul BRTF road connecting 30 villages under Kamjong block has remained cut off for the past three days following heavy landslides at various locations in between Maku village and Kamjong sub division spanning a stretch of abour 9 kilometres.",between Maku village and Kamjong sub division,10km,landslide,continuous_rain,medium,above_road,,,,,,glc,7373,India,IN,Manipur,8797,Yairipok,50.42405,11/21/2015 1:43,11/20/2017 15:17,2/15/2018 15:51,94.4759,24.9111,2015,8,1,-0.5000,-0.8660,True,Manipur,True,administrative
Telegraph India,http://www.telegraphindia.com/1100605/jsp/northeast/story_12529386.jsp,1935,2010-06-03 00:00:00,,"atharamura hills, Highway 44, Tripura","Heavy rainfall across Tripura with the onset of monsoon has created serious transportation problems, intensified by landslides along National Highway 44, and disruption of power supply.  The monsoon hit the state on Wednesday, nearly a week early, and till today 69mm rainfall has been recorded by the Met office. The road connectivity has also been adversely affected by frequent landslides caused by rain along NH44 and other important link roads within the state. Yesterday, massive landslides in the Atharomura hill range on the national highway held up traffic for more than six hours.","atharamura hills, Highway 44, Tripura",5km,landslide,downpour,medium,unknown,0,,,,,glc,1935,India,IN,Tripura,6373,Āmbāsa,10.47164,04-01-2014 00:00,11/20/2017 15:17,2/15/2018 15:51,91.7599,23.8986,2010,6,3,0.5000,-0.8660,True,Tripura,True,administrative
ASSAM Talks,http://www.assamtalks.com/2-killed-in-jorabat-landslide.html,7276,2015-07-25 09:00:00,,"Dispur : According to report, a huge hillock slipped into the house after heavy rain where Dinesh Bodo along with his wife and daughter lived in. Thi*","According to report, a huge hillock slipped into the house after heavy rain where Dinesh Bodo along with his wife and daughter lived in. This incident occurred at Tamulkuchi village of Jorabat.  Bodo’s wife Bharati Bodo and his daughter were died and other more houses got damaged",,5km,landslide,continuous_rain,medium,natural_slope,2,0,,,,glc,7276,India,IN,Assam,2000,Dispur,7.81437,7/27/2015 14:01,11/20/2017 15:17,2/15/2018 15:51,91.8717,26.1062,2015,7,25,0.0000,-1.0000,True,Assam,True,administrative
TIMES OF INDIA,http://timesofindia.indiatimes.com/city/guwahati/Landslide-deluge-kill-7-in-Meghalayas-Garo-Hills/articleshow/43174646.cms,6293,2014-10-20 00:00:00,,South West Garo Hills,Deputy commissioner of South West Garo Hills district Ram Singh said six people were killed by a landslide and one was swept away by floodwaters.,South West Garo Hills,50km,landslide,rain,medium,unknown,6,0,,,,glc,6293,India,IN,Meghalaya,63645,Tura,11.43798,10/21/2014 20:00,11/20/2017 15:17,2/15/2018 15:51,90.0896,25.5006,2014,10,20,-1.0000,-0.0000,True,Meghalaya,True,administrative
articles.timesofindia.indiatimes.com,http://articles.timesofindia.indiatimes.com/2013-05-12/guwahati/39203561_1_artificial-floods-guwahati-municipal-corporation-gs-road,4858,2013-05-11 09:00:00,,"Nursery, North Guwahati, Guwahati, Assam,","Landslides occurred in the Nursery area and Maligaon in Nilachal Hills, Sarania Hills and Boragaon on Saturday, alarming hill residents, whose number has crossed two lakh in Guwahati, said sources. Junu Chakraborty (50) was injured in the Nursery area after a wall of her house collapsed on Saturday morning. However, she is out of danger. There are no reports of injury from other parts of the city. A family miraculously escaped unhurt when earth fell on their house in the Sarania Hills.","Nursery, North Guwahati, Guwahati, Assam,",50km,landslide,rain,medium,unknown,,,,,,glc,4858,India,IN,Assam,17516,North Guwāhāti,3.52578,04-01-2014 00:00,11/20/2017 15:17,2/15/2018 15:51,91.7138,26.1662,2013,5,11,0.8660,-0.5000,True,Assam,True,administrative
Assam Tribune,http://www.assamtribune.com/scripts/detailsnew.asp?id=sep2414/at051,6284,2014-09-22 00:00:00,,Batahghuli,"Flash flood and landslides continued to cause devastation in Guwahati for the second day today with the death toll due to landslip rising to four. Two persons died in two separate incidents of landslides in Lalmati and Dakhingaon, whereas a woman was injured in another landslide incident at Batahghuli.",Batahghuli,5km,landslide,rain,small,unknown,0,1,,,,glc,6284,India,IN,Assam,2000,Dispur,3.3724,10/21/2014 15:22,11/20/2017 15:17,2/15/2018 15:51,91.8342,26.1324,2014,9,22,-0.8660,-0.5000,True,Assam,True,administrative
Telegraph India,http://www.telegraphindia.com/1120608/jsp/siliguri/story_15584321.jsp#.UN_I7eSx_K0com,4394,2012-06-07 04:30:00,,"Rolep, South Sikkim( Mapping to Rhenock 12 miles from Rolep)","Seven persons, three of them children, were killed when landslides struck a village in East Sikkim after a spate of rain lashed the area last night. Four members of a family were also among those wiped out in the early morning strikes.","Rolep, South Sikkim( Mapping to Rhenock 12 miles from Rolep)",25km,landslide,rain,large,unknown,7,,,,,glc,4394,India,IN,Sikkim,4026,Rangpo,11.12431,04-01-2014 00:00,11/20/2017 15:17,2/15/2018 15:51,88.6458,27.1748,2012,6,7,0.5000,-0.8660,True,Sikkim,True,administrative
Nagaland Post,http://nagalandpost.com/ChannelNews/State/StateNews.aspx?news=TkVXUzEwMDEwMDI0Mw%3D%3D,9251,2016-07-28 23:00:00,,"Government Middle School (GMS) Kiphire station “B”, Kiphire, Nagaland, India","Owing to heavy downpour in Kiphire, a retaining wall and water tank collapsed and destroyed the classrooms of Government Middle School (GMS) Kiphire station “B” on the night of July 28. According to the head teacher GMS Kiphire station “B” Lisecho Sangtam, class 6 and 7 classrooms have been completely damaged for which classes could not be held.  Sangtam has also informed that until the building was renovated classes would not resume. He also appealed the school education department to urgently look into the matter as students cannot attend schools if necessary action was not taken. Meanwhile, district administration and School education department Kiphire visited the school.","Government Middle School (GMS) Kiphire station “B”, Kiphire, Nagaland, India",1km,landslide,downpour,medium,retaining_wall,0,0,,http://www.nagalandpost.com/cms/newsimages/EJPFZHFCZPOBDIMBOOTY_resize.jpg,,glc,9251,India,IN,Nagaland,29499,Zunheboto,28.86795,08-01-2016 14:44,11/20/2017 15:17,2/15/2018 15:51,94.7844,25.8702,2016,7,28,0.0000,-1.0000,True,Nagaland,True,administrative
Web India 123,http://news.webindia123.com/news/Articles/India/20150819/2663754.html,7699,2015-08-19 00:00:00,,Zunheboto district,"Sources said in Zunheboto district the rainfall had caused several landslides damaging scores of houses, roads, bridges, cultivation areas and paddy/terrace fields.",Zunheboto district,50km,landslide,continuous_rain,medium,unknown,0,0,,,,glc,7699,India,IN,Nagaland,29499,Zunheboto,2.73624,05-10-2016 19:57,11/20/2017 15:17,2/15/2018 15:51,94.5224,26.0214,2015,8,19,-0.5000,-0.8660,True,Nagaland,True,administrative
E-PAO,http://e-pao.net/GP.asp?src=26..120815.aug15,7664,2015-08-11 00:00:00,,Nungba,"In a press statement, ZB-AMN General Secretary Dr Gairiangmei Maringmei said due to recent incessant rain, several areas of the Zeliangrong region have experienced landslides.",Nungba,10km,landslide,continuous_rain,medium,unknown,0,0,,,,glc,7664,India,IN,Manipur,0,Bishnupur,36.47706,4/28/2016 20:48,11/20/2017 15:17,2/15/2018 15:51,93.4251,24.7459,2015,8,11,-0.5000,-0.8660,True,Manipur,True,administrative
International Business Times,http://www.ibtimes.co.in/meghalaya-massive-landslide-east-jaintia-hills-flash-floods-shillong-hit-normal-life-643439,7589,2015-08-19 00:00:00,,National Highway 44,"The landslide disrupted traffic on National Highway 44, which connects Assam, Mizoram and Tripura.",National Highway 44,25km,landslide,rain,medium,above_road,0,0,,,,glc,7589,India,IN,Meghalaya,55290,Karīmganj,43.02536,3/24/2016 0:48,11/20/2017 15:17,2/15/2018 15:51,92.3825,25.2568,2015,8,19,-0.5000,-0.8660,True,Meghalaya,True,administrative
The Times of India,http://timesofindia.indiatimes.com/city/guwahati/Landslide-cuts-off-Anjaw-district-food-prices-rise/articleshow/48715682.cms,7887,2015-08-16 00:00:00,,Hawai,"The state's Anjaw district remains cut off from the rest of the state after a heavy landslide at Tiding Point, 88 km away from the district headquarters, blocked the road on August 16.",Hawai,50km,landslide,continuous_rain,medium,above_road,0,0,,,,glc,7887,India,IN,Arunachal Pradesh,0,Hawai,12.26381,6/28/2016 20:17,11/20/2017 15:17,2/15/2018 15:51,96.9262,27.8835,2015,8,16,-0.5000,-0.8660,True,Arunachal Pradesh,True,administrative
Business Standard,http://www.business-standard.com/article/pti-stories/landslides-in-arunachal-district-no-loss-of-life-116050200846_1.html,9404,2016-05-01 00:00:00,,"Hayuliang, Anjaw district,Arunachal Pradesh, India",Landslide triggered by heavy rains have cut off road communication to Hayuliang in remote Anjaw district of Arunachal Pradesh but there was no report of any loss of life.   Heavy rains have lashed Anjaw for the past 26 days and official sources said Hayuliang has remained cut off since yesterday.,"Hayuliang, Anjaw district,Arunachal Pradesh, India",1km,landslide,downpour,medium,above_road,0,0,,,,glc,9404,India,IN,Arunachal Pradesh,1834,Hayuliang,1.5198,08-03-2016 20:34,11/20/2017 15:17,2/15/2018 15:51,96.5316,28.0822,2016,5,1,0.8660,-0.5000,True,Arunachal Pradesh,True,administrative
Assam Tribune,http://www.assamtribune.com/scripts/detailsnew.asp?id=sep2414/at051,6287,2014-09-22 00:00:00,,Dhirenpara,"On the other hand, several incidents of landslides were reported from Dhirenpara, Koinadhara, Gorhchuk, Noonmati and Pamohi.",Dhirenpara,5km,landslide,rain,small,unknown,0,0,,,,glc,6287,India,IN,Assam,899094,Guwahati,7.29559,10/21/2014 15:33,11/20/2017 15:17,2/15/2018 15:51,91.7056,26.1295,2014,9,22,-0.8660,-0.5000,True,Assam,True,administrative
thehimalayanbeacon.com,http://thehimalayanbeacon.com/magazine/2010/08/21/sikkim-landslides-heavy-toll-2-gpus-completely-cut/,2296,2010-08-20 00:00:00,,"many locations around Namchi, Sikkim","Posted by Barun Roy on August 21st, 2010  Namchi: The heavy down pour last two days resulted in much damages at two Gram Panchayat units Lingee-Sokpay and Payoung-Kaw under Yangyany Block Administrative Centre. Kubernath Timshina, Panchayat President of Payoung-Kaw GPU, informs that in the wake of a huge landslide the family members and live stock of Ambika Prashad Adhakari of Millde Payoung have been shifted to other safe place since his house was heavily damaged by the slide.  The houses of Hemlal Adhakari and Rabilal Adhakari of Middle Payoung are also on the verge of collapse due to a heavy mud slip from the new cutting of PWD road. At Lingee village, following heavy rainfall the kitchen of Bhakti Maya Dabhari was completely buried by landslide and her house was also partly damaged. In Dara Karhaha ward of Payoung-Kaw Gram Panchayat Unit, the house of Tek Bdr. Rai was heavily damaged by the new cutting of PMGSY road and if the rain continues for one more day he has to be shifted to","many locations around Namchi, Sikkim",10km,complex,downpour,medium,unknown,0,,,,,glc,2296,India,IN,Sikkim,1147,Namchi,0.47225,04-01-2014 00:00,11/20/2017 15:17,2/15/2018 15:51,88.3652,27.167,2010,8,20,-0.5000,-0.8660,True,Sikkim,True,administrative
beacononline.wordpress,http://beacononline.wordpress.com/2009/08/28/sikkim-landslides-at-17th-mile-%E2%80%93-the-bane-of-tourism/,1125,2009-08-26 00:00:00,,"17th Mile towards Tsomgo Lake, near Kyongsala, Sikkim","A major landslide at 17th Mile towards Tsomgo Lake has become a major factor of disappointment for the tourists visiting Sikkim. Almost all the tourists visiting Sikkim have expressed dissatisfaction for losing their chance to visit the famous high altitude lake. The State Police Department, Check Post has stopped issuing permits to tourists visiting Tsomgo Lake, Baba Mandir and Nathu-La border following massive landslides, which occurred near Kyongsala on July 26.","17th Mile towards Tsomgo Lake, near Kyongsala, Sikkim",25km,landslide,rain,medium,unknown,,,,,,glc,1125,India,IN,Sikkim,30700,Gangtok,16.04466,04-01-2014 00:00,11/20/2017 15:17,2/15/2018 15:51,88.7648,27.3746,2009,8,26,-0.5000,-0.8660,True,Sikkim,True,administrative
Indian Express,http://indianexpress.com/article/india/india-news-india/separate-landslides-kill-two-in-assam-2913748/,8995,2016-07-14 00:00:00,,"Noonmati Nijarapar area of the city, Guwahati, Assam, India","Trigger is most likely monsoon since this incident occurred during monsoon season.Two persons, including a girl, were killed in landslides in Assam on Thursday. In Noonmati Nijarapar area of the city, a class IV girl student was buried in another landslide which came crashing on her house.","Noonmati Nijarapar area of the city, Guwahati, Assam, India",5km,landslide,monsoon,small,unknown,1,0,,,,glc,8995,India,IN,Assam,899094,Guwahati,6.2948,7/18/2016 13:24,11/20/2017 15:17,2/15/2018 15:51,91.8074,26.1963,2016,7,14,0.0000,-1.0000,True,Assam,True,administrative
morungexpress,http://www.morungexpress.com/local/56264.html,2567,2010-10-08 00:00:00,,"Phek, Manipur","Also in Phek, due to incessant rains over the last few weeks apart from the paddy fields, landslides/mudslides occurred at different places of the district head quarter town leading to the damage of houses and properties of the denizens. Several parts of the town face dangerous apprehensions if the rains continue in the same manner. The natural calamity scheme which prove futile to the genuine applicants for the last few years reminds the public leaders of the aggrieved farmers.","Phek, Manipur",5km,complex,downpour,medium,unknown,0,,,,,glc,2567,India,IN,Manipur,15118,Phek,3.00511,04-01-2014 00:00,11/20/2017 15:17,2/15/2018 15:51,94.4703,25.6633,2010,10,8,-1.0000,-0.0000,True,Manipur,True,administrative
Hindu,https://web.archive.org/web/20110722180056/http://www.thehindu.com/news/states/other-states/article2276615.ece,3794,2011-07-17 00:00:00,,West Bengal-Sikkim at highway Rambi,"The ongoing monsoons have once again started to take its toll along NH-31A, with various places along the West Bengal-Sikkim highway being blocked because of landslides, police said.  After closing down the highway for over 12 hours at Rambi in the West Bengal side on June 17, the rains have once again disrupted traffic along the highway since Tuesday.  “The highway is blocked at a place around 200 meters from Teesta Bridge towards Siliguri. The spot which is near the Shiv Mandir at the infamous Likhey Bhir is informed to have lost a section of the road due to heavy rains,” Janmukti Chalak Mahasangh’s (JCM) president Milan Pradhan said.  The section of the road broke down at around mid-night on Tuesday after which traffic came to a standstill with vehicles on either side returning back to their destinations or taking alternative routes via Darjeeling, Kurseong or Mirik, police said.  Drivers are also taking the route via Kalimpong-Lava-Gurubathan and Damdim and entering Siliguri throug",West Bengal-Sikkim at highway Rambi,5km,landslide,rain,medium,above_road,,,,,,glc,3794,India,IN,Sikkim,3596,Jorethang,4.44389,04-01-2014 00:00,11/20/2017 15:17,2/15/2018 15:51,88.42280921,26.99195749,2011,7,17,0.0000,-1.0000,True,Sikkim,True,administrative
Assam Tribune,http://www.assamtribune.com/scripts/detailsnew.asp?id=sep2414/at051,6285,2014-09-22 00:00:00,,VIP Road,A portion of VIP Road was blocked due to landslide,VIP Road,5km,landslide,rain,small,above_road,0,0,,,,glc,6285,India,IN,Assam,2000,Dispur,3.10164,10/21/2014 15:25,11/20/2017 15:17,2/15/2018 15:51,91.8178,26.159,2014,9,22,-0.8660,-0.5000,True,Assam,True,administrative
in.reuters,http://in.reuters.com/article/topNews/idINIndia-36198420081029,868,2008-10-29 00:00:00,,"Kamrup, and Sonitpur, Assam","flooding and landslides, Floods and landslides caused by heavy rains over the last three days have killed at least seven people and displaced thousands more in the northeastern states of India","Kamrup, and Sonitpur, Assam",50km,landslide,downpour,medium,unknown,7,,,,,glc,868,India,IN,Assam,48824,Barpeta,24.35615,04-01-2014 00:00,11/20/2017 15:17,2/15/2018 15:51,91.25,26.3333,2008,10,29,-1.0000,-0.0000,True,Assam,True,administrative
articles.timesofindia.indiatimes.com,http://articles.timesofindia.indiatimes.com/2013-09-10/india/41936154_1_east-and-north-sikkim-chungthang-gangtok,5476,2013-09-07 15:00:00,,14 Milestone Of J N Marg Near Kyangnosola (East Sikkim),"The Army launched massive rescue operations in east and north Sikkim since Saturday and rescued 40 stranded tourists and several injured workers of an engineering firm caught in landslides. While the tourists were on their way to Nathu La, the engineering firm was based in Chungthang. ""Around 3pm on Saturday, a massive landslide occurred at 14 Milestone of J N Marg near Kyangnosola (East Sikkim). A convoy of 11 vehicles ferrying 40 tourists to Nathu La were stranded in rain and bad weather. The group comprised five small children and 11 women. On receiving an alert, the Army swung into action and escorted the tourists to safety at the nearest camp. There, they were made comfortable. Milk was arranged for the children. They were also provided with bedding, blankets and medical aid to tide over the harsh weather during the night,"" said Gr Capt T K Singha, CPRO, Ministry of Defence, Kolkata. The following day, the landslides were cleared by the Border Roads personnel and the tourists we",14 Milestone Of J N Marg Near Kyangnosola (East Sikkim),25km,landslide,rain,medium,unknown,0,,,,,glc,5476,India,IN,Sikkim,30700,Gangtok,13.01721,04-01-2014 00:00,11/20/2017 15:17,2/15/2018 15:51,88.7323,27.3736,2013,9,7,-0.8660,-0.5000,True,Sikkim,True,administrative
prokerala,http://www.prokerala.com/news/articles/a75292.html,1127,2009-08-27 00:00:00,,between Mahur and Phaiding railway stations on Barail hills (Mahur and Barail hills located),"The landslides, triggered by torrential rains, took place between Mahur and Phaiding railway stations. The landslides and rock slips damaged the tracks extensively. A 100-metre stretch of track between Mahur and Phaiding had gone under the mud and soil that came down the Barail hills.",between Mahur and Phaiding railway stations on Barail hills (Mahur and Barail hills located),10km,landslide,downpour,medium,unknown,,,,,,glc,1127,India,IN,Assam,7176,Mahur,1.57696,04-01-2014 00:00,11/20/2017 15:17,2/15/2018 15:51,93.123,25.1718,2009,8,27,-0.5000,-0.8660,True,Assam,True,administrative
www.indiatvnews.com,http://www.indiatvnews.com/news/india/people-in-manipur-evacuate-due-to-landslides-volcanic-eruption-fear-baseless-29544.html,5603,2013-10-13 19:30:00,,"Tusom, Manipur",Heavy rains have been lashing Tusom village of Ukhrul in Manipur for the past three days which resulted in a massive landslide here. Ukhrul district of Manipur lies close to the Indo-Myanmar border. Villagers immediately evacuated the area fearing volcanic eruptions after the massive landslide here. The mudslide was followed by eruption of black soil from a village hill by which the road linked between the districts headquarter and Tusom have been badly affected. Though this disaster took place on October 13 but it took several days for the villagers to inform the officials. A media team took two days to reach the spot due to disturbed connectivity between local areas. Some local media even wrongly reported the mudslide as volcanic eruptions.,"Tusom, Manipur",5km,mudslide,downpour,medium,unknown,0,,,,,glc,5603,India,IN,Manipur,15118,Phek,28.57853,04-01-2014 00:00,11/20/2017 15:17,2/15/2018 15:51,94.6024,25.426,2013,10,13,-1.0000,-0.0000,True,Manipur,True,administrative
Assam Times,http://www.assamtimes.org/node/14780,7933,2015-09-01 00:00:00,,Maligaon,"The incessant rains that lashed Guwahati and its adjoining areas are likely to result in landslide soon. Local residents in Amingaon, Thirteenth Mile, Nineth Mile, Maligaon areas fear the tragic rerun of landslide incidents in near future. The district administration has yet to keep the denizens on alert in view of the incessant rains to be followed by massive landslide. Notably, a woman and her 2 year old daughter died a tragic death when a huge rock slipped into the hut where they were sleeping in Amingaon area on Tuesday wee hours.",Maligaon,1km,rock_fall,rain,medium,unknown,2,0,,,,glc,7933,India,IN,Assam,17516,North Guwāhāti,4.7809,6/30/2016 13:12,11/20/2017 15:17,2/15/2018 15:51,91.6739,26.1868,2015,9,1,-0.8660,-0.5000,True,Assam,True,administrative
e-pao.net,http://e-pao.net/GP.asp?src=17..250711.jul11,3837,2011-07-24 12:30:00,,NH 37,"Mudslide blocks Imphal-Jiri Road Source: Hueiyen News Service  Imphal, July 24 2011: Apart from vast land agricultural areas of the state submerged under water, the incessant rain in the past few days has began to take its toll to the people of the state which in the most recent has blocked the Imphal-Jiri Highway near Barak River.  The mudslide which block the NH 37 between Barak River and Santi Khunou was occurred today afternoon at around 12.30 pm.  The huge mudslide which covered an area of more than 200 feet has totally blocked the NH 37 from Imphal to Jiri make it impossible for vehicles to ply along the highway.  According to BRTF officials, the clearing works of the mudslide will take at least two or three days depending on the weather condition.  Adding the woe of the BRTF officials in clearing the mudslide area is the incessant rain which still keeps pouring in the area.  In order to avoid any disturbances in the clearing work, BRTF officials appealed to the transporters and",NH 37,50km,landslide,downpour,medium,unknown,0,,,,,glc,3837,India,IN,Assam,58851,Tezpur,21.03239,04-01-2014 00:00,11/20/2017 15:17,2/15/2018 15:51,93.0038,26.5836,2011,7,24,0.0000,-1.0000,True,Assam,True,administrative
kanglaonline.com,http://www.kanglaonline.com/index.php?template=headline&newsid=39138&typeid=2,220,2007-08-31 00:00:00,,"Velnal village, Tamei sub-division and Toribari village (3 kilometer toward Tamei from Kangpokpi)","multiple events occurring over 3 days, isolated 70 villages along IT roadway","Velnal village, Tamei sub-division and Toribari village (3 kilometer toward Tamei from Kangpokpi)",25km,landslide,rain,medium,unknown,,,,,,glc,220,India,IN,Manipur,223523,Imphal,36.09995,04-01-2014 00:00,11/20/2017 15:17,2/15/2018 15:51,93.9667,25.1333,2007,8,31,-0.5000,-0.8660,True,Manipur,True,administrative
E-PAO,http://e-pao.net/GP.asp?src=22..020815.aug15,7372,2015-07-31 23:00:00,,Naga Gate along the Ukhrul-Imphal route,"Reports reaching here have said that massive landslides that occurred last night at several points like New Haven, Finch Corner, Nungshang Kong and Naga Gate along the Ukhrul-Imphal route have brought vehicular movements to a standstill since early morning on Saturday.",Naga Gate along the Ukhrul-Imphal route,10km,mudslide,continuous_rain,medium,above_road,0,0,,http://www.e-pao.org/galleries/images/News_Related/2015/08/Ukhrul_20150802.jpg,,glc,7372,India,IN,Manipur,223523,Imphal,49.09866,11/21/2015 1:34,11/20/2017 15:17,2/15/2018 15:51,94.3415,25.0634,2015,7,31,0.0000,-1.0000,True,Manipur,True,administrative
e-pao.net,http://e-pao.net/GP.asp?src=6..111010.oct10,2570,2010-10-08 00:00:00,,"Tharon(?) and Langol Tarung villages, Thangmeiband constituency, Imphal, Manipur","On the other hand, landslides that occurred along the Langol foothill range following incessant rainfall during the last few days had affected residents of Tharon and Langol Tarung villages.  A team of Thangmeiband Assembly Constituency Development Forum (TACDF) Tribal Committee visited the affected sites to collect first hand report of the devastation and interacted with the affected families today.  Under the initiative of social worker Jyotin Waikhom, the Committee chairman Ajit Panmei handed over Rs 5000 to Amuba Golmei of Tharon village whose house was damaged by the landslide.  The team also visited the houses of Guanbilung Golmei, Dr Athui Gangmei and Chongpu Kom at Langol Tarung village, which have been partially damaged.","Tharon(?) and Langol Tarung villages, Thangmeiband constituency, Imphal, Manipur",5km,landslide,downpour,medium,unknown,0,,,,,glc,2570,India,IN,Manipur,223523,Imphal,4.5122,04-01-2014 00:00,11/20/2017 15:17,2/15/2018 15:51,93.9128,24.837,2010,10,8,-1.0000,-0.0000,True,Manipur,True,administrative
thestatesman.net,http://www.thestatesman.net/page.news.php?clid=10&theme=&usrsess=1&id=162949,126,2007-07-16 00:00:00,,Bardang near Singtam,closest to predicted location of Gauhati (336.70 km),Bardang near Singtam,25km,mudslide,rain,medium,unknown,,,,,,glc,126,India,IN,Sikkim,1147,Namchi,2.01104,04-01-2014 00:00,11/20/2017 15:17,2/15/2018 15:51,88.38,27.1499,2007,7,16,0.0000,-1.0000,True,Sikkim,True,administrative
sikkimnews.blogspot,http://sikkimnews.blogspot.com/2009/09/landslides-at-4th-mile-disrupts-traffic.html,1168,2009-09-17 00:00:00,,"4th Mile on road between Rongli, Rhenock and Rangpo in East Sikkim.","A massive landslide that occurred in the morning of September 17 at 4th Mile has completely disrupted the traffic movement between Rongli, Rhenock and Rangpo in East Sikkim. The entire stretch has been washed away by the landslide creating trouble for the commuters.","4th Mile on road between Rongli, Rhenock and Rangpo in East Sikkim.",5km,landslide,rain,medium,unknown,,,,,,glc,1168,India,IN,Sikkim,4026,Rangpo,7.97646,04-01-2014 00:00,11/20/2017 15:17,2/15/2018 15:51,88.6115,27.1954,2009,9,17,-0.8660,-0.5000,True,Sikkim,True,administrative
morungexpress,http://www.morungexpress.com/regional/1615.html,714,2008-08-14 00:00:00,,"Kimin-Ziro road in Papum Pare district, road between Doimukh and Sagalee, Doimukh-Hoj road; Arunachal Pradesh",landslides triggered in various parts of Arunachal Pradesh,"Kimin-Ziro road in Papum Pare district, road between Doimukh and Sagalee, Doimukh-Hoj road; Arunachal Pradesh",50km,landslide,rain,medium,unknown,,,,,,glc,714,India,IN,Assam,59841,North Lakhimpur,13.00939,04-01-2014 00:00,11/20/2017 15:17,2/15/2018 15:51,94,27.163,2008,8,14,-0.5000,-0.8660,True,Assam,True,administrative
Assam Times,http://www.assamtimes.org/node/11181,6110,2014-06-27 00:00:00,,"Bhangagarh, Assam","Over 50 people had a narrow escape in Guwahati when 13 houses collapsed in landslide on Saturday. The incident took place in the morning at Kharghuli hilltop where 13 houses were damaged in landslide. The people inside the houses, who were remaining alert, however, managed to escape the tragedy. The incident took place 24 hours after three persons of a family died in landslide in Bhangagarh area.","Bhangagarh, Assam",exact,landslide,rain,small,unknown,3,0,,,,glc,6110,India,IN,Assam,899094,Guwahati,3.44859,8/24/2014 0:00,11/20/2017 15:17,2/15/2018 15:51,91.7697,26.1619,2014,6,27,0.5000,-0.8660,True,Assam,True,administrative
kanglaonline.com,http://www.kanglaonline.com/index.php?template=headline&newsid=39218&typeid=2,247,2007-09-08 00:00:00,,"Lower Shajouba village near Tadubi along NH 39, Manipur","occurred along NH 39, unsure of exact location","Lower Shajouba village near Tadubi along NH 39, Manipur",50km,landslide,rain,medium,unknown,,,,,,glc,247,India,IN,Manipur,223523,Imphal,28.2961,04-01-2014 00:00,11/20/2017 15:17,2/15/2018 15:51,93.9877,25.0604,2007,9,8,-0.8660,-0.5000,True,Manipur,True,administrative
zeenews.india,http://zeenews.india.com/news/assam/road-between-silchar-guwahati-disrupted_781633.html,4407,2012-06-13 00:00:00,,"NH44, Malidhor area,  Baleswar","Road communication between Guwahati and Silchar has been disrupted following landslides due to heavy rainfall at five places, official sources said here on Wednesday.  Landslides occurred at five places between Malidhor and Kuliang area at Baleswar near Meghalaya on NH 44 since last evening due to which vehicles, including night buses, were stranded.","NH44, Malidhor area,  Baleswar",50km,landslide,downpour,medium,unknown,,,,,,glc,4407,India,IN,Assam,55290,Karīmganj,25.02475,04-01-2014 00:00,11/20/2017 15:17,2/15/2018 15:51,92.3567,25.0951,2012,6,13,0.5000,-0.8660,True,Assam,True,administrative
Deccan Herald,http://www.deccanherald.com/content/432481/landslide-guwahati-shillong-highway.html,6292,2014-09-23 00:00:00,,Hatsingimari,"A child was killed in a landslide in Dhubri district’s Hatsingimari, while one person was electrocuted in Guwahati where a body floating on river Bharalu was also recovered, state government officials said.",Hatsingimari,5km,landslide,continuous_rain,small,unknown,1,0,,,,glc,6292,India,IN,Assam,31091,Mankāchar,21.45798,10/21/2014 18:01,11/20/2017 15:17,2/15/2018 15:51,89.9032,25.7238,2014,9,23,-0.8660,-0.5000,True,Assam,True,administrative
Telegraph India,http://www.telegraphindia.com/1080521/jsp/northeast/story_9297276.jsp,545,2008-05-20 00:00:00,,"A Cachar District village, near village of Srinager, Assam",villagers were cutting soil/earth for a road,"A Cachar District village, near village of Srinager, Assam",50km,mudslide,mining,medium,unknown,5,,,,,glc,545,India,IN,Assam,152393,Silchar,17.99274,9/15/2014 15:47,11/20/2017 15:17,2/15/2018 15:51,92.8411,24.9849,2008,5,20,0.8660,-0.5000,True,Assam,True,administrative
The Sangai Express,http://www.thesangaiexpress.com/page/items/54212/massive-landslide-along-maram-peren-road-downpour-creates-havoc-in-different-parts,7265,2015-07-22 00:00:00,,Willong-Yangkhullen stretch,Torrential rain in the last many days has created havoc in many places of Senapati district.  Reports collected from different areas of the district said that massive landslide along the newly christened National Highway-102/A (Maram Peren road) has totally cut off villages in Willong and Yangkhullen circle.,Willong-Yangkhullen stretch,5km,landslide,continuous_rain,medium,above_road,0,0,,,,glc,7265,India,IN,Manipur,92113,Kohima,23.04185,7/23/2015 16:33,11/20/2017 15:17,2/15/2018 15:51,93.9854,25.5007,2015,7,22,0.0000,-1.0000,True,Manipur,True,administrative
mizoramexpress.com,http://mizoramexpress.com/index.php/2010/09/landslide-hits-taithu-village-22-people-escape-death/,2436,2010-09-16 03:00:00,,"Taithu village, Churanchandpur district, Mizoram, Manipur","Sep 16, 2010  Rengkai: Landslide struck Taithu village in Churachandpur district of Manipur at around 3.00 AM on Thursday morning and sources said at least 22 people were inside the two houses that were completely destroyed. The village lies in a landslide-prone area and has witnessed several land slips in the past.  Earlier, sources said that at least 22 people were missing in the disaster. However, by 4.15 AM village elders who took a roll call said: “Luckily, no one was hurt in the incident. But the houses of Pu Remvel and Pu Rama were completely destroyed.”  Later, it was learnt that some of the youths were still awake when the landslide struck and they managed to alert their friends. “All of them somehow jumped out safely…some through the windows…some through the doors,” the source said.","Taithu village, Churanchandpur district, Mizoram, Manipur",5km,landslide,downpour,medium,unknown,0,,,,,glc,2436,India,IN,Mizoram,3962,Darlawn,38.37584,04-01-2014 00:00,11/20/2017 15:17,2/15/2018 15:51,93.125,24.3069,2010,9,16,-0.8660,-0.5000,True,Mizoram,True,administrative
E-PAO,http://e-pao.net/GP.asp?src=11..220815.aug15,7727,2015-08-20 18:00:00,,between Phesama and Kuima in Nagaland,The situation has been worsened as another huge landslide occurred at the same place on Thursday at around 6 pm.,between Phesama and Kuima in Nagaland,5km,landslide,continuous_rain,medium,below_road,0,0,,http://www.nagalandpost.com/cms/newsimages/LCUAQPGXOFWSSAQYOWYK_resize.jpg,,glc,7727,India,IN,Nagaland,92113,Kohima,5.14863,5/27/2016 21:31,11/20/2017 15:17,2/15/2018 15:51,94.1057,25.6263,2015,8,20,-0.5000,-0.8660,True,Nagaland,True,administrative
webindia123,http://news.webindia123.com/news/Articles/India/20150820/2664183.html,7334,2015-08-18 00:00:00,,Arunachal Pradesh,"Tamil Nadu Chief Minister J Jayalalithaa today announced a solatium of Rs ten lakhs to the family of an armyman who died while involved in 'Operation Falcon' in Arunachal Pradesh on August 18. In a statement here, she said she was grieved to hear that armyman Subedar G Annamalai, hailing from Periyapalambakkam village in Vellore district, slipped and fell after evacuating his colleagues during a landslip. She said Annamalal, who was involved in wiring operations when the landslip occurred, rescued all his colleagues, but slipped and fell and suffered head injuries. He died on the spot. Expressing her heartfelt condolences to the bereaved family, Ms Jayalalithaa announced a solatium of Rs ten lakhs to the family.",Arunachal Pradesh,unknown,landslide,unknown,medium,unknown,1,0,,,,glc,7334,India,IN,Arunachal Pradesh,18425,Along,4.04762,8/21/2015 21:58,11/20/2017 15:17,2/15/2018 15:51,94.7596,28.1737,2015,8,18,-0.5000,-0.8660,True,Arunachal Pradesh,True,administrative
One India News,http://news.oneindia.in/india/flood-landslides-in-arunachal-pradesh-1504142.html,6200,2014-08-17 00:00:00,,Arunachal Pradesh/Itanagar,lat/long  27.086901	93.60861,Arunachal Pradesh/Itanagar,10km,landslide,downpour,large,unknown,0,0,,,,test,6200,India,IN,Arunachal Pradesh,44971,Itānagar,0.12577,09-08-2014 00:58,11/20/2017 15:17,2/15/2018 15:51,93.6086,27.0869,2014,8,17,-0.5000,-0.8660,True,Arunachal Pradesh,True,administrative
Indian Express,http://indianexpress.com/article/india/india-others/several-houses-swept-away-in-mudslide-in-the-mizoram-town-of-phullen/,7778,2015-08-26 00:00:00,,Phullen’s main road,"At least three houses have been swept away by a mudslide and several others vacated in a north-eastern Mizoram town, an official said Wednesday, the latest in several weather-related incidents that have damaged property and caused hardship in the remote state over the past one week.",Phullen’s main road,10km,mudslide,continuous_rain,medium,above_road,0,0,,,,glc,7778,India,IN,Mizoram,3962,Darlawn,22.71629,6/20/2016 17:38,11/20/2017 15:17,2/15/2018 15:51,93.0514,23.8447,2015,8,26,-0.5000,-0.8660,True,Mizoram,True,administrative
Zee News,http://zeenews.india.com/news/north-east/eight-die-of-landslide-in-east-khasi-hills_1474744.html,6290,2014-09-23 03:00:00,,Mawbah under Mawprem area,"Eight persons including a pregnant woman were buried alive under the debris after a massive landslide occurred in Mawbah under Mawprem area in Meghalaya's East Khasi Hills District, officials said.",Mawbah under Mawprem area,5km,landslide,continuous_rain,small,urban,8,1,,,,glc,6290,India,IN,Meghalaya,132842,Shillong,1.8982,10/21/2014 17:21,11/20/2017 15:17,2/15/2018 15:51,91.8666,25.5772,2014,9,23,-0.8660,-0.5000,True,Meghalaya,True,administrative
thehindu,http://www.thehindu.com/news/national/article3537166.ece,4403,2012-06-10 00:00:00,,"Imphal-Jiribam section of NH-37 , Manipur","Normal vehicular movement along Imphal-Jiribam section of NH-37 (former NH-53) has been disturbed Friday due to landslides at various places along the stretch of the highway in Tamenglong district.  Heavy rains in Tamenglong district of the state in the last few days has caused landslides last night, authorities said, adding that BRTF have pressed their workers to open the highway at the earliest.","Imphal-Jiribam section of NH-37 , Manipur",50km,landslide,downpour,very_large,unknown,,,,,,glc,4403,India,IN,Manipur,223523,Imphal,40.42735,04-01-2014 00:00,11/20/2017 15:17,2/15/2018 15:51,93.5444,24.8142,2012,6,10,0.5000,-0.8660,True,Manipur,True,administrative
sciencythoughts.blogspot.com,http://sciencythoughts.blogspot.com/2013/09/family-of-five-killed-by-landslide-in.html,5429,2013-09-01 18:00:00,,Tamabong Village In Sikkim State,"A family of five were all killed by a landslide that struck their home in Tamabong village in Sikkim State, northeast India, on the evening of Sunday 1 September 2013. The incident reportedly happened following heavy rains; landslides are a common problem after severe weather events, as excess pore water pressure can overcome cohesion in soil and sediments, allowing them to flow like liquids",Tamabong Village In Sikkim State,50km,landslide,downpour,medium,unknown,5,,,,,glc,5429,India,IN,Sikkim,1147,Namchi,23.35047,04-01-2014 00:00,11/20/2017 15:17,2/15/2018 15:51,88.2426,27.3425,2013,9,1,-0.8660,-0.5000,True,Sikkim,True,administrative
Telegraph India,http://www.telegraphindia.com/1100727/jsp/northeast/story_12728199.jsp,2140,2010-07-25 00:00:00,,"road between Halfong and Redzol(?) or Silchar, Assam",Landslides coupled with lack of maintenance have cut off road link between Haflong and Silchar.  The situation became worse after a few spells of heavy rainfall during the past week.,"road between Halfong and Redzol(?) or Silchar, Assam",25km,landslide,downpour,medium,unknown,0,,,,,glc,2140,India,IN,Assam,152393,Silchar,24.4132,04-01-2014 00:00,11/20/2017 15:17,2/15/2018 15:51,92.801,25.0477,2010,7,25,0.0000,-1.0000,True,Assam,True,administrative
Nagaland Post,http://www.nagalandpost.com/channelnews/state/StateNews.aspx?news=TkVXUzEwMDA5ODM4NA%3D%3D,9142,2016-06-14 08:00:00,,"lower Majakong Ward, Mokokchung, Nagaland, India","A landslide occurred early Tuesday morning due to incessant rain, at lower Majakong Ward, where, a 3 tier retaining wall had collapsed destroying the bathroom and damaging the building walls below. Hearing the news of the calamity, the personnel of the State Disater Response Force, Mokokchung, led by dist. comm, Civil Defence & Home Guards, Watilemba promptly responded and carried out safety measures and debris removal. According to dist. commandant, Civil Defence & Home Guards, Watilemba, said “in cases of natural calamities or manmade disasters, the district administration intimates the State Disaster Response Force and that the personnel are ever ready to respond”.  In such cases, one can also call the Toll Free Emergency Operation Center (EOC) No.913702291122, he added. Earlier, the district administration had verified the site of the slide.","lower Majakong Ward, Mokokchung, Nagaland, India",1km,landslide,continuous_rain,medium,retaining_wall,0,0,,http://www.nagalandpost.com/cms/newsimages/PGFCUAIPXTIQMMEWNGPI_resize.jpg,,glc,9142,India,IN,Nagaland,34021,Mokokchūng,0.94289,7/22/2016 20:56,11/20/2017 15:17,2/15/2018 15:51,94.5247,26.3185,2016,6,14,0.5000,-0.8660,True,Nagaland,True,administrative
Two Circles,http://twocircles.net/2014jun27/8_killed_assam_landslides_electrocution.html#.U70ydPldU1L,6107,2014-06-26 23:00:00,,Bamunimaidam,"At least eight people, including three members of a family, were killed here due to landslides and flash floods triggered by incessant rain since Thursday night, officials said Friday. Four persons were killed due to landslides in two places while another four died due to electrocution in four different locations, the officials said. Another person remained missing after he was washed away by the surging waters of the Bharalu river. ""Three members of a family Kanak Barman (45), Pratima Barman (12) and Tulasi Barman (8) lost their lives in a landslide that took place Thursday night in Narakasur area,"" said Rajib Prakash Baruah, deputy commissioner in-charge of Kamrup (Metro) district. He said another woman died in Bamunimaidam area due to landslide. Baruah said Bhaskarjyoti Das (48), Dinesh Das (55), Prafulla Das (46) and Suren Bharali (57) died due to electrocution.",Bamunimaidam,5km,landslide,continuous_rain,small,unknown,1,0,,,,glc,6107,India,IN,Assam,899094,Guwahati,4.37969,8/24/2014 0:00,11/20/2017 15:17,2/15/2018 15:51,91.7896,26.1844,2014,6,26,0.5000,-0.8660,True,Assam,True,administrative
e-Pao.net,http://www.e-pao.net/GP.asp?src=Snipp7..120907.sep07,255,2007-09-10 00:00:00,,Wamkhu village along the Tengnoupal-Joupi road in Chandel district,"50 meter stretch on road, timing is unknown but it blocked traffic",Wamkhu village along the Tengnoupal-Joupi road in Chandel district,25km,landslide,rain,medium,unknown,,,,,,glc,255,India,IN,Manipur,30418,Kakching,29.41705,04-01-2014 00:00,11/20/2017 15:17,2/15/2018 15:51,94.0691,24.2451,2007,9,10,-0.8660,-0.5000,True,Manipur,True,administrative
Nagaland Post,http://www.nagalandpost.com/channelnews/State/StateNews.aspx?news=TkVXUzEwMDA4NDc2Mg%3D%3D,7660,2015-08-12 00:00:00,,Phesama village,"Speaking to Nagaland Post after examining the soil at the mountain, senior geologist from Nagaland State Disaster Management Authority (NSDMA) home department, Kekhrie Zavi, said it was found that the soil contained a mixture of sand, clay and sticky mud type, which absorbed excess water and reduced soil’s grabbing capacity resulting in the continuous mudslide.",Phesama village,5km,mudslide,continuous_rain,medium,below_road,0,0,,http://www.nagalandpost.com/cms/newsimages/HKSYOEMCRGVHPPUGOTKX_resize.jpg,,glc,7660,India,IN,Nagaland,92113,Kohima,5.65674,4/28/2016 15:23,11/20/2017 15:17,2/15/2018 15:51,94.1136,25.6237,2015,8,12,-0.5000,-0.8660,True,Nagaland,True,administrative
business-standard,http://www.business-standard.com/generalnews/news/landslides-block-several-roads-in-south-sikkim-district/57119/,4556,2012-09-16 00:00:00,,"Namchi to Phongla, Namchi to Melli ,Namchi to Sumbuk","Landslides caused by heavy rainfall has blocked several roads in the South district of Sikkim, official sources said today. The road from Namchi to Phongla, Namchi to Melli and Namchi to Sumbuk were blocked due to landslides, as were the roads from Phongla to Bermiok and Phongla to Mamring.he road from Melli to Phongla and Melli to Sadam is also blocked while last night's downpour also affected road connectivity from Yangang to Ravangla, Yangang to Singtam and Yangang to Lingmoo.","Namchi to Phongla, Namchi to Melli ,Namchi to Sumbuk",5km,landslide,downpour,medium,unknown,,,,,,glc,4556,India,IN,Sikkim,1147,Namchi,0.52839,04-01-2014 00:00,11/20/2017 15:17,2/15/2018 15:51,88.3651,27.1675,2012,9,16,-0.8660,-0.5000,True,Sikkim,True,administrative
E-PAO,http://e-pao.net/GP.asp?src=1..020815.aug15,7389,2015-08-01 00:00:00,,between Bongyang and Lokchao along the Imphal-Moreh highway,"Meanwhile, landslides also wreaked havoc in between Bongyang and Lokchao along the Imphal-Moreh highway and Tengnoupal-Sangshak road in Chandel district.",between Bongyang and Lokchao along the Imphal-Moreh highway,5km,landslide,continuous_rain,medium,above_road,0,0,,,,glc,7389,India,IN,Manipur,30418,Kakching,13.14385,12/14/2015 21:52,11/20/2017 15:17,2/15/2018 15:51,94.0644,24.4072,2015,8,1,-0.5000,-0.8660,True,Manipur,True,administrative
mizoramexpress.com,http://mizoramexpress.com/index.php/2010/09/landslide-hits-aizawl-1-house-destroyed/,2437,2010-09-16 00:00:00,,"Aizawl-Lengpui rd 3km from Aizawl, Mizoram, Manipur","Sep 19, 2010  Meanwhile, Aizawl-Lengpui road remained blocked for the third day because of massive landslide about 3 km away from Lengpui. According to information received from the Engineer in charge, intermittent rainfall and falling of rocks hampered the work.  It is expected to be restored for all types of vehicles tomorrow. Meanwhile the National Highway No. 54 also is blocked by heavy landslide near Rangvamual.","Aizawl-Lengpui rd 3km from Aizawl, Mizoram, Manipur",5km,landslide,downpour,medium,unknown,0,,,,,glc,2437,India,IN,Mizoram,265331,Aizawl,3.58713,04-01-2014 00:00,11/20/2017 15:17,2/15/2018 15:51,92.694,23.7527,2010,9,16,-0.8660,-0.5000,True,Mizoram,True,administrative
E-PAO,http://e-pao.net/GP.asp?src=21..020815.aug15,7371,2015-08-01 00:00:00,,near S Lamphei Lamkhai and Sehlon village,landslide near S Lamphei Lamkhai and Sehlon village had taken place,near S Lamphei Lamkhai and Sehlon village,50km,landslide,continuous_rain,medium,unknown,0,0,,,,glc,7371,India,IN,Manipur,44540,Mawlaik,52.61612,11/21/2015 1:13,11/20/2017 15:17,2/15/2018 15:51,94.0573,23.9939,2015,8,1,-0.5000,-0.8660,True,Manipur,True,administrative
The New Indian Express,http://www.newindianexpress.com/nation/Woman-Child-Killed-in-Assam-Landslide/2015/09/01/article3005012.ece,7923,2015-09-01 00:00:00,,Amingaon,"A mother and her child were killed in a landslide at Amingaon area of Kamrup (Rural) district of Assam this morning, police said.  NDRF personnel from the nearby Changsari camp rushed to the spot and recovered their bodies from under a stone.  The woman has been identified as Sumita Khaklary and the child as Rashmi Khaklary.  The landslide occurred following heavy rainfall for the past few days.  A district official said that construction was banned in Kalipahar area but encroachment was continuing.  The matter would be investigated, he said.",Amingaon,10km,landslide,rain,medium,unknown,2,0,,,,glc,7923,India,IN,Assam,26388,Rangia,16.56364,6/29/2016 18:46,11/20/2017 15:17,2/15/2018 15:51,91.72137514,26.49349035,2015,9,1,-0.8660,-0.5000,True,Assam,True,administrative
youtube,http://www.youtube.com/watch?v=jHTtW2WaJGw,2182,2010-07-31 09:00:00,,Dimapur-Imphal highway (NH 39) near Manipur,Heavy rains triggered a landslide along NH 30 near Imphal. The landslide blocked a 100 ft stretch of road and trucks and cars were stranded on either side. The landslide occurred in the morning. There has been significant deforestation in the area.,Dimapur-Imphal highway (NH 39) near Manipur,25km,landslide,rain,medium,unknown,0,,,,,glc,2182,India,IN,Manipur,223523,Imphal,17.36482,04-01-2014 00:00,11/20/2017 15:17,2/15/2018 15:51,93.8443,24.9356,2010,7,31,0.0000,-1.0000,True,Manipur,True,administrative
e-pao.net,http://e-pao.net/GP.asp?src=3..100610.jun10,1954,2010-06-07 00:00:00,,"Irang(?) and Barak(?) and Makru(?) on highway 53 between Imphal and Jiribam, Manipur","The Ministerial team led by Works Minister K Rajit, along with 450 loaded trucks carrying different commodities, arrived at Imphal after over-coming landslides in different parts of the National Highway 53 .  The team returned after inspecting the condition of National Highway 53.The team accompanied 850 loaded trucks which were stranded at different places on the highway due to landslides at Irang and different portions.  The Ministerial team left Jiribam in this morning on their return journey to Imphal with the loaded trucks stranded at Barak and Makru respectively. As per media report landslides triggered by heavy rains on 8th June 2010 along NH-53 at Irang, Awang Khul and at a spot located about 4 kms from Noney, near Irang, Manipur have suspended traffic along the highway. Around 50 mm rainfall was recorded at Imphal.","Irang(?) and Barak(?) and Makru(?) on highway 53 between Imphal and Jiribam, Manipur",50km,landslide,rain,medium,unknown,0,,,,,glc,1954,India,IN,Manipur,17103,Moirāng,39.73504,04-01-2014 00:00,11/20/2017 15:17,2/15/2018 15:51,93.5039,24.7543,2010,6,7,0.5000,-0.8660,True,Manipur,True,administrative
The Statesmen,http://www.thestatesman.com/news/northeast/27-graves-damaged-in-mizoram-landslide/70263.html,6963,2015-06-19 00:00:00,,"Muanna locality, Mizoram",At least 27 graves of a cemetery were damaged in rain-triggered landslide,"Muanna locality, Mizoram",50km,landslide,rain,medium,natural_slope,0,0,,,,glc,6963,India,IN,Mizoram,265331,Aizawl,2.55543,6/25/2015 19:28,11/20/2017 15:17,2/15/2018 15:51,92.7362,23.7131,2015,6,19,0.5000,-0.8660,True,Mizoram,True,administrative
International Business Times,http://www.ibtimes.co.in/meghalaya-massive-landslide-east-jaintia-hills-flash-floods-shillong-hit-normal-life-643439,7590,2015-08-19 00:00:00,,Tongseng,"Minor landslides were also reported in Tongseng, Ratacherra and Dona areas.",Tongseng,5km,landslide,rain,small,unknown,0,0,,,,glc,7590,India,IN,Meghalaya,55290,Karīmganj,30.27913,3/24/2016 0:52,11/20/2017 15:17,2/15/2018 15:51,92.3807,25.1416,2015,8,19,-0.5000,-0.8660,True,Meghalaya,True,administrative
ptinews,http://www.ptinews.com/news/316483_Three-killed--ten-injured-in-Mizoram-landslide,1222,2009-10-05 00:00:00,,"Chhinga Veng, Aizawl","Three persons, including a five-year-old girl, were killed and ten others injured when a massive landslide triggered by rains swept away a building at Chhinga Veng locality here, police said. Besides a five-year-old girl, her grandmother and a 23-year-old woman were also killed when the building, occupied by four families, collapsed and swept away by the landslide, they said.","Chhinga Veng, Aizawl",5km,landslide,downpour,medium,urban,3,,,,,glc,1222,India,IN,Mizoram,265331,Aizawl,0.93904,04-01-2014 00:00,11/20/2017 15:17,2/15/2018 15:51,92.72124394,23.73478778,2009,10,5,-1.0000,-0.0000,True,Mizoram,True,administrative
NYOOOZ,http://www.nyoooz.com/guwahati/515423/woman-killed-in-wall-collapse-after-landslide-in-guwahati,8222,2016-06-22 12:00:00,,"Piyali Phukan Nagar, Guwahati, India","A woman was buried alive in Piyali Phukan Nagar in the city when the guard wall of her house collapsed after a landslide. No one else from her family was injured.The rescue official said Rukia's house was located just on the edge of a hill. ""After almost three hours of wroking through the debris, Rukia's body was found,"" an official of the rescue team said. The victim was identified as Rukia Khatun.The incident occurred around noon on Wednesday.Though an operation to extricate her began soon, she could not be saved. Around 120 families have been relocated and more than 50 others have been asked to shift.","Piyali Phukan Nagar, Guwahati, India",5km,mudslide,downpour,medium,natural_slope,1,0,,http://timesofindia.indiatimes.com/photo/52879646.cms,,glc,8222,India,IN,Assam,899094,Guwahati,3.88766,07-05-2016 14:46,11/20/2017 15:17,2/15/2018 15:51,91.7825,26.1961,2016,6,22,0.5000,-0.8660,True,Assam,True,administrative
Assam Times,http://www.assamtimes.org/node/14622,7706,2015-08-19 00:00:00,,National Highway at Kuliang,"More landslide has complicated the surface communication in Ratachora, Tansen and Kuliang keeping a major portion of the National Highway blocked.",National Highway at Kuliang,5km,landslide,rain,medium,above_road,0,0,,,,glc,7706,India,IN,Meghalaya,55290,Karīmganj,22.56409,5/13/2016 1:41,11/20/2017 15:17,2/15/2018 15:51,92.3636,25.0728,2015,8,19,-0.5000,-0.8660,True,Meghalaya,True,administrative
Hindu,http://www.thehindu.com/news/national/other-states/life-remains-hit-in-darjeeling-hills/article9222389.ece,9620,2016-10-15 00:00:00,,Rangpo,"The road on way to Peiling in Sikkim remained cut off due to landslides at Namchi and Rangpo but the Lava-Lolegaon route in Darjeeling was still working, though only for cars and the small vehicles took long detour through the second route, the officials said.",Rangpo,5km,landslide,downpour,medium,above_road,0,0,,,,glc,9620,India,IN,Sikkim,4026,Rangpo,0.7337,10/19/2016 13:10,11/20/2017 15:17,2/15/2018 15:51,88.5292,27.172,2016,10,15,-1.0000,-0.0000,True,Sikkim,True,administrative
The Northeast Today,http://thenortheasttoday.com/landslides-damage-houses-graves-in-aizawl/,8224,2015-09-14 01:30:00,,"Aizawl, Mizoram, India","Earlier around 1:30am, landslide damaged 39 graves at Republic Veng locality in the heart of the city. The landslide also blocked internal road of the locality. With this, landslides have damaged a total of 311 graves in four localities in Aizawl.","Aizawl, Mizoram, India",5km,landslide,downpour,medium,above_road,0,0,,http://thenortheasttoday.com/wp-content/uploads/2015/09/12033852_1012700228774617_1216798541_n.gif,,glc,8224,India,IN,Mizoram,265331,Aizawl,0.27245,07-05-2016 14:52,11/20/2017 15:17,2/15/2018 15:51,92.7187,23.7313,2015,9,14,-0.8660,-0.5000,True,Mizoram,True,administrative
articles.timesofindia,http://articles.timesofindia.indiatimes.com/2012-03-04/guwahati/31120923_1_booths-repoll-polling-stations,4241,2012-03-04 00:00:00,,Tamei constituency in Tamenlong district,"Repolling in 63 booths under nine constituencies in the five hill districts of Senapati, Ukhrul, Churachandpur, Tamenglong and Chandel was held on Sunday amid heavy security with more than 60% turnout recorded. The exercise was supposed to be held in 67 booths but owing to heavy landslides triggered in the remote Tamei constituency in Tamenlong district, poll officials could not reach four booths forcing the Election Commission to defer the exercise till Monday.",Tamei constituency in Tamenlong district,25km,landslide,unknown,medium,unknown,0,,,,,glc,4241,India,IN,Manipur,223523,Imphal,47.30334,04-01-2014 00:00,11/20/2017 15:17,2/15/2018 15:51,93.6795,25.1604,2012,3,4,0.8660,0.5000,True,Manipur,True,administrative
beacononline.wordpress,http://beacononline.wordpress.com/2008/08/31/landslide-victims-being-compensated/,755,2008-08-28 00:00:00,,"Ranka, Sikkim and Louing road","most affected villages of block level are Pabing, Changram, Doksing and Thami Dara","Ranka, Sikkim and Louing road",25km,landslide,downpour,medium,unknown,,,,,,glc,755,India,IN,Sikkim,30700,Gangtok,1.28629,04-01-2014 00:00,11/20/2017 15:17,2/15/2018 15:51,88.609,27.337,2008,8,28,-0.5000,-0.8660,True,Sikkim,True,administrative
voiceofsikkim.com,http://voiceofsikkim.com/2010/04/18/rains-trigger-major-landslide-at-pani-house/,1756,2010-04-17 00:00:00,,"Nam Nang, Gangtok","On the same day, another minor landslide was reported at Nam-Nang.","Nam Nang, Gangtok",1km,landslide,downpour,small,unknown,0,,,,,glc,1756,India,IN,Sikkim,30700,Gangtok,0.53719,04-01-2014 00:00,11/20/2017 15:17,2/15/2018 15:51,88.6087,27.322,2010,4,17,1.0000,0.0000,True,Sikkim,True,administrative
Indian Express,http://indianexpress.com/article/india/india-news-india/at-least-10-killed-in-landslides-in-assam-rescue-operations-underway-2806810/,9334,2016-05-18 08:00:00,,"Bilaipur, Hailakandi district, Assam, India","One of two landslides in Bilaipur triggered by the same rainfall event. Ten people were killed in landslides in Karimganj and Hailakandi districts in Barak Valley in Assam on Wednesday following incessant rains. In neighbouring Hailakandi district, two incidents of landslide killed four persons at Bilaipur and a six-year old boy at Ramchandi area, police officials said. The debris fell on two houses where the victims were sleeping early in the morning, they said. NDRF and police have been engaged in rescue and relief operations.","Bilaipur, Hailakandi district, Assam, India",1km,landslide,continuous_rain,unknown,unknown,2,0,,,,glc,9334,India,IN,Assam,10942,Lāla,11.80305,08-03-2016 13:38,11/20/2017 15:17,2/15/2018 15:51,92.7264,24.5204,2016,5,18,0.8660,-0.5000,True,Assam,True,administrative
The Hindu,http://www.thehindu.com/news/national/many-killed-in-arunachal-landslip/article8798739.ece,8237,2016-07-01 00:00:00,,"Old Inspection Bungalow, Bhalukpong town, West Kameng, Arunachal Pradesh, India","At least five persons, including two women, were killed on Friday, while five others remained missing in a landslip that buried several houses in Arunachal Pradesh’s West Kameng district, which is being lashed by torrential rain.  The landslip occurred when a small hillock near the Old Inspection Bungalow caved in and buried several houses in Bhalukpong town, West Kameng district Superintendent of Police A. Koan said. While five bodies were retrieved from the debris, five others were still missing as rescue operation had to be suspended due to darkness.  Three rescued  The SP, who is camping at Bhalukpong to supervise rescue operations, said torrential rain in the past couple of days have triggered flood-like situation in the town bordering Assam.         Three persons have been rescued from the debris, but they have sustained serious injuries, he said.","Old Inspection Bungalow, Bhalukpong town, West Kameng, Arunachal Pradesh, India",1km,landslide,downpour,large,unknown,5,3,,,,glc,8237,India,IN,Arunachal Pradesh,18739,Rangāpāra,19.7667,07-05-2016 16:56,11/20/2017 15:17,2/15/2018 15:51,92.6351,27.0136,2016,7,1,0.0000,-1.0000,True,Arunachal Pradesh,True,administrative
articles.timesofindia.indiatimes.com,http://articles.timesofindia.indiatimes.com/2013-05-12/guwahati/39203561_1_artificial-floods-guwahati-municipal-corporation-gs-road,4859,2013-05-11 00:00:00,,"Sarania Hills, North Guwahati, Guwahati, Assam,","Landslides occurred in the Nursery area and Maligaon in Nilachal Hills, Sarania Hills and Boragaon on Saturday, alarming hill residents, whose number has crossed two lakh in Guwahati, said sources. Junu Chakraborty (50) was injured in the Nursery area after a wall of her house collapsed on Saturday morning. However, she is out of danger. There are no reports of injury from other parts of the city. A family miraculously escaped unhurt when earth fell on their house in the Sarania Hills.","Sarania Hills, North Guwahati, Guwahati, Assam,",5km,landslide,rain,medium,unknown,,1,,,,glc,4859,India,IN,Assam,899094,Guwahati,1.62505,04-01-2014 00:00,11/20/2017 15:17,2/15/2018 15:51,91.7599,26.1771,2013,5,11,0.8660,-0.5000,True,Assam,True,administrative
morungexpress,http://www.morungexpress.com/frontpage/69382.html,3916,2011-08-13 08:00:00,,"Chumukedima, Dimapur","22 mudslides, 4 major slides. Road closed","Chumukedima, Dimapur",10km,mudslide,downpour,medium,unknown,0,,,,,glc,3916,India,IN,Assam,135860,Dimāpur,17.73969,04-01-2014 00:00,11/20/2017 15:17,2/15/2018 15:51,93.8067,25.7713,2011,8,13,-0.5000,-0.8660,True,Assam,True,administrative
www.thehindubusinessline.com,http://www.thehindubusinessline.com/news/states/landslide-blocks-polo-river-in-arunachal-pradesh/article4996075.ece,5250,2013-08-01 00:00:00,,"Polo River At Polosang, Arunachal Pradesh","Arunachal Pradesh Government today sounded red alert following reports of a massive landslide which blocked the flow of Polo river at Polosang last week, reversing the flow of its water toward China. Disaster management Director Y. W. Ringu alerted Kurung Kumey Deputy Commissioner and SP to take steps to evacuate the people living in flood-prone lower belt along Kurung river, to safer places to avoid loss of life and property, official sources informed. Polo is a major tributary of Kurung River in Sarli circle of remote Kurung Kumey district in the State.","Polo River At Polosang, Arunachal Pradesh",10km,mudslide,rain,medium,unknown,,,,,,test,5250,India,IN,Arunachal Pradesh,0,Douyu,58.34526,04-01-2014 00:00,11/20/2017 15:17,2/15/2018 15:51,93.0515,27.8837,2013,8,1,-0.5000,-0.8660,True,Arunachal Pradesh,True,administrative
Hindu,http://www.thehindu.com/news/states/other-states/article2276615.ece,3805,2011-07-19 00:00:00,,200 meters from Teesta Bridge towards Siliguri,"The ongoing monsoons have once again started to take its toll along NH-31A, with various places along the West Bengal-Sikkim highway being blocked because of landslides, police said.  After closing down the highway for over 12 hours at Rambi in the West Bengal side on June 17, the rains have once again disrupted traffic along the highway since Tuesday.  “The highway is blocked at a place around 200 meters from Teesta Bridge towards Siliguri. The spot which is near the Shiv Mandir at the infamous Likhey Bhir is informed to have lost a section of the road due to heavy rains,” Janmukti Chalak Mahasangh’s (JCM) president Milan Pradhan said.  The section of the road broke down at around mid-night on Tuesday after which traffic came to a standstill with vehicles on either side returning back to their destinations or taking alternative routes via Darjeeling, Kurseong or Mirik, police said.  Drivers are also taking the route via Kalimpong-Lava-Gurubathan and Damdim and entering Siliguri throug",200 meters from Teesta Bridge towards Siliguri,1km,landslide,rain,medium,above_road,0,,,,,glc,3805,India,IN,Sikkim,3596,Jorethang,4.44389,04-01-2014 00:00,11/20/2017 15:17,2/15/2018 15:51,88.42572376,27.05374234,2011,7,19,0.0000,-1.0000,True,Sikkim,True,administrative
e-pao.net,http://e-pao.net/GP.asp?src=16..070711.jul11,3738,2011-07-06 00:00:00,,"National Highway 53, Sinam Khul (near Kotlen; ~25 km from Imphal)","Imphal, July 06 2011: In a tragic incident of nature taking toll on human, a massive landslides along NH 53 today killed six personnel of Indian Reserved Battalion (IRB) and Manipur Rifles even as seven personnel were critically injured.  According to police report, the convoy led by AC 2nd IRB S Ingo was heading to Jiribam district headquarters to escort loaded freight trucks and oil tankers.  They had just reach Sinam Khul near Kotlen about 25 km from Imphal when the landslide struck them hit the bus in which they were travelling.  The bus was travelling with five commando teams and some personnel on other vehicles as Road Opening Party (ROP) .  The six ill fated personnel who were killed in the tragic accident were Havildar Yaima of 5th IRB, rifleman Diamond of 5th MR, rifleman Surchandra of 5th MR, rifleman Maradona of 6th IRB, rifleman Lakshman of 8th MR and rifleman Nasir Khan of 2nd MR.The injured personnel were 1st MR rifleman T Sandang Maring (31), 3rd IRB personnel Takhellamb","National Highway 53, Sinam Khul (near Kotlen; ~25 km from Imphal)",50km,landslide,downpour,medium,unknown,6,,,,,glc,3738,India,IN,Manipur,223523,Imphal,0.44836,04-01-2014 00:00,11/20/2017 15:17,2/15/2018 15:51,93.9482,24.8063,2011,7,6,0.0000,-1.0000,True,Manipur,True,administrative
Mizoram Express,http://mizoramexpress.com/index.php/2010/09/mizoram-landslides-kill-one-woman/,2426,2010-09-13 00:00:00,,"Hual(Hu) village(?), Lunglei-Lawngtlai rd, Mizoram","Sep 15, 2010  AIZAWL: Lunglei-Lawngtlai road was also blocked by a heavy landslide at =hual\hu village this afternoon. The landslide also washed away the house of Vanlallawma. Luckily all the family members managed to run out of the house before the house collapsed with the pressure. A number of vehicles were stranded on both sides of the road. Among the stranded passengers, the Rajya Sabha Member, Mr. Lalhmingliana and some MNF Party leaders were also there. The Additional DC, Mr. T. Lalduhawma visited the landslide victim and promised that the government will give assistance to the family as per rule.","Hual(Hu) village(?), Lunglei-Lawngtlai rd, Mizoram",25km,landslide,downpour,medium,unknown,0,,,,,glc,2426,India,IN,Mizoram,52728,Lunglei,21.89059,04-01-2014 00:00,11/20/2017 15:17,2/15/2018 15:51,92.8416,22.7176,2010,9,13,-0.8660,-0.5000,True,Mizoram,True,administrative
The Sangai Express,http://www.thesangaiexpress.com/page/items/54212/massive-landslide-along-maram-peren-road-downpour-creates-havoc-in-different-parts,7266,2015-07-22 00:00:00,,Yangkhullen-Tamphung road till Nagaland border,"Torrential rain in the last many days has created havoc in many places of Senapati district. Sources specified of major landslides in different locations including 15 kms from Maram, 22 kms to 30 kms between Sangkhumai and Willong, Willong-Yangkhullen stretch and Yangkhullen-Tamphung road till Nagaland border.",Yangkhullen-Tamphung road till Nagaland border,10km,landslide,continuous_rain,medium,above_road,0,0,,,,glc,7266,India,IN,Manipur,92113,Kohima,29.57629,7/23/2015 16:36,11/20/2017 15:17,2/15/2018 15:51,93.8794,25.5098,2015,7,22,0.0000,-1.0000,True,Manipur,True,administrative
e-pao.net,http://e-pao.net/GP.asp?src=9..070909.sep09,1129,2009-08-30 00:00:00,,"Road stretch from Gammom to Chamu village, under Kamjong block, Ukhrul district, Manipur","Following heavy landslide on the road stretch from Gammom to Chamu village, under Kamjong block, Ukhrul district, several villages have been cut off from the outside world for the last seven days. Eight villages are situated along the 8 km stretch of road between Gammom and Chamu, which is near the Indo-Myanmar border, around 123 kms from the district headquarters.","Road stretch from Gammom to Chamu village, under Kamjong block, Ukhrul district, Manipur",50km,landslide,downpour,medium,unknown,,,,,,glc,1129,India,IN,Manipur,8797,Yairipok,42.70454,04-01-2014 00:00,11/20/2017 15:17,2/15/2018 15:51,94.4182,24.8628,2009,8,30,-0.5000,-0.8660,True,Manipur,True,administrative
gsi.gov,"http://www.portal.gsi.gov.in/portal/page?_pageid=127,875814&_dad=portal&_schema=PORTAL",2166,2010-07-29 00:00:00,,"Highway 53 at Tupul, Tamenglong district","As per media report a landslide triggered by rains occurred on 29th July, 2010 on the National Highway 53 at Tupul area in Tamenglong district. The landslide disturbed the connection of Manipur with Silchar.","Highway 53 at Tupul, Tamenglong district",10km,landslide,downpour,medium,unknown,0,,,,,glc,2166,India,IN,Assam,7176,Mahur,45.33486,04-01-2014 00:00,11/20/2017 15:17,2/15/2018 15:51,93.5027,24.9786,2010,7,29,0.0000,-1.0000,True,Assam,True,administrative
Telegraph India,http://www.telegraphindia.com/1070830/asp/northeast/story_8253906.asp,213,2007-08-26 00:00:00,,Shillong Road at Kuliang in the Jaintia Hills,Telegraph India,Shillong Road at Kuliang in the Jaintia Hills,unknown,landslide,rain,medium,unknown,,,,,,glc,213,India,IN,Assam,39982,Hāflong,23.42741,04-01-2014 00:00,11/20/2017 15:17,2/15/2018 15:51,92.8339,25.2946,2007,8,26,-0.5000,-0.8660,True,Assam,True,administrative
thesop.org,http://thesop.org/story/20120701/woman-killed-in-guwahati-by-landslide.html,4426,2012-06-22 00:00:00,,Lalunggaon near Gorchuk area,"On June 22, three people including two children of a family were killed in a landslide incident at Lalunggaon near Gorchuk area in the city.Thousands of families live at the bottom of 18 hills in the city. These families have allegedly encroached on the land of the hilly area.",Lalunggaon near Gorchuk area,5km,landslide,downpour,medium,unknown,3,,,,,glc,4426,India,IN,Assam,899094,Guwahati,7.45913,04-01-2014 00:00,11/20/2017 15:17,2/15/2018 15:51,91.7162,26.1226,2012,6,22,0.5000,-0.8660,True,Assam,True,administrative
The Northeast Today,http://www.northeasttoday.in/two-women-buried-alive-in-shillong-landslide/,8366,2015-09-23 15:00:00,,"Shillong, Meghalaya, India","Two women were buried alive under a massive pile of debris following a landslide at Lamavilla area in Shillong, Meghalaya on Wednesday afternoon triggered by heavy rainfall over the past few days.  The incident occurred when a retaining wall collapsed onto the houses below. The deceased women have been identified as Meenu Thapa (40’s) and Karuna Shreshta (25). The deceased were tenants of one Bina Lama. A five-year-old child Aditya Shrestha sustained serious injuries and was rushed to the hospital.  Soon after the news of the landslide, a team from the State Disaster Response Force rushed to the spot and started relief works. Incidentally, Wednesday’s landslide comes exactly a year to the day when eight persons including a pregnant woman were buried alive following a massive landslide triggered by incessant rainfall in Mawbah locality in Shillong.  When contacted, East Khasi Hills Deputy Commissioner P.S. Dkhar said he has asked the Meghalaya Urban Development Authority to conduct an i","Shillong, Meghalaya, India",5km,landslide,downpour,medium,natural_slope,2,1,,,,glc,8366,India,IN,Meghalaya,132842,Shillong,1.85404,07-06-2016 14:37,11/20/2017 15:17,2/15/2018 15:51,91.893,25.583,2015,9,23,-0.8660,-0.5000,True,Meghalaya,True,administrative
Telegraph India,http://www.telegraphindia.com/1100605/jsp/northeast/story_12529386.jsp,1934,2010-06-03 05:00:00,,Rongpur village under Bhairabhnagar panchayat in Karimganj district,"Two died and five others were injured yesterday around 5am when their bamboo huts were crushed in a mudslide on the foothills at Rongpur village under Bhairabhnagar panchayat in Karimganj district.  Sources in Karimganj police station today said the dead have been identified as Dhalai Mia, a 50-year-old farmer, and his youngest son Fakrul Islam, 12. The injured, including Mia’s wife Lesa Bibi, 45, and their granddaughter Nurana Begum, 5, are being treated in the nearby Ramkrishnanagar hospital.  The site of this mishap is about 85km from this town.  This is the third major landslide in the Barak valley in the past two years.",Rongpur village under Bhairabhnagar panchayat in Karimganj district,25km,landslide,downpour,medium,unknown,2,,,,,glc,1934,India,IN,Assam,31031,Hailākāndi,20.39416,04-01-2014 00:00,11/20/2017 15:17,2/15/2018 15:51,92.3814,24.6005,2010,6,3,0.5000,-0.8660,True,Assam,True,administrative
Zee News,http://zeenews.india.com/news/north-east/landslide-in-tawang-area-of-arunachal-pradesh-watch-video_1878690.html,7655,2016-04-22 02:30:00,,"Tawang, Arunachal Pradesh","TRMM shows no significant rainfall accumulation. Article: Continuous rain in the last couple of days led to a landslide at Famla village in Arunachal Pradesh's Tawang district early Friday, killing 17 people.","Tawang, Arunachal Pradesh",5km,landslide,continuous_rain,medium,above_road,17,0,,"http://timesofindia.indiatimes.com/thumb/msid-51950784,width-400,resizemode-4/51950784.jpg",,glc,7655,India,IN,Arunachal Pradesh,4831,Tawang,6.69648,4/23/2016 2:02,11/20/2017 15:17,2/15/2018 15:51,91.8569,27.5799,2016,4,22,1.0000,0.0000,True,Arunachal Pradesh,True,administrative
Business Standard,http://www.business-standard.com/article/pti-stories/three-injured-houses-collapse-in-landslide-in-arunachal-116080700399_1.html,9464,2016-08-05 00:00:00,,Babrang village under Jang circle in Tawang district,"Three persons were injured and eight houses collapsed following landslides triggered by torrential rain at Barbara in Tawang district of Arunachal Pradesh, an official said today.",Babrang village under Jang circle in Tawang district,5km,landslide,downpour,medium,unknown,0,3,,http://www.arunachaltimes.in/wp-content/uploads/2016/08/Landslide-washes-away-8-300x206.jpg,,glc,9464,India,IN,Arunachal Pradesh,4831,Tawang,5.03841,8/16/2016 21:47,11/20/2017 15:17,2/15/2018 15:51,91.9754,27.5754,2016,8,5,-0.5000,-0.8660,True,Arunachal Pradesh,True,administrative
daijiworld,"http://www.daijiworld.com/news/news_disp.asp?n_id=47500&n_tit=Mangalore:+Monsoon+Continues+to+Strike;+Landslide,+Houses+Collapse",580,2008-06-09 00:00:00,,"near Kuloor church, in Manipur along National Highway","difficult to determine location, heavy rains throughout Manipur state","near Kuloor church, in Manipur along National Highway",unknown,landslide,monsoon,medium,unknown,,,,,,glc,580,India,IN,Manipur,44493,Thoubāl,2.9361,04-01-2014 00:00,11/20/2017 15:17,2/15/2018 15:51,93.9784,24.6596,2008,6,9,0.5000,-0.8660,True,Manipur,True,administrative
Indian Express,http://indianexpress.com/article/india/india-news-india/separate-landslides-kill-two-in-assam-2913748/,8996,2016-07-14 00:00:00,,"Pub Sarania hill, South Sarania, Guwahati, Assam, India","Trigger is likely monsoon rains because the incident occurred during monsoon season.  Two persons, including a girl, were killed in landslides in Assam on Thursday. An octogenarian was killed when a sudden landslide buried his house at Pub Sarania hill, district deputy commissioner M Angamathu said.","Pub Sarania hill, South Sarania, Guwahati, Assam, India",1km,landslide,monsoon,small,natural_slope,1,0,,http://images.indianexpress.com/2016/07/assam-landslide-759.jpg,,glc,8996,India,IN,Assam,899094,Guwahati,2.58336,7/18/2016 13:32,11/20/2017 15:17,2/15/2018 15:51,91.7702,26.1768,2016,7,14,0.0000,-1.0000,True,Assam,True,administrative
The Indian Express,http://indianexpress.com/article/cities/kolkata/farmer-killed-fresh-landslide-in-kurseong/,7138,2015-07-07 00:00:00,,"NH-10, Sepi Jhora, Kalimpong",the road was cleared by 7 am the next day.,"NH-10, Sepi Jhora, Kalimpong",5km,landslide,continuous_rain,small,above_road,0,0,,,,glc,7138,India,IN,Sikkim,43000,Kālimpang,2.91557,07-10-2015 17:32,11/20/2017 15:17,2/15/2018 15:51,88.4397,27.0816,2015,7,7,0.0000,-1.0000,True,Sikkim,True,administrative
articles.timesofindia.indiatimes.com,http://articles.timesofindia.indiatimes.com/2013-05-12/guwahati/39203177_1_young-mizo-association-aizawl-rescue-work,4857,2013-05-11 09:00:00,,"Laipuitland , Aizawl, Mizoram",Landslides triggered by a cyclonic storm and heavy pre-monsoon rain claimed at least 10 lives and swept away nine houses in the northern part of Aizawl on Saturday morning. Seven more people are missing.,"Laipuitland , Aizawl, Mizoram",25km,landslide,rain,large,unknown,15,,,,,glc,4857,India,IN,Mizoram,265331,Aizawl,0.10199,04-01-2014 00:00,11/20/2017 15:17,2/15/2018 15:51,92.7175,23.7281,2013,5,11,0.8660,-0.5000,True,Mizoram,True,administrative
E-Pao,http://e-pao.net/GP.asp?src=34..200615.jun15,6945,2015-06-19 00:00:00,,"amei to Kangpokpi via Imphal road, 0.5 km from Tamei, Tamenglang District",Tamei to Kangpokpi via Imphal road remained cut off for the last few days due to huge landslides near a diesel oil pump located some half a kilometer from Tamei Headquarters.  Contractor engaged under NEC road construction at Tamei has been clearing the site for two days,"amei to Kangpokpi via Imphal road, 0.5 km from Tamei, Tamenglang District",1km,landslide,monsoon,medium,above_road,0,0,,,,glc,6945,India,IN,Manipur,223523,Imphal,46.89414,6/25/2015 14:16,11/20/2017 15:17,2/15/2018 15:51,93.686,25.16,2015,6,19,0.5000,-0.8660,True,Manipur,True,administrative
articles.timesofindia.indiatimes.com,http://articles.timesofindia.indiatimes.com/2013-05-12/guwahati/39203561_1_artificial-floods-guwahati-municipal-corporation-gs-road,4860,2013-05-11 00:00:00,,"Boragaon, North Guwahati, Guwahati, Assam,","Landslides occurred in the Nursery area and Maligaon in Nilachal Hills, Sarania Hills and Boragaon on Saturday, alarming hill residents, whose number has crossed two lakh in Guwahati, said sources. Junu Chakraborty (50) was injured in the Nursery area after a wall of her house collapsed on Saturday morning. However, she is out of danger. There are no reports of injury from other parts of the city. A family miraculously escaped unhurt when earth fell on their house in the Sarania Hills.","Boragaon, North Guwahati, Guwahati, Assam,",5km,landslide,rain,medium,unknown,,,,,,test,4860,India,IN,Assam,899094,Guwahati,10.70607,9/16/2014 19:21,11/20/2017 15:17,2/15/2018 15:51,91.6906,26.1016,2013,5,11,0.8660,-0.5000,True,Assam,True,administrative
www.thehindu.com,http://www.thehindu.com/news/national/other-states/landslides-after-heavy-premonsoon-rain-in-mizoram/article4695784.ece,4845,2013-05-07 00:00:00,,"Kolasib, Saiha, Mizoram,","A large number of villages in Mizoram have become inaccessible after landslides, triggered by heavy and incessant pre-monsoon rains that have been lashing the state since Saturday, have blocked the roads, official sources said on Wednesday. The landslides blocked the Champai road in Saiha district which connects the capital town with the Mizoram-Myanmar border.","Kolasib, Saiha, Mizoram,",50km,mudslide,rain,medium,unknown,,,,,,glc,4845,India,IN,Mizoram,25000,Kolasib,0.90447,04-01-2014 00:00,11/20/2017 15:17,2/15/2018 15:51,92.6755,24.2315,2013,5,7,0.8660,-0.5000,True,Mizoram,True,administrative
assamtribune,http://www.assamtribune.com/scripts/detailsnew.asp?id=apr2110/at06,1770,2010-04-20 00:00:00,,"Kharghuli, Guwahati, Assam","GUWAHATI, April 20 – Civic woes of Guwahatians is continuing to unfold its murkier side with incessant downpour today forcing district administration to engage National Disaster Response Force (NDRF) to facilitate movement of residents of low-lying areas at the heart of the capital city.   The incessant rains also led to landslide in the hilly areas of the city, including at Kharghuli hillside and the hills adjoining the Raj Bhavan.","Kharghuli, Guwahati, Assam",1km,landslide,downpour,medium,unknown,0,,,,,glc,1770,India,IN,Assam,899094,Guwahati,2.18012,04-01-2014 00:00,11/20/2017 15:17,2/15/2018 15:51,91.763,26.1965,2010,4,20,1.0000,0.0000,True,Assam,True,administrative
Assam Times,http://www.assamtimes.org/node/14643,7728,2015-08-22 09:00:00,,Natonal Highway in Jorabat area,Hundreds of vehicles have been remaining stranded on the Natonal Highway in Jorabat area where a huge hillock slipped on road the in the wee hours. It took several hours to clear the road. - See more at: http://www.assamtimes.org/node/14643#sthash.6wgmNZxM.dpuf,Natonal Highway in Jorabat area,5km,landslide,continuous_rain,medium,above_road,0,0,,,,glc,7728,India,IN,Assam,2000,Dispur,8.83912,5/27/2016 14:58,11/20/2017 15:17,2/15/2018 15:51,91.8806,26.1028,2015,8,22,-0.5000,-0.8660,True,Assam,True,administrative
Indian Express,http://indianexpress.com/article/india/india-others/mizoram-aizawl-houses-swept-away-graves-damaged-by-rain-and-landslide/,7836,2015-08-27 00:00:00,,"National Highway 54, at Kawnpui town","National Highway 54, the state’s lifeline, has also been blocked in several places, including at Kawnpui town","National Highway 54, at Kawnpui town",10km,landslide,downpour,medium,above_road,0,0,,,,glc,7836,India,IN,Mizoram,11043,Sāitlaw,12.62554,6/24/2016 19:33,11/20/2017 15:17,2/15/2018 15:51,92.6724,24.042,2015,8,27,-0.5000,-0.8660,True,Mizoram,True,administrative
www.ndtv.com,http://www.ndtv.com/article/cities/landslide-triggered-by-heavy-rains-in-arunachal-pradesh-351219,4798,2013-04-07 00:00:00,,"Dibang Valley, Arunachal Pradesh","A monsoon-like situation, with heavy showers triggering landslides, has been prevailing in Dibang Valley district in Arunachal Pradesh, which is prone to natural calamities like flood. Due to intermittent downpour in the district for the last several days, Anini-Roing road -- the thoroughfare linking the district -- has suffered massive blockade at numerous points bringing surface communication along the route to a grinding halt.The affected areas are Erone, Endulin, Ranli, Hunli and Deopani, official sources said on Sunday.Deputy Commissioner (DC) Tamune Miso, who, along with a team of officials, was on an inspection of various ongoing projects at Etalin, Anelih and Arzoo circles, was stranded at Etalin on Saturday due to snapping of road from both ends following the landslides, the sources said.The DC met the Border Roads Organisation (BRO) officials at wayside camp offices and sought cooperation from the road construction agency for clearing the road blockades.","Dibang Valley, Arunachal Pradesh",unknown,landslide,rain,medium,unknown,,,,,,test,4798,India,IN,Arunachal Pradesh,0,Motuo,98.33608,04-01-2014 00:00,11/20/2017 15:17,2/15/2018 15:51,96.1509,28.8254,2013,4,7,1.0000,0.0000,True,Arunachal Pradesh,True,administrative
E-PAO,http://e-pao.net/GP.asp?src=1..020815.aug15,7388,2015-08-01 00:00:00,,Senam,"At Senam and Tengnoupal, Some people of the two villages vacated their respective houses and shifted their belongings to a safer place as crack has been developed due to landslide in the village.",Senam,5km,landslide,continuous_rain,medium,unknown,0,0,,,,glc,7388,India,IN,Manipur,30418,Kakching,14.9647,12/14/2015 21:45,11/20/2017 15:17,2/15/2018 15:51,94.0984,24.416,2015,8,1,-0.5000,-0.8660,True,Manipur,True,administrative
Hindu,http://www.thehindu.com/news/national/other-states/life-remains-hit-in-darjeeling-hills/article9222389.ece,9619,2016-10-15 00:00:00,,Namchi,"The road on way to Peiling in Sikkim remained cut off due to landslides at Namchi and Rangpo but the Lava-Lolegaon route in Darjeeling was still working, though only for cars and the small vehicles took long detour through the second route, the officials said.",Namchi,5km,landslide,rain,medium,above_road,0,0,,,,glc,9619,India,IN,Sikkim,1147,Namchi,0.56687,10/19/2016 13:07,11/20/2017 15:17,2/15/2018 15:51,88.3664,27.1695,2016,10,15,-1.0000,-0.0000,True,Sikkim,True,administrative
International Business Times,http://www.ibtimes.co.in/meghalaya-massive-landslide-east-jaintia-hills-flash-floods-shillong-hit-normal-life-643439,7591,2015-03-19 00:00:00,,Ratacherra,"Minor landslides were also reported in Tongseng, Ratacherra and Dona areas.",Ratacherra,5km,landslide,rain,small,unknown,0,0,,,,glc,7591,India,IN,Assam,55290,Karīmganj,20.79709,3/24/2016 0:56,11/20/2017 15:17,2/15/2018 15:51,92.4584,25.0318,2015,3,19,0.8660,0.5000,True,Assam,True,administrative
Business Standard,http://www.business-standard.com/article/pti-stories/two-killed-in-mizoram-landslide-116072900324_1.html,9232,2016-07-28 23:00:00,,"Ngur, near Mizoram-Myanmar border, India","A woman and her three-year-old daughter were killed and six others injured when a house was hit by a massive landslide at Ngur village at Mizoram-Myanmar border, police said today.   Bodies of Dawnsianmuangi (42) and her daughter were taken out from the mud by the villagers following the landslide last night.   Dawnsiangmuangi's youngest daughter, who is three-month old, is safe, police said.   One of the six injured persons was Laltlanthanga, a voluntary rescue worker, who sustained spinal injury and was brought to the Aizawl Civil Hospital.   Nine families abandoned their houses in Ngur after incessant rainfall in village for two days, police said.","Ngur, near Mizoram-Myanmar border, India",1km,landslide,continuous_rain,medium,unknown,2,6,,,,glc,9232,India,IN,Mizoram,2537,Khawhai,31.21935,7/29/2016 17:24,11/20/2017 15:17,2/15/2018 15:51,93.3783,23.5397,2016,7,28,0.0000,-1.0000,True,Mizoram,True,administrative
thesop.org,http://thesop.org/story/20120701/woman-killed-in-guwahati-by-landslide.html,4434,2012-06-25 18:00:00,,"Sonaighuli area near Kahilipara, Guwahati City, Assam","A woman was killed and a man injured in landslide in Guwahati city on Monday evening, June 25, police said. The incident took place at Sonaighuli area near Kahilipara in the city on Monday evening, when a woman was hit by a rock during landslide after heavy rain in previous 48 hours. The deceased was identified as Pinky Mondal. n the same incident, a person named Anup Mondal was also injured, and he was admitted to the Guwahati Medical College hospital for treatment.","Sonaighuli area near Kahilipara, Guwahati City, Assam",1km,landslide,downpour,large,unknown,1,,,,,glc,4434,India,IN,Assam,2000,Dispur,7.2318,04-01-2014 00:00,11/20/2017 15:17,2/15/2018 15:51,91.7369,26.1049,2012,6,25,0.5000,-0.8660,True,Assam,True,administrative
isikkim.com,http://isikkim.com/2012-06-landslides-disrupt-surface-communication-in-arunachal-pradesh-05-9/,4378,2012-06-02 00:00:00,,"Arunachal Pradesh, Dibang,","In Arunachal Pradesh, heavy landslides caused by torrential rain has disrupted surface communication between Dibang and Lower Diwang Valley districts. Since last three days there is no communication between Anini and Roing, the headquarters of both the districts. This is due to blockade at several points along the road caused by heavy downpour, officials said here today.","Arunachal Pradesh, Dibang,",50km,landslide,downpour,medium,unknown,,,,,,test,4378,India,IN,Arunachal Pradesh,0,Motuo,98.40115,04-01-2014 00:00,11/20/2017 15:17,2/15/2018 15:51,96.1517,28.8254,2012,6,2,0.5000,-0.8660,True,Arunachal Pradesh,True,administrative
NDTV,http://www.ndtv.com/andhra-pradesh-news/3-killed-in-landslide-in-arunachal-pradesh-781829,7214,2015-07-15 08:00:00,,Type-IV Colony of Seppa in East Kameng,"Torrential rains in the past 24 hours have caused heavy landslides in various areas of the district headquarters damaging several houses, roads, culverts, pipelines and electricity poles.  three victims - a couple and their three-year-old son killed on the spot",Type-IV Colony of Seppa in East Kameng,5km,landslide,monsoon,medium,urban,3,0,,,,glc,7214,India,IN,Arunachal Pradesh,7121,Bomdila,61.6633,7/17/2015 13:38,11/20/2017 15:17,2/15/2018 15:51,93.0385,27.36,2015,7,15,0.0000,-1.0000,True,Arunachal Pradesh,True,administrative
articles.timesofindia.indiatimes.com,http://articles.timesofindia.indiatimes.com/2013-10-07/guwahati/42793381_1_anil-nagar-heavy-rain-nabin-nagar,5582,2013-10-06 12:45:00,,"Batahguli, Guwahati, Assam","Heavy downpour in the last 24 hours paralyzed life in Guwahati and a landslide triggered by the rain claimed the life of an elderly person in the city on Sunday. The rain also dampened the spirit of Durga Puja shopping in the city. Kamrup (Metro) additional deputy commissioner Dhrubajyoti Das said one Man Bahadur Gurung (80) of Batahghuli area in the city died when a rock rolled down the hills and hit Gurung, who was sitting at the foothills. Another landslide occurred on the Nilachal Hill, but no one was injured in the incident.","Batahguli, Guwahati, Assam",5km,landslide,downpour,medium,unknown,1,,,,,glc,5582,India,IN,Assam,2000,Dispur,3.79782,04-01-2014 00:00,11/20/2017 15:17,2/15/2018 15:51,91.8383,26.1309,2013,10,6,-1.0000,-0.0000,True,Assam,True,administrative
e-pao.net,http://e-pao.net/GP.asp?src=7..020611.jun11,3556,2011-05-31 14:00:00,,"Roads between Tamei(Tamma?), Kangpokpi and Chalwa, Manipur","June 01 2011: The denizens of Tamei subdivision while using the IT Road from Kangpokpi to Tamei stretch take immense risk as landslides have begun to occur as the rainy season begins.  As recent as on Tuesday, the flooding streams between Tamei and Chalwa had brought down debris and dumped along the road making the communters very hard to negotiate.  Communters pasing after 2 pm failed to reach their destination due to the road problem yesterday.","Roads between Tamei(Tamma?), Kangpokpi and Chalwa, Manipur",25km,landslide,continuous_rain,small,unknown,0,,,,,glc,3556,India,IN,Manipur,223523,Imphal,39.70921,04-01-2014 00:00,11/20/2017 15:17,2/15/2018 15:51,93.8474,25.1555,2011,5,31,0.8660,-0.5000,True,Manipur,True,administrative
Mizoram Express,http://mizoramexpress.com/index.php/2010/09/mizoram-landslides-kill-one-woman/,2423,2010-09-13 00:00:00,,"road to Kanan Veng from Hunthar Veng, Mizoram","In Hunthar Veng, the kitchen side of H. Lalchhanhima’s house was damaged by a landslide while the road to Kanan Veng was blocked by a landslide.","road to Kanan Veng from Hunthar Veng, Mizoram",1km,landslide,downpour,medium,above_road,,,,,,glc,2423,India,IN,Mizoram,20244,Serchhīp,8.59507,04-01-2014 00:00,11/20/2017 15:17,2/15/2018 15:51,92.71060943,23.73504471,2010,9,13,-0.8660,-0.5000,True,Mizoram,True,administrative
articles.timesofindia,http://articles.timesofindia.indiatimes.com/2011-05-27/guwahati/29591193_1_dima-hasao-landslide-traffic-movement,3532,2011-05-24 00:00:00,,"Silchar-Haflong rd., at Reko(Rekha )(?), near Harangajao, Barail Hills, Assam","May 27, 2011, 12.15pm IST  SILCHAR: Traffic movement on the Silchar-Haflong Road (NH-54) has been hit following heavy landslide in a 200-metre area on the highway. The situation is expected to remain the same for the next two months.  According to reports, the landslide took place on Tuesday evening due to heavy rainfall in the Barail Hills range. Two rice-laden trucks also went under the debris. Officials said soil, mud, trees and debris came down to the road from the adjoining hills at Reko near Harangajao, 25 km from Haflong, the headquarters of Dima Hasao district. About 200 meters stretch of the road was washed away due to the impact of the mudslip, an official said on Thursday.  Sources said two trucks, which were on their way to Haflong from Silchar, went under the debris. However, there was no report of any casualty, the sources added. The trucks were loaded with rice meant for midday meal at schools in Dima Hasao.  ""The stretch of the road where the landslide took place has v","Silchar-Haflong rd., at Reko(Rekha )(?), near Harangajao, Barail Hills, Assam",10km,complex,downpour,medium,unknown,0,,,,,glc,3532,India,IN,Assam,39982,Hāflong,18.40848,04-01-2014 00:00,11/20/2017 15:17,2/15/2018 15:51,92.8551,25.0888,2011,5,24,0.8660,-0.5000,True,Assam,True,administrative
thehindu,http://www.thehindu.com/news/states/other-states/article600333.ece,2345,2010-08-27 18:00:00,,"Daragaon(?), Gangtok city, Sikkim","Gangtok, August 28, 2010  Heavy rains triggering landslides has affected large parts of Sikkim in which one person was killed and many houses were damaged, officials said today.   In the State capital Gangtok, a massive landslide in the residential area below Daragaon damaged four buildings last evening, forcing evacuations from these structures.","Daragaon(?), Gangtok city, Sikkim",5km,landslide,downpour,medium,unknown,0,,,,,glc,2345,India,IN,Sikkim,30700,Gangtok,1.63012,04-01-2014 00:00,11/20/2017 15:17,2/15/2018 15:51,88.6188,27.3392,2010,8,27,-0.5000,-0.8660,True,Sikkim,True,administrative
The Assam Tribune,http://www.assamtribune.com/scripts/detailsnew.asp?id=sep0615/city053,7956,2015-09-05 00:00:00,,Byrnihat,"Another landslide occurred in the 17th Mile area of Byrnihat today, blocking the four lanes of the Guwahati-Shillong Road (NH-40). The road on one side will be cleared by midnight, informed NHAI personnel. Clearance of the other side will be possible only tomorrow.",Byrnihat,1km,landslide,unknown,medium,above_road,0,0,,http://www.assamtribune.com/sep0615/city053.jpg,,glc,7956,India,IN,Meghalaya,2000,Dispur,11.90419,6/30/2016 14:50,11/20/2017 15:17,2/15/2018 15:51,91.8695,26.048,2015,9,5,-0.8660,-0.5000,True,Meghalaya,True,administrative
Mizoram Express,http://mizoramexpress.com/index.php/2010/09/mizoram-landslides-kill-one-woman/,2425,2010-09-13 00:00:00,,"near Tuichang(?) on Tuichang river, Aizawl-Champhai rd, Mizoram","Sep 15, 2010  AIZAWL: Aizawl-Champhai road also was blocked by landslides in two places near Tuivawl and Tuichang.  ZONET Champhai Corr. said, the road block near Tuivawl was cleared while men are still at work till in the afternoon to clear the road block near Tuichang.","near Tuichang(?) on Tuichang river, Aizawl-Champhai rd, Mizoram",25km,landslide,downpour,medium,unknown,0,,,,,glc,2425,India,IN,Mizoram,2537,Khawhai,6.62394,04-01-2014 00:00,11/20/2017 15:17,2/15/2018 15:51,93.0748,23.3439,2010,9,13,-0.8660,-0.5000,True,Mizoram,True,administrative
The Shillong Times,http://www.theshillongtimes.com/2015/06/17/entire-family-among-5-dead-in-tura-landslides/,6970,2015-06-16 00:00:00,,Akonggre,Chotelal Prasad was severely injured after boulders fell on his house and was rushed to Tura Civil Hospital where he succumbed to his injuries.,Akonggre,1km,rock_fall,downpour,small,above_road,1,0,,,,glc,6970,India,IN,Meghalaya,63645,Tura,1.79502,6/25/2015 20:15,11/20/2017 15:17,2/15/2018 15:51,90.2191,25.5084,2015,6,16,0.5000,-0.8660,True,Meghalaya,True,administrative
www.nagalandpost.com,http://www.nagalandpost.com/channelnews/State/StateNews.aspx?news=TkVXUzEwMDA0MzQ3OQ%3D%3D-qmeQz2DKZMo%3D,5312,2013-08-11 23:00:00,,Kangtsung Village,"MLA and Chairman, Nagaland Pollution Control, Amenba Yaden Saturday visited the landslide area at Kangtsung village and its surrounding areas under Tuli in Mokokchung district. Major landslides had completely cut off road connectivity of Kangtsung and Anaki areas of Tuli Sub-division, Mokokchung district with the rest of the state. Kangtsung Village Council and all the villagers expressed gratitude to the MLA and Chairman, Nagaland Pollution Control for showing his concern. The council also thanked the concerned department officials for their visit and requested to take necessary steps to restore the roads at the earliest. At the same time, the village council at its own expenses had pressed into service two JCBs and a Dumper, since Monday to clear the road so that light vehicles and pedestrians could pass. Out of the 40-50, 8 to 10 major landslides caused immense distress to the villagers since August 11. Rain triggered landslides began hitting the area on August 11 though no loss of",Kangtsung Village,10km,landslide,downpour,very_large,unknown,0,,,,,glc,5312,India,IN,Assam,8494,Amguri,20.23756,04-01-2014 00:00,11/20/2017 15:17,2/15/2018 15:51,94.693,26.7103,2013,8,11,-0.5000,-0.8660,True,Assam,True,administrative
sify.com,http://sify.com/news/500-tourists-stranded-in-Sikkim-due-to-landslides-news-National-kgca4ibdgfd.html,1929,2010-05-31 23:00:00,,"North Sikkiim Highway, periphery of Gangtok, Sikkim East district","Over 500 tourists were stranded in the periphery of Gangtok since Monday night following multiple landslides triggered by heavy rainfall in Sikkim.  Sikkim Deputy Inspector General of Police S. Rao said the landslides occurred in the Sikkim East district around this capital town and famous tourist resort.  'Over 500 stranded tourists had to spend the night under open skies. More than 100 vehicles were also stranded as the North Sikkim Highway was blocked,' Rao said.  The Border Roads Organisation (BRO) personnel began clearing the highway and other roads in the morning and rescued the trapped tourists, who were then brought here.  The vehicles were then removed to Gangtok, Rao said.  The East Sikkim district has experienced 100 mm rain since Sunday.","North Sikkiim Highway, periphery of Gangtok, Sikkim East district",5km,landslide,downpour,medium,unknown,0,,,,,glc,1929,India,IN,Sikkim,30700,Gangtok,4.38314,04-01-2014 00:00,11/20/2017 15:17,2/15/2018 15:51,88.6428,27.3543,2010,5,31,0.8660,-0.5000,True,Sikkim,True,administrative
assamtribune,http://www.assamtribune.com/scripts/detailsnew.asp?id=oct1110/oth05,2568,2010-10-08 00:00:00,,"Nungba, Tamenglong, Manipur","The traffic along the 220 km Imphal-Jiribam section of the National Highway 53 has also been disturbed due to landslide at Nungba in Tamenglong district. Owing to the landslide, over 200 loaded trucks heading towards Imphal from Jiribam was stranded, police said.","Nungba, Tamenglong, Manipur",25km,landslide,downpour,medium,unknown,0,,,,,glc,2568,India,IN,Assam,12871,Lakhipur,40.71672,04-01-2014 00:00,11/20/2017 15:17,2/15/2018 15:51,93.4108,24.7679,2010,10,8,-1.0000,-0.0000,True,Assam,True,administrative
IBN Live,http://www.ibnlive.com/news/india/incessant-rains-trigger-landslide-and-mud-slips-in-nagaland-1029674.html,7409,2015-08-02 00:00:00,,Meluri Sub-Division in Phek District of Nagaland,Incessant rains for the past few days have caused mud slips and landslide in some areas under Meluri Sub-Division in Phek District of Nagaland.,Meluri Sub-Division in Phek District of Nagaland,10km,landslide,continuous_rain,medium,unknown,0,0,,,,glc,7409,India,IN,Nagaland,15118,Phek,13.58896,02-04-2016 01:20,11/20/2017 15:17,2/15/2018 15:51,94.6219,25.72,2015,8,2,-0.5000,-0.8660,True,Nagaland,True,administrative
Nagaland Post,http://www.nagalandpost.com/ChannelNews/State/StateNews.aspx?news=TkVXUzEwMDEwMDE5MQ%3D%3D,9219,2016-07-26 23:00:00,,"Zunheboto, Nagaland, India","Incessant heavy downpour since the past few weeks has caused landslides across Zunheboto district.  On July 26 night, the kitchen of one of the employees of Zunheboto Town Council (ZTC) was completely damaged by a retaining wall which fell due to landslide in the area.  On joint verification headed by Head DB, Zunheboto, Toyi and colony GB Vihoto Achumi it was learnt that the property was completely damaged by the landslide.","Zunheboto, Nagaland, India",5km,landslide,downpour,medium,retaining_wall,0,0,,,,glc,9219,India,IN,Nagaland,29499,Zunheboto,4.95159,7/28/2016 18:02,11/20/2017 15:17,2/15/2018 15:51,94.5282,26.0101,2016,7,26,0.0000,-1.0000,True,Nagaland,True,administrative
The Northeast Today,http://thenortheasttoday.com/landslides-damage-houses-graves-in-aizawl/,8223,2015-09-14 03:10:00,,"Aizawl, Mizoram, India","Landslides triggered by heavy downpour on Monday night have swept away two houses and damaged 39 graves in Aizawl. In Zemabawk neighbourhood in the eastern periphery of the city, two houses were carried away by landslide which also blocked the national highway 54, connecting Aizawl eastern parts of the state. There were no human casualties as family members of the two buildings managed to flee before the incident that took place around 3:10am this morning. The landslide also buried one maxicab and a truck parked on the roadside.","Aizawl, Mizoram, India",5km,landslide,downpour,large,above_road,0,0,,http://thenortheasttoday.com/wp-content/uploads/2015/09/11999911_1012700208774619_1460153118_n.gif,,glc,8223,India,IN,Mizoram,265331,Aizawl,0.6548,07-05-2016 14:49,11/20/2017 15:17,2/15/2018 15:51,92.7187,23.7348,2015,9,14,-0.8660,-0.5000,True,Mizoram,True,administrative
Shillong Times,http://www.theshillongtimes.com/2015/08/20/child-washed-away-in-tura/,7336,2015-08-19 09:00:00,,NH-62 at Sibbari,The three days of deluge caused a portion of NH-62 to remain closed for some hours at Sibbari area due to a land slip on Wednesday morning.,NH-62 at Sibbari,10km,landslide,continuous_rain,medium,above_road,0,0,,,,glc,7336,India,IN,Meghalaya,79016,Netrakona,41.13405,8/21/2015 22:12,11/20/2017 15:17,2/15/2018 15:51,90.5549,25.2193,2015,8,19,-0.5000,-0.8660,True,Meghalaya,True,administrative
Arunchal Times,http://www.arunachaltimes.in/monsoon-fury-continues-to-pound-tawang/,9252,2016-07-28 00:00:00,,"Dolma Lhakang complex, Lumla, Tawang,  Arunachal Pradesh, India","Monsoon fury continues to pound Tawang with the rain not stopping, triggering heavy landslide causing extensive damages to roads, snapping water and power supplies in large part of the district. Fresh incidents of landslides and house collapses were reported on Friday after moderate to heavy rains lashed the region. Already cut-off from the mainland with water and power supply snapped, the connectivity inside the Lumla sub-division has been choked, bringing administrative functioning to a grinding halt. A major landslide has occurred at Dolma Lhakang complex on Thursday posing threat to the Tara Devi statue which is religious tourist place. “Landslide was taking place since last few days but it has reached near the statue due to continuous rain since Thursday. Immediate measures are needed to prevent further damage”, said Lama Tsedar, a monk. “Dolma Lhakang is an important landmark for Lumla, both from religious and tourism point of view. We are positive that administration will work o","Dolma Lhakang complex, Lumla, Tawang,  Arunachal Pradesh, India",5km,landslide,monsoon,medium,unknown,0,0,,http://www.arunachaltimes.in/wp-content/uploads/2016/07/Monsoon-fury-continues-to-pound-Tawang-300x206.jpg,,glc,9252,India,IN,Arunachal Pradesh,4831,Tawang,5.92679,08-01-2016 14:56,11/20/2017 15:17,2/15/2018 15:51,91.8644,27.5748,2016,7,28,0.0000,-1.0000,True,Arunachal Pradesh,True,administrative
E-PAO,http://e-pao.net/GP.asp?src=26..120815.aug15,7665,2015-08-11 00:00:00,,Khoupum,"In a press statement, ZB-AMN General Secretary Dr Gairiangmei Maringmei said due to recent incessant rain, several areas of the Zeliangrong region have experienced landslides.",Khoupum,5km,landslide,continuous_rain,medium,unknown,0,0,,,,glc,7665,India,IN,Manipur,0,Bishnupur,31.62348,4/28/2016 22:35,11/20/2017 15:17,2/15/2018 15:51,93.5291,24.7016,2015,8,11,-0.5000,-0.8660,True,Manipur,True,administrative
ptinews,http://www.ptinews.com/news/721800_Landslides--blockade-hit-trains-services-in-NC-Hills,1994,2010-06-16 00:00:00,,"rails between Jatinga and Longrangjao(?), Assam","Train services in central Assam's North Cachar Hills district have been disrupted due to heavy landslides and a three-day railway blockade called by a students organisation today.  The landslide and blockade affected the Agartala Special, Cachar Express, Barak Valley Passenger, Hill Queen and several other goods trains, railway sources said here today.  Landslides between Jatinga and Longrangjao as well as Mahur and Wadringdisa yesterday stopped rail traffic in the district, the sources said.","rails between Jatinga and Longrangjao(?), Assam",25km,landslide,downpour,medium,unknown,0,,,,,glc,1994,India,IN,Assam,39982,Hāflong,24.41974,04-01-2014 00:00,11/20/2017 15:17,2/15/2018 15:51,92.8025,25.0633,2010,6,16,0.5000,-0.8660,True,Assam,True,administrative
E-PAO,http://e-pao.net/GP.asp?src=22..020815.aug15,7374,2015-08-01 00:00:00,,Ukhrul town Circular road from Rayotang to Viewland Zone II,"In separate similar incidents, due to sinking of Ukhrul town Circular road from Rayotang to Viewland Zone II, a newly constructed Meitei Baptist Church building, including pastor quarter and kitchen have been destroyed, while heavy downpour that lashed the district over the last 48 hours has left some three dwelling houses damaged at Dungrei Junction.",Ukhrul town Circular road from Rayotang to Viewland Zone II,10km,landslide,continuous_rain,medium,below_road,0,0,,,,glc,7374,India,IN,Manipur,223523,Imphal,53.75747,02-04-2016 16:49,11/20/2017 15:17,2/15/2018 15:51,94.3591,25.1122,2015,8,1,-0.5000,-0.8660,True,Manipur,True,administrative
articles.timesofindia,http://articles.timesofindia.indiatimes.com/2012-07-07/guwahati/32577108_1_arunachal-district-landslides-arunachal-pradesh,4446,2012-07-05 00:00:00,,"Tuting, Upper Siang , Arunachal Pradesh",Tuting in Upper Siang district of Arunachal Pradesh is cut off from the rest of the country following massive landslides triggered by torrential rain over the past couple of days.,"Tuting, Upper Siang , Arunachal Pradesh",5km,landslide,downpour,large,unknown,,,,,,test,4446,India,IN,Arunachal Pradesh,0,Damnyain,52.64616,04-01-2014 00:00,11/20/2017 15:17,2/15/2018 15:51,94.8885,28.9986,2012,7,5,0.0000,-1.0000,True,Arunachal Pradesh,True,administrative
thestatesman.net,http://www.thestatesman.net/page.arcview.php?clid=10&id=198313&usrsess=1,269,2007-09-18 00:00:00,,Geyzing-Jorethang road and Naya Bazar-Legship road,along multiple roads in province,Geyzing-Jorethang road and Naya Bazar-Legship road,50km,landslide,rain,medium,unknown,,,,,,glc,269,India,IN,Sikkim,1147,Namchi,16.10912,04-01-2014 00:00,11/20/2017 15:17,2/15/2018 15:51,88.2816,27.2872,2007,9,18,-0.8660,-0.5000,True,Sikkim,True,administrative
gsi.gov,"http://www.portal.gsi.gov.in/portal/page?_pageid=127,875814&_dad=portal&_schema=PORTAL",2205,2010-08-06 00:00:00,,"Dawrpui Vengthar cemetary, Aizwal, Mizoram","As per PTI report a massive landslide triggered by heavy rains on 6th August 2010 at the cemetery of Dawrpui Vengthar locality, Aizwal has swept away number of tombs.","Dawrpui Vengthar cemetary, Aizwal, Mizoram",1km,landslide,downpour,medium,unknown,0,,,,,glc,2205,India,IN,Mizoram,265331,Aizawl,0.90276,04-01-2014 00:00,11/20/2017 15:17,2/15/2018 15:51,92.7146,23.7365,2010,8,6,-0.5000,-0.8660,True,Mizoram,True,administrative
assamtribune,http://www.assamtribune.com/scripts/detailsnew.asp?id=oct1312/oth06,4610,2012-11-11 00:00:00,,"Dapchhuah, Mamit, Mizoram","Four people were killed and several places remained inaccessible due to road blockade caused by landslides since yesterday as heavy rains lashed Mizoram since Wednesday night, police said. The driver and operator of an excavator and the driver of a private vehicle were killed following a massive landslide near Dapchhuah village on Mizoram-Tripura border Mamit district last evening.While the body of Nasim Uddin, working under Muzir Uddin, operator of the excavator, was found, the search for the bodies of Muzir Uddin and Lalnunsiama, the driver of the vehicle, was on.","Dapchhuah, Mamit, Mizoram",5km,landslide,downpour,medium,unknown,4,,,,,glc,4610,India,IN,Mizoram,5760,Sairang,14.01872,04-01-2014 00:00,11/20/2017 15:17,2/15/2018 15:51,92.5217,23.7705,2012,11,11,-0.8660,0.5000,True,Mizoram,True,administrative
Assam Times,http://www.assamtimes.org/node/11181,6112,2014-06-28 09:00:00,,"Kharghuli Hills, Assam","Over 50 people had a narrow escape in Guwahati when 13 houses collapsed in landslide on Saturday. The incident took place in the morning at Kharghuli hilltop where 13 houses were damaged in landslide. The people inside the houses, who were remaining alert, however, managed to escape the tragedy. The incident took place 24 hours after three persons of a family died in landslide in Bhangagarh area.","Kharghuli Hills, Assam",exact,landslide,rain,medium,unknown,0,0,,,,glc,6112,India,IN,Assam,899094,Guwahati,2.35032,8/24/2014 0:00,11/20/2017 15:17,2/15/2018 15:51,91.7652,26.1964,2014,6,28,0.5000,-0.8660,True,Assam,True,administrative
E-PAO,http://e-pao.net/GP.asp?src=1..020815.aug15,7390,2015-08-01 00:00:00,,between Tengnoupal-Sita junction and Tengnoupal Power Sub-Station,In between Tengnoupal-Sita junction and Tengnoupal Power Sub-Station landslide occurred at four locations and blocked the Tengnoupal-Sangshak road,between Tengnoupal-Sita junction and Tengnoupal Power Sub-Station,25km,landslide,continuous_rain,medium,above_road,0,0,,,,glc,7390,India,IN,Manipur,7528,Wāngjing,22.17372,12/14/2015 22:05,11/20/2017 15:17,2/15/2018 15:51,94.1913,24.4265,2015,8,1,-0.5000,-0.8660,True,Manipur,True,administrative
Mizoram Express,http://mizoramexpress.com/index.php/2010/09/mizoram-landslides-kill-one-woman/,2420,2010-09-13 00:00:00,,"Tuikual 'C', Aizawl, Mizoram","Landslide triggered by heavy rain in Tuikual ‘C’ on Monday killed a woman, R. Laltanpuii.  According to Aizawl Police sources, the landslide buried the woman while she was collecting water with her friend. Luckily, her friend who was nearby her escaped unhurt.  The dead body was handed over to her relatives after post mortem examination in Aizawl Civil Hospital.","Tuikual 'C', Aizawl, Mizoram",1km,landslide,downpour,medium,urban,1,,,,,glc,2420,India,IN,Mizoram,20244,Serchhīp,8.59507,04-01-2014 00:00,11/20/2017 15:17,2/15/2018 15:51,92.71495623,23.72988966,2010,9,13,-0.8660,-0.5000,True,Mizoram,True,administrative
Saharas Samay,http://www.saharasamay.com/samayhtml/articles.aspx?newsid=84791,264,2007-09-13 00:00:00,,Guwahati,"landslide hit house and buried a family, occurred at 3am",Guwahati,10km,landslide,rain,medium,unknown,,,,,,glc,264,India,IN,Assam,2000,Dispur,5.28094,04-01-2014 00:00,11/20/2017 15:17,2/15/2018 15:51,91.8,26.1833,2007,9,13,-0.8660,-0.5000,True,Assam,True,administrative
Sikkim times.com,http://sikkimnews.blogspot.com/,251,2007-09-09 00:00:00,,Hingdam village in South Sikkim,"many people displaced, houses damaged",Hingdam village in South Sikkim,50km,landslide,rain,medium,unknown,1,,,,,glc,251,India,IN,Sikkim,1147,Namchi,1.61449,04-01-2014 00:00,11/20/2017 15:17,2/15/2018 15:51,88.35,27.1667,2007,9,9,-0.8660,-0.5000,True,Sikkim,True,administrative
The Telegraph,http://www.telegraphindia.com/1141007/jsp/frontpage/story_18900562.jsp#.VDVSk_ldV8E,6214,2014-10-05 17:45:00,,Jorabat-Umiam route,"Last evening, a massive landslide at Umling in Ri Bhoi district, around 42km from here, claimed one life while several others had a providential escape. Umling is located along the Jorabat-Umiam route. Around 6pm yesterday, six light vehicles and a tanker travelling on that stretch were pushed away by the potent debris, leaving one person from Nagaland in an i20 dead.",Jorabat-Umiam route,5km,landslide,rain,medium,above_road,1,0,,,,glc,6214,India,IN,Meghalaya,14387,Nongpoh,7.69459,6/30/2016 17:24,11/20/2017 15:17,2/15/2018 15:51,91.8587,25.9702,2014,10,5,-1.0000,-0.0000,True,Meghalaya,True,administrative
isikkim.com,http://isikkim.com/2012-06-sikkim-landslide-at-tathangchen-poses-threat-to-residents-15-5/,4411,2012-06-14 04:00:00,,"Tathangchen, Gangtok, Sikkim","The continuous rainfall triggered a landslide on Thursday  morning at 4 am near Kamala Gas agency at Tathangchen, Gangtok.  Though no casualties were reported but the landslide has posed threat to some of the residence. Immediately after the occurrence the ward councilor, Mayor KN Topgay, Deputy Mayor Shakti Singh Chowdhury reached the spot.","Tathangchen, Gangtok, Sikkim",5km,landslide,downpour,medium,unknown,,,,,,glc,4411,India,IN,Sikkim,30700,Gangtok,1.57239,04-01-2014 00:00,11/20/2017 15:17,2/15/2018 15:51,88.6065,27.339,2012,6,14,0.5000,-0.8660,True,Sikkim,True,administrative
Hindustan Times,http://www.hindustantimes.com/india/20-dead-several-houses-swept-away-in-manipur-landslide/story-KoP6OouFBWhqxSdcnLrXJN.html,7384,2015-08-01 00:00:00,,"Wayang, Khengjoi","Several houses of Hollenjang, Wayang and Tuitung village under Khengjoi were also swept away by the landslide. The total number of casualties from these areas, if any, are not known so far.","Wayang, Khengjoi",5km,landslide,rain,medium,unknown,0,0,,,,glc,7384,India,IN,Manipur,44540,Mawlaik,44.98236,12/14/2015 20:59,11/20/2017 15:17,2/15/2018 15:51,94.0906,23.9278,2015,8,1,-0.5000,-0.8660,True,Manipur,True,administrative
kanglaonline.com,http://www.kanglaonline.com/index.php?template=headline&newsid=39058&typeid=1,211,2007-08-26 00:00:00,,Tamenglong,"man killed along road cut, many events in this area affecting people and livestock, occurred at 5:30 pm",Tamenglong,5km,mudslide,continuous_rain,medium,unknown,1,,3 days of rain,,,glc,211,India,IN,Manipur,223523,Imphal,43.53546,04-01-2014 00:00,11/20/2017 15:17,2/15/2018 15:51,93.55,24.9667,2007,8,26,-0.5000,-0.8660,True,Manipur,True,administrative
articles.timesofindia,http://articles.timesofindia.indiatimes.com/2012-06-04/guwahati/32030359_1_barail-hill-harangajao-landslides,4384,2012-06-03 00:00:00,,"between Haflong and  Bagetar, Assam","Torrential rain in the Barail Hill range for the past many days triggered landslides at least five places along the Lumding-Silchar section of Northeast Frontier Railway (NFR) early on Sunday. Authorities have suspended and regulated services of all the trains in this 214-km section until tracks are cleared.   A senior official of NFR here said at around 3am on Sunday, a large amount of soil and mud, boulders and trees came down the Borail Hill on the tracks at five different places in Dima Hasao district. The affected places are between Harangajao and Mailongdisa, Bandarkhal and Chandranathpur, Maibang and Daotohaja, Lower Haflong and Bagetar and between Mahur and Migrendisa.","between Haflong and  Bagetar, Assam",5km,landslide,downpour,medium,unknown,,,,,,glc,4384,India,IN,Assam,39982,Hāflong,1.50142,04-01-2014 00:00,11/20/2017 15:17,2/15/2018 15:51,93.0123,25.1775,2012,6,3,0.5000,-0.8660,True,Assam,True,administrative
articles.timesofindia,http://articles.timesofindia.indiatimes.com/2012-06-04/guwahati/32030359_1_barail-hill-harangajao-landslides,4383,2012-06-03 00:00:00,,"between Maibang and Daotohaja, Assam","Torrential rain in the Barail Hill range for the past many days triggered landslides at least five places along the Lumding-Silchar section of Northeast Frontier Railway (NFR) early on Sunday. Authorities have suspended and regulated services of all the trains in this 214-km section until tracks are cleared.   A senior official of NFR here said at around 3am on Sunday, a large amount of soil and mud, boulders and trees came down the Borail Hill on the tracks at five different places in Dima Hasao district. The affected places are between Harangajao and Mailongdisa, Bandarkhal and Chandranathpur, Maibang and Daotohaja, Lower Haflong and Bagetar and between Mahur and Migrendisa.","between Maibang and Daotohaja, Assam",5km,landslide,downpour,medium,unknown,,,,,,glc,4383,India,IN,Assam,8364,Maibong,1.26422,04-01-2014 00:00,11/20/2017 15:17,2/15/2018 15:51,93.1265,25.3056,2012,6,3,0.5000,-0.8660,True,Assam,True,administrative
E-PAO,http://e-pao.net/GP.asp?src=22..020815.aug15,7375,2015-08-01 00:00:00,,Ukhrul NH 201-Jessami road,"The landslides occurred at three places between Ukhrul to Nungbi Village, following which a team of RKL inspected the sites today.",Ukhrul NH 201-Jessami road,25km,landslide,continuous_rain,medium,above_road,0,0,,,,glc,7375,India,IN,Manipur,15118,Phek,52.60509,11/21/2015 2:02,11/20/2017 15:17,2/15/2018 15:51,94.4481,25.1941,2015,8,1,-0.5000,-0.8660,True,Manipur,True,administrative
www.e-pao.net,http://www.e-pao.net/GP.asp?src=23..130513.may13,4861,2013-05-12 00:00:00,,"Khongsang, Tamenglong, Manipur,","With unprecedented heavy pre-monsoon rains making the condition of Tamenglong- Khongsang road to turn from bad to worse, one goods laden truck (Registration no.MN01-7681) has been washed away in the mudslides occurring at various points of the road which has not known maintenance for the last many years.The incident occurred at Sangrungpang village yesterday while the goods laden truck was heading towards Tamenglong District HQs.","Khongsang, Tamenglong, Manipur,",25km,mudslide,rain,medium,unknown,,,,,,glc,4861,India,IN,Assam,7176,Mahur,43.86029,04-01-2014 00:00,11/20/2017 15:17,2/15/2018 15:51,93.4946,24.9926,2013,5,12,0.8660,-0.5000,True,Assam,True,administrative
The Indian Express,http://indianexpress.com/article/india/india-others/mizorams-power-lifeline-on-shaky-ground-after-landslip/,7972,2015-08-28 01:45:00,,"Mizoram, India","A downpour was drenching the old building at 1.45am on August 28 when what seemed to be a tremor struck. Several glass panes on windows lining the western wall cracked and broke, as did parts of the concrete wall of the control room of the 132KV power sub-station at Zuangtui, on Aizawl’s eastern outskirts.","Mizoram, India",25km,landslide,downpour,large,unknown,0,0,,,,glc,7972,India,IN,Mizoram,5963,Thenzawl,15.9845,6/30/2016 16:21,11/20/2017 15:17,2/15/2018 15:51,92.8112,23.4495,2015,8,28,-0.5000,-0.8660,True,Mizoram,True,administrative
e-pao.net,http://e-pao.net/GP.asp?src=4..230711.jul11,3831,2011-07-22 00:00:00,,Heibok Hills,"Mudslide alarm at Heibok hills Source: The Sangai Express  Imphal, July 22 2011: Following heavy mudslide on the western side of Heibok hills, people of Hiyangthang Tarahei Konjil are caught in a panicky situation.  Apprehension hangs heavy among the people that their homesteads might be buried by the falling mud and earth.  Following heavy downpour in the last 4/5 days, mud and earth started sliding down the hill side from a spot 40 feet above the ground, said the villagers.  Because of the heavy mudslide which occurred near a rice mill, one inter-village road located beneath the hill was closed for some period.  Even as the rice mill belonging to one Md Rabi (63) was saved from the devastating effect of the mudslide by putting wooden fence around it, one hand-pump, a tube-well and a cow shed have been buried by the mudslide.  The IVR was re-opened after the villagers cleared the mound of mud and earth.  The villagers said that a similar mudslide occurred in the other side of Heibok h",Heibok Hills,unknown,landslide,downpour,medium,unknown,0,,,,,glc,3831,India,IN,Manipur,223523,Imphal,1.05312,04-01-2014 00:00,11/20/2017 15:17,2/15/2018 15:51,93.948,24.7992,2011,7,22,0.0000,-1.0000,True,Manipur,True,administrative
articles.timesofindia.indiatimes.com,http://articles.timesofindia.indiatimes.com/2013-10-07/guwahati/42793381_1_anil-nagar-heavy-rain-nabin-nagar,5584,2013-10-06 00:00:00,,"Nilachal Hill, Guwahati, Assam","Heavy downpour in the last 24 hours paralyzed life in Guwahati and a landslide triggered by the rain claimed the life of an elderly person in the city on Sunday. The rain also dampened the spirit of Durga Puja shopping in the city. Kamrup (Metro) additional deputy commissioner Dhrubajyoti Das said one Man Bahadur Gurung (80) of Batahghuli area in the city died when a rock rolled down the hills and hit Gurung, who was sitting at the foothills. Another landslide occurred on the Nilachal Hill, but no one was injured in the incident.","Nilachal Hill, Guwahati, Assam",5km,landslide,downpour,medium,unknown,0,,,,,glc,5584,India,IN,Assam,17516,North Guwāhāti,3.75928,04-01-2014 00:00,11/20/2017 15:17,2/15/2018 15:51,91.7049,26.1665,2013,10,6,-1.0000,-0.0000,True,Assam,True,administrative
E-PAO,http://e-pao.net/GP.asp?src=1..020815.aug15,7387,2015-08-01 00:00:00,,Imphal-Ukhrul road,,Imphal-Ukhrul road,50km,landslide,continuous_rain,small,below_road,0,0,,http://www.e-pao.org/galleries/images/News_Related/2015/08/Chandel_20150802.jpg,,glc,7387,India,IN,Manipur,223523,Imphal,31.83231,12/14/2015 21:38,11/20/2017 15:17,2/15/2018 15:51,94.2156,24.954,2015,8,1,-0.5000,-0.8660,True,Manipur,True,administrative
dnaindia,http://www.dnaindia.com/india/report_one-dead-road-and-rail-communication-disrupted-due-to-rains-in-assam_1450237,2573,2010-10-09 00:00:00,,"Haflong, Assam","One person has died and both road and railway links between Assam's North Cachar Hills district and the rest of the country has been completely cut-off following continuous heavy rainfall for the last two days, official sources said here today.  One person, identified as 45-year old Isak Indu, died last night when his house was washed away by mudslides in Haflong town.","Haflong, Assam",5km,mudslide,downpour,medium,unknown,1,,,,,glc,2573,India,IN,Assam,39982,Hāflong,1.88273,04-01-2014 00:00,11/20/2017 15:17,2/15/2018 15:51,93.0083,25.1796,2010,10,9,-1.0000,-0.0000,True,Assam,True,administrative
Arunachal Times,http://www.arunachaltimes.in/man-washed-away-by-mudslide/,9010,2016-07-16 00:00:00,,"Hoj-Potin Highway, Arunachal Pradesh, India",In an unfortunate accident one Amit Lama was washed away by mudslide when he came out of his car to inspect the block point in the Hoj-Potin Highway. The district administration immediately pressed men and machines to recover the body. Till the filling of this report the body could not be recovered. However roads have opened for vehicle movement late in the evening.,"Hoj-Potin Highway, Arunachal Pradesh, India",5km,mudslide,downpour,medium,above_road,1,0,,,,glc,9010,India,IN,Arunachal Pradesh,26912,Naharlagun,24.51693,7/18/2016 16:08,11/20/2017 15:17,2/15/2018 15:51,93.804,27.3034,2016,7,16,0.0000,-1.0000,True,Arunachal Pradesh,True,administrative
Nagaland Post,http://www.nagalandpost.com/channelnews/State/StateNews.aspx?news=TkVXUzEwMDA2Njg2NQ%3D%3D,6331,2014-09-08 00:00:00,,Kiphire-Seyochung road near Yangzitong village,"Kiphire-Seyochung road via Lukhami village has been blocked since Monday last after the heavy landslide occurred near Yangzitong village under Seyochung sub-division of Kiphire district. The road is considered to be the lifeline of Lukhami , Phisami, Shothumi “A”  and “B” villages,  however owing to the mudslide these villages have been sandwiched in the middle for almost a week.",Kiphire-Seyochung road near Yangzitong village,25km,mudslide,unknown,medium,unknown,0,0,,,,glc,6331,India,IN,Nagaland,29499,Zunheboto,11.35779,11-03-2014 22:30,11/20/2017 15:17,2/15/2018 15:51,94.6279,25.9466,2014,9,8,-0.8660,-0.5000,True,Nagaland,True,administrative
ptinews,http://www.ptinews.com/news/721800_Landslides--blockade-hit-trains-services-in-NC-Hills,1987,2010-06-15 00:00:00,,"rails between Mahur and Wadringdisa(?), Assam","Train services in central Assam's North Cachar Hills district have been disrupted due to heavy landslides and a three-day railway blockade called by a students organisation today.  The landslide and blockade affected the Agartala Special, Cachar Express, Barak Valley Passenger, Hill Queen and several other goods trains, railway sources said here today.  Landslides between Jatinga and Longrangjao as well as Mahur and Wadringdisa yesterday stopped rail traffic in the district, the sources said.","rails between Mahur and Wadringdisa(?), Assam",25km,landslide,downpour,medium,unknown,0,,,,,glc,1987,India,IN,Assam,7176,Mahur,7.17384,04-01-2014 00:00,11/20/2017 15:17,2/15/2018 15:51,93.1658,25.2269,2010,6,15,0.5000,-0.8660,True,Assam,True,administrative
E-Pao,http://e-pao.net/GP.asp?src=30..300815.aug15,7910,2015-08-01 00:00:00,,Chandel,Khengjoy village under sub-division headquarter in Chandel district has remained totally cut-off after a major landslide that occurred on August 1 on a 3 km long road stretch from Kemdo to Maokot Khengjoi.,Chandel,10km,landslide,unknown,medium,above_road,0,0,,,,glc,7910,India,IN,Manipur,30418,Kakching,21.42769,6/29/2016 17:35,11/20/2017 15:17,2/15/2018 15:51,94.1146,24.3481,2015,8,1,-0.5000,-0.8660,True,Manipur,True,administrative
Telegraph,http://www.telegraphindia.com/1150215/jsp/frontpage/story_3475.jsp#.VONkky5HWUk,6775,2015-02-14 00:00:00,,Kailashpur hill,"Three labourers - Ayub Ali, Majid Ali and Moinul Ali - came under the debris triggered by the landslip while constructing the boundary wall of the house of Girindra Chandra Das at noon. Das's neighbours immediately swung into action and rescued the three from under the debris and rushed them to Gauhati Medical College and Hospital. Majid succumbed to his injuries in hospital.",Kailashpur hill,5km,landslide,mining,small,mine,1,2,,http://www.telegraphindia.com/1150215/images/15reglandslip.jpg,,glc,6775,India,IN,Assam,13917,Soalkuchi,7.93849,2/17/2015 16:10,11/20/2017 15:17,2/15/2018 15:51,91.6469,26.1468,2015,2,14,0.5000,0.8660,True,Assam,True,administrative
Business Standard,http://www.business-standard.com/article/pti-stories/two-labourers-killed-in-landslide-115022000437_1.html,6786,2015-02-19 23:00:00,,"Hailākāndi : Two labourers died while another was injured in a landslide in Assam's Hailakandi district, the police said today.","Two labourers died while another was injured in a landslide in Assam's Hailakandi district, the police said today.",,5km,landslide,mining,medium,mine,2,1,,,,glc,6786,India,IN,Assam,31031,Hailākāndi,8.09941,2/22/2015 19:47,11/20/2017 15:17,2/15/2018 15:51,92.562,24.6108,2015,2,19,0.5000,0.8660,True,Assam,True,administrative
Indian Express,http://indianexpress.com/article/india/india-others/pregnant-woman-among-nine-killed-in-shillong-landslide/,6291,2014-09-21 00:00:00,,National Highway 51,"South West Garo Hills deputy commissioner Ram Singh said the seven landslides that occurred between Rari and Jengjal, have cut off road communication to all the districts in the Garo Hills region. Several hundred vehicles have been stranded. There is no railway or air connectivity to any place in western Meghalaya. - See more at: http://indianexpress.com/article/india/india-others/pregnant-woman-among-nine-killed-in-shillong-landslide/#sthash.BxXeFv7G.dpuf",National Highway 51,25km,landslide,continuous_rain,large,unknown,0,0,,,,glc,6291,India,IN,Meghalaya,63645,Tura,30.61905,10/21/2014 17:49,11/20/2017 15:17,2/15/2018 15:51,90.3852,25.7354,2014,9,21,-0.8660,-0.5000,True,Meghalaya,True,administrative
The New Indian Express,http://www.newindianexpress.com/nation/Fifty-Nine-Killed-in-Flash-Flood-and-Landslide-in-Meghalaya/2014/10/07/article2466329.ece,6213,2014-09-24 00:00:00,,Meghalaya,"""The number of deaths due to flash floods and landslides is 59 while five persons are still missing,"" Deputy Chief Minister and Revenue and Disaster Management Minister Roytre C Laloo said.  ""We have almost completed compiling our assessment of the damages caused by the flash floods and landslides. We hope to be able to complete it soon,"" Laloo said.  The recovery of more bodies was made after water receded in several places in the plain areas of West Garo Hills and also in East Khasi Hills district, Revenue and Disaster Management Principal Secretary P K Srivastava said.  The September 24 cloudburst that continued for a week affected over two lakh people.  The state government said flash floods and landslides damaged Rs 2,000 crore worth properties including livestock, roads, bridges, and agricultural produce.",Meghalaya,unknown,landslide,continuous_rain,large,unknown,0,0,,,,glc,6213,India,IN,Meghalaya,14045,Lakhipur,36.10354,10-08-2014 14:57,11/20/2017 15:17,2/15/2018 15:51,90.5763,25.8143,2014,9,24,-0.8660,-0.5000,True,Meghalaya,True,administrative
Indian Express,http://indianexpress.com/article/india/india-news-india/at-least-10-killed-in-landslides-in-assam-rescue-operations-underway-2806810/,9336,2016-05-18 08:00:00,,"Ramchandi , Hailakandi District, Assam, India","Ten people were killed in landslides in Karimganj and Hailakandi districts in Barak Valley in Assam on Wednesday following incessant rains. In neighbouring Hailakandi district, two incidents of landslide killed four persons at Bilaipur and a six-year old boy at Ramchandi area, police officials said. The debris fell on two houses where the victims were sleeping early in the morning, they said. NDRF and police have been engaged in rescue and relief operations.","Ramchandi , Hailakandi District, Assam, India",1km,landslide,continuous_rain,small,unknown,1,0,,,,glc,9336,India,IN,Assam,10942,Lāla,10.83583,08-03-2016 13:45,11/20/2017 15:17,2/15/2018 15:51,92.5121,24.5308,2016,5,18,0.8660,-0.5000,True,Assam,True,administrative
Indian Express,http://indianexpress.com/article/india/india-news-india/west-bengal-rains-landslips-affect-life-in-north-of-state-3079833/,9604,2016-10-12 00:00:00,,Legship,"Another landslip occurred at Legship, near the tourist spot of Pelling, in Sikkim severely affecting road traffic movement between Darjeeling and Legship, officials said.",Legship,10km,landslide,continuous_rain,medium,above_road,0,0,,,,glc,9604,India,IN,Sikkim,1147,Namchi,13.56522,10/18/2016 11:47,11/20/2017 15:17,2/15/2018 15:51,88.2891,27.2676,2016,10,12,-1.0000,-0.0000,True,Sikkim,True,administrative
Indian Express,http://indianexpress.com/article/india/india-others/mizoram-aizawl-houses-swept-away-graves-damaged-by-rain-and-landslide/,7837,2015-08-27 00:00:00,,three graveyards within Aizawl,"The landslides also damaged as many houses and dislodged, and in some cases swept away, about 160 graves in three graveyards within the city.",three graveyards within Aizawl,5km,landslide,downpour,medium,urban,0,0,,,,glc,7837,India,IN,Mizoram,265331,Aizawl,0.90676,6/24/2016 19:39,11/20/2017 15:17,2/15/2018 15:51,92.7265,23.7269,2015,8,27,-0.5000,-0.8660,True,Mizoram,True,administrative
The Sangai Express,http://www.thesangaiexpress.com/page/items/54212/massive-landslide-along-maram-peren-road-downpour-creates-havoc-in-different-parts,7267,2015-07-22 00:00:00,,NH-2 between Senapati and Mao,"Reports from other locations also say that minor landslides, potholes, water-logging have been spotted along the NH-2 stretch between Senapati and Mao.",NH-2 between Senapati and Mao,10km,landslide,continuous_rain,small,above_road,0,0,,,,glc,7267,India,IN,Manipur,92113,Kohima,31.50636,7/23/2015 16:38,11/20/2017 15:17,2/15/2018 15:51,94.0926,25.3908,2015,7,22,0.0000,-1.0000,True,Manipur,True,administrative
www.upi.com,http://www.upi.com/Top_News/World-News/2013/05/09/Cyclonic-storms-kill-seven-in-India/UPI-39151368107292/,4848,2013-05-08 00:00:00,,"Purba Simna, Tripura",A large landslide in western Tripura killed at least two people Wednesday night.,"Purba Simna, Tripura",5km,landslide,rain,medium,unknown,1,,,,,glc,4848,India,IN,Tripura,20046,Khowai,13.61141,04-01-2014 00:00,11/20/2017 15:17,2/15/2018 15:51,91.4663,24.0896,2013,5,8,0.8660,-0.5000,True,Tripura,True,administrative
Times of India,http://timesofindia.indiatimes.com/city/guwahati/Landslide-toll-touches-6-as-woman-buried-alive-in-Guwahati/articleshow/53314082.cms,9122,2016-07-20 00:00:00,,"Noonmati, Guwahati, Assam, India",This was not the only incident of landslide in the city on Wednesday as a similar episode was also reported from the Noonmati locality. Two houses were completely buried under debris. No one suffered any injury.,"Noonmati, Guwahati, Assam, India",5km,landslide,rain,medium,unknown,0,0,,,,glc,9122,India,IN,Assam,899094,Guwahati,5.77893,7/22/2016 13:24,11/20/2017 15:17,2/15/2018 15:51,91.802,26.1966,2016,7,20,0.0000,-1.0000,True,Assam,True,administrative
dnaindia,http://www.dnaindia.com/india/report_one-dead-road-and-rail-communication-disrupted-due-to-rains-in-assam_1450237,2574,2010-10-09 00:00:00,,"between Mahur and Maigrandisa(?) or Lumding, Assam","Meanwhile, rail communication has been disrupted with landslides affecting railway tracks at 28 places between Mahur and Maigrandisa in the Lumding-Silchar section with 40metres of track completely washed away.  NF railways have suspended rail services in the section till the tracks can be repaired and restored.","between Mahur and Maigrandisa(?) or Lumding, Assam",50km,landslide,downpour,medium,unknown,0,,,,,glc,2574,India,IN,Assam,8364,Maibong,19.26104,04-01-2014 00:00,11/20/2017 15:17,2/15/2018 15:51,93.1477,25.4749,2010,10,9,-1.0000,-0.0000,True,Assam,True,administrative
Assam Tribune,http://www.assamtribune.com/scripts/detailsnew.asp?id=sep2414/at051,6282,2014-09-22 00:00:00,,Lalmati,"Flash flood and landslides continued to cause devastation in Guwahati for the second day today with the death toll due to landslip rising to four. Two persons died in two separate incidents of landslides in Lalmati and Dakhingaon, whereas a woman was injured in another landslide incident at Batahghuli.",Lalmati,5km,landslide,rain,small,urban,1,0,,,,glc,6282,India,IN,Assam,2000,Dispur,3.87279,10/21/2014 14:05,11/20/2017 15:17,2/15/2018 15:51,91.7747,26.1097,2014,9,22,-0.8660,-0.5000,True,Assam,True,administrative
Assam Tribune,http://www.assamtribune.com/scripts/detailsnew.asp?id=sep2414/at051,6289,2014-09-22 00:00:00,,Pamohi,"On the other hand, several incidents of landslides were reported from Dhirenpara, Koinadhara, Gorhchuk, Noonmati and Pamohi.",Pamohi,5km,landslide,rain,small,unknown,0,0,,,,glc,6289,India,IN,Assam,899094,Guwahati,11.15465,10/21/2014 15:43,11/20/2017 15:17,2/15/2018 15:51,91.6849,26.1001,2014,9,22,-0.8660,-0.5000,True,Assam,True,administrative
NELive,http://www.nelive.in/arunachal-pradesh/news/landslide-disrupts-road-communication-between-aalo-and-pangin,9087,2016-07-19 00:00:00,,"5 km off Sangam point on Aalo- Pangin road, Arunachal Pradesh, India","(Location along road estimated. Landslide may have occured a couple days before June 19, 2016). Landslides triggered by torrential rains over the past few days blocked the road at 5 km off Sangam point on Aalo- Pangin road causing a total disruption in road communication.  According to official sources, men and machineries were pressed into service on Tuesday to clear the debris but without any progress as the landowners were obstructing the works demanding compensation.  Meanwhile, Siang Deputy Commissioner Rahul Singh along with ADC and EAC Pangin visited the landslide-hit area on Tuesday to assess the extent of damage.  He interacted with TK Engineering officials and asked them to put more men and machineries to carryout the restoration work.","5 km off Sangam point on Aalo- Pangin road, Arunachal Pradesh, India",50km,landslide,downpour,medium,above_road,0,0,,http://www.nelive.in/sites/default/files/07-09-15%20Meghalaya-%20Landslide%20hits%20NH-40%20%282%29.jpg,,glc,9087,India,IN,Arunachal Pradesh,18425,Along,17.3564,7/20/2016 19:36,11/20/2017 15:17,2/15/2018 15:51,94.9612,28.235,2016,7,19,0.0000,-1.0000,True,Arunachal Pradesh,True,administrative
Saharas Samay,http://www.saharasamay.com/samayhtml/articles.aspx?newsid=80536,130,2007-07-19 00:00:00,,Guwahati,closest to predicted location of Gauhati (167.34 km),Guwahati,25km,landslide,rain,medium,unknown,6,,,,,glc,130,India,IN,Assam,2000,Dispur,3.80164,04-01-2014 00:00,11/20/2017 15:17,2/15/2018 15:51,91.7986,26.1699,2007,7,19,0.0000,-1.0000,True,Assam,True,administrative
