event_id,event_date,year,month,month_sin,month_cos,is_monsoon,pre_monsoon,post_monsoon,latitude,longitude,state,trigger,landslide_size,landslide_category,elevation_proxy_m,slope_proxy_deg,rainfall_antecedent_proxy_mm,historical_density_50km,min_dist_to_historical_km,label,sample_type
NER-2019-000001,2019-09-13 00:00:00,2019,9,-0.866,-0.5,1,0,0,24.25256,93.56093,Manipur,downpour,very_large,slope_failure,1099.4,27.5,308.9,3,3.01,1,observed_historical_event
NER-2020-000002,2020-08-25 00:00:00,2020,8,-0.5,-0.866,1,0,0,24.53505,92.43902,Assam,cloudburst,large,debris_flow,286.4,21.1,501.9,0,68.52,1,observed_historical_event
NER-2020-000003,2020-10-17 00:00:00,2020,10,-1.0,-0.0,0,0,1,23.45726,92.78633,Mizoram,none,none,non_event,1347.8,32.3,299.2,1,16.08,0,constructed_pseudo_absence
NER-2022-000004,2022-03-25 00:00:00,2022,3,0.866,0.5,0,0,0,24.36104,91.07851,Assam,none,none,non_event,765.3,5.9,76.7,2,9.72,0,constructed_pseudo_absence
NER-2019-000005,2019-12-21 00:00:00,2019,12,-0.5,0.866,0,0,0,25.81793,91.53471,Meghalaya,none,none,non_event,1495.5,36.3,21.2,4,7.07,0,constructed_pseudo_absence
NER-2013-000006,2013-03-08 00:00:00,2013,3,0.866,0.5,0,0,0,25.02513,93.43607,Assam,none,none,non_event,325.1,17.8,76.2,3,3.7,0,constructed_pseudo_absence
NER-2019-000007,2019-07-24 00:00:00,2019,7,0.0,-1.0,1,0,0,27.00312,94.536,Nagaland,continuous_rain,large,landslide,1535.8,37.3,382.9,2,13.52,1,observed_historical_event
NER-2011-000008,2011-04-16 00:00:00,2011,4,1.0,0.0,0,1,0,27.9476,88.1789,Sikkim,continuous_rain,medium,rockfall,2489.4,29.3,334.8,4,5.53,1,observed_historical_event
NER-2016-000009,2016-07-18 00:00:00,2016,7,0.0,-1.0,1,0,0,24.13486,93.50972,Manipur,continuous_rain,medium,mudslide,774.5,28.6,363.1,3,7.24,1,observed_historical_event
NER-2016-000010,2016-07-14 00:00:00,2016,7,0.0,-1.0,1,0,0,25.62175,90.74911,Meghalaya,continuous_rain,large,landslide,1513.3,39.4,695.0,0,73.03,1,observed_historical_event
NER-2017-000011,2017-07-05 00:00:00,2017,7,0.0,-1.0,1,0,0,27.53537,95.2394,Assam,none,none,non_event,620.4,8.1,584.9,0,104.8,0,constructed_pseudo_absence
NER-2020-000012,2020-06-22 00:00:00,2020,6,0.5,-0.866,1,0,0,27.36853,88.46238,Sikkim,monsoon,medium,debris_flow,2512.7,27.4,487.5,4,16.98,1,observed_historical_event
NER-2016-000013,2016-01-25 00:00:00,2016,1,0.0,1.0,0,0,0,26.69413,94.7926,Nagaland,none,none,non_event,1501.7,29.3,45.2,2,8.18,0,constructed_pseudo_absence
NER-2016-000014,2016-06-26 00:00:00,2016,6,0.5,-0.866,1,0,0,26.7157,93.61107,Arunachal Pradesh,continuous_rain,large,mudslide,1875.0,22.0,424.1,1,50.89,1,observed_historical_event
NER-2018-000015,2018-08-14 00:00:00,2018,8,-0.5,-0.866,1,0,0,27.95727,88.73914,Sikkim,monsoon,medium,debris_flow,2575.3,49.1,402.8,1,24.38,1,observed_historical_event
NER-2019-000016,2019-06-28 00:00:00,2019,6,0.5,-0.866,1,0,0,27.71933,88.66669,Sikkim,continuous_rain,very_large,landslide,1974.0,33.5,523.3,3,9.37,1,observed_historical_event
NER-2020-000017,2020-04-19 00:00:00,2020,4,1.0,0.0,0,1,0,22.88724,92.50501,Mizoram,none,none,non_event,1284.5,24.2,244.2,1,0.4,0,constructed_pseudo_absence
NER-2021-000018,2021-09-24 00:00:00,2021,9,-0.866,-0.5,1,0,0,23.21852,93.00027,Mizoram,continuous_rain,small,slope_failure,878.8,31.6,355.0,1,38.34,1,observed_historical_event
NER-2017-000019,2017-06-19 00:00:00,2017,6,0.5,-0.866,1,0,0,27.38836,88.42552,Sikkim,downpour,medium,slope_failure,2586.1,24.9,659.5,4,13.21,1,observed_historical_event
NER-2017-000020,2017-09-05 00:00:00,2017,9,-0.866,-0.5,1,0,0,25.69202,92.61364,Meghalaya,downpour,small,landslide,1462.6,21.6,732.7,1,11.98,1,observed_historical_event
NER-2021-000021,2021-07-02 00:00:00,2021,7,0.0,-1.0,1,0,0,26.00922,90.16408,Meghalaya,continuous_rain,large,slope_failure,1469.5,25.0,679.7,0,136.24,1,observed_historical_event
NER-2022-000022,2022-05-21 00:00:00,2022,5,0.866,-0.5,0,1,0,23.31195,91.45234,Tripura,downpour,medium,mudslide,153.4,9.6,185.6,1,5.73,1,observed_historical_event
NER-2018-000023,2018-07-14 00:00:00,2018,7,0.0,-1.0,1,0,0,24.91027,93.48227,Assam,downpour,medium,rockfall,374.0,20.3,709.4,3,15.57,1,observed_historical_event
NER-2018-000024,2018-06-01 00:00:00,2018,6,0.5,-0.866,1,0,0,25.82171,91.48058,Meghalaya,downpour,medium,rockfall,1515.6,26.4,631.3,4,7.31,1,observed_historical_event
NER-2017-000025,2017-06-11 00:00:00,2017,6,0.5,-0.866,1,0,0,24.52034,94.35362,Manipur,downpour,medium,landslide,1069.3,22.9,335.5,0,85.14,1,observed_historical_event
NER-2016-000026,2016-07-08 00:00:00,2016,7,0.0,-1.0,1,0,0,25.77479,91.9213,Meghalaya,monsoon,very_large,landslide,1489.0,30.0,530.9,3,5.38,1,observed_historical_event
NER-2021-000027,2021-05-19 00:00:00,2021,5,0.866,-0.5,0,1,0,26.32904,93.49361,Nagaland,downpour,medium,debris_flow,1197.8,32.7,336.8,1,48.43,1,observed_historical_event
NER-2019-000028,2019-09-04 00:00:00,2019,9,-0.866,-0.5,1,0,0,23.45632,92.79604,Mizoram,continuous_rain,medium,rockfall,1322.2,27.7,463.2,1,16.56,1,observed_historical_event
NER-2017-000029,2017-09-03 00:00:00,2017,9,-0.866,-0.5,1,0,0,24.07515,93.63413,Manipur,monsoon,medium,slope_failure,868.9,32.6,250.2,3,8.51,1,observed_historical_event
NER-2017-000030,2017-03-24 00:00:00,2017,3,0.866,0.5,0,0,0,27.51492,88.04699,Sikkim,none,none,non_event,2643.2,35.6,119.4,4,12.47,0,constructed_pseudo_absence
NER-2020-000031,2020-06-24 00:00:00,2020,6,0.5,-0.866,1,0,0,22.81471,92.74449,Mizoram,continuous_rain,small,rockfall,792.6,34.3,560.1,2,26.34,1,observed_historical_event
NER-2011-000032,2011-06-12 00:00:00,2011,6,0.5,-0.866,1,0,0,25.08692,93.13314,Manipur,downpour,small,debris_flow,905.4,21.1,415.3,3,4.73,1,observed_historical_event
NER-2016-000033,2016-05-28 00:00:00,2016,5,0.866,-0.5,0,1,0,23.2699,92.16125,Tripura,none,none,non_event,80.0,7.3,191.6,1,4.38,0,constructed_pseudo_absence
NER-2022-000034,2022-07-25 00:00:00,2022,7,0.0,-1.0,1,0,0,25.72288,93.41803,Nagaland,monsoon,medium,debris_flow,1711.7,37.0,539.2,2,6.46,1,observed_historical_event
NER-2020-000035,2020-03-01 00:00:00,2020,3,0.866,0.5,0,0,0,28.96799,95.04511,Arunachal Pradesh,monsoon,medium,mudslide,2058.1,44.2,116.1,1,1.81,1,observed_historical_event
NER-2018-000036,2018-09-03 00:00:00,2018,9,-0.866,-0.5,1,0,0,25.31732,91.36183,Meghalaya,continuous_rain,medium,slope_failure,1350.7,34.7,468.8,1,15.64,1,observed_historical_event
NER-2016-000037,2016-03-22 00:00:00,2016,3,0.866,0.5,0,0,0,23.39552,93.34094,Mizoram,none,none,non_event,1512.8,32.9,108.1,1,47.43,0,constructed_pseudo_absence
NER-2020-000038,2020-06-27 00:00:00,2020,6,0.5,-0.866,1,0,0,25.01726,93.18867,Manipur,continuous_rain,medium,landslide,855.5,23.4,290.9,3,9.41,1,observed_historical_event
NER-2016-000039,2016-11-13 00:00:00,2016,11,-0.866,0.5,0,0,1,24.04481,92.20138,Mizoram,none,none,non_event,869.5,27.6,2.5,0,60.95,0,constructed_pseudo_absence
NER-2017-000040,2017-10-15 00:00:00,2017,10,-1.0,-0.0,0,0,1,25.53318,89.88661,Meghalaya,none,none,non_event,1114.3,18.3,262.7,0,156.65,0,constructed_pseudo_absence
NER-2010-000041,2010-07-23 00:00:00,2010,7,0.0,-1.0,1,0,0,23.83843,91.64213,Tripura,downpour,small,rockfall,434.0,9.0,355.5,3,10.49,1,observed_historical_event
NER-2018-000042,2018-08-27 00:00:00,2018,8,-0.5,-0.866,1,0,0,25.69791,93.88135,Manipur,downpour,small,mudslide,1529.6,27.8,353.7,2,12.07,1,observed_historical_event
NER-2014-000043,2014-02-24 00:00:00,2014,2,0.5,0.866,0,0,0,25.75735,91.70936,Meghalaya,none,none,non_event,1448.6,19.3,69.4,4,12.77,0,constructed_pseudo_absence
NER-2019-000044,2019-01-05 00:00:00,2019,1,0.0,1.0,0,0,0,24.42258,91.07612,Assam,none,none,non_event,686.5,13.7,34.6,2,15.59,0,constructed_pseudo_absence
NER-2022-000045,2022-07-18 00:00:00,2022,7,0.0,-1.0,1,0,0,22.90004,92.63045,Mizoram,downpour,small,debris_flow,983.1,30.6,436.7,1,12.86,1,observed_historical_event
NER-2018-000046,2018-06-14 00:00:00,2018,6,0.5,-0.866,1,0,0,22.28912,92.743,Mizoram,continuous_rain,small,debris_flow,816.2,29.5,418.6,2,13.19,1,observed_historical_event
NER-2015-000047,2015-10-22 00:00:00,2015,10,-1.0,-0.0,0,0,1,27.62473,88.19263,Sikkim,downpour,medium,mudslide,2088.0,26.2,161.0,5,7.48,1,observed_historical_event
NER-2021-000048,2021-06-27 00:00:00,2021,6,0.5,-0.866,1,0,0,22.61365,92.87911,Mizoram,none,none,non_event,1382.3,18.5,334.4,4,28.13,0,constructed_pseudo_absence
NER-2017-000049,2017-07-22 00:00:00,2017,7,0.0,-1.0,1,0,0,23.89542,93.01703,Mizoram,downpour,small,debris_flow,1325.9,27.5,538.2,2,38.45,1,observed_historical_event
NER-2017-000050,2017-08-12 00:00:00,2017,8,-0.5,-0.866,1,0,0,26.67843,94.66526,Nagaland,road_cutting,small,mudslide,1714.7,23.1,543.3,2,5.54,1,observed_historical_event
NER-2013-000051,2013-03-13 00:00:00,2013,3,0.866,0.5,0,0,0,25.85945,93.90892,Nagaland,none,none,non_event,1305.6,34.1,61.4,1,8.47,0,constructed_pseudo_absence
NER-2011-000052,2011-08-21 00:00:00,2011,8,-0.5,-0.866,1,0,0,24.26441,92.56263,Mizoram,monsoon,small,rockfall,1170.1,23.7,677.6,0,85.55,1,observed_historical_event
NER-2021-000053,2021-04-14 00:00:00,2021,4,1.0,0.0,0,1,0,26.70065,94.46974,Nagaland,downpour,very_large,debris_flow,1316.6,36.3,188.9,2,19.86,1,observed_historical_event
NER-2015-000054,2015-03-07 00:00:00,2015,3,0.866,0.5,0,0,0,25.65686,89.86407,Meghalaya,none,none,non_event,1569.8,23.8,76.6,0,161.01,0,constructed_pseudo_absence
NER-2017-000055,2017-06-05 00:00:00,2017,6,0.5,-0.866,1,0,0,25.65558,90.63182,Meghalaya,downpour,medium,mudslide,1855.2,33.7,611.9,0,85.81,1,observed_historical_event
NER-2016-000056,2016-04-14 00:00:00,2016,4,1.0,0.0,0,1,0,27.55625,88.1869,Sikkim,monsoon,medium,rockfall,2325.5,32.3,212.6,5,6.14,1,observed_historical_event
NER-2014-000057,2014-06-04 00:00:00,2014,6,0.5,-0.866,1,0,0,27.93775,88.22114,Sikkim,road_cutting,medium,rockfall,2443.6,27.8,466.1,4,3.22,1,observed_historical_event
NER-2021-000058,2021-04-21 00:00:00,2021,4,1.0,0.0,0,1,0,26.58413,94.6696,Nagaland,downpour,medium,debris_flow,1848.1,41.3,135.9,3,8.53,1,observed_historical_event
NER-2022-000059,2022-03-14 00:00:00,2022,3,0.866,0.5,0,0,0,23.95621,91.50122,Tripura,none,none,non_event,508.5,5.2,78.2,3,10.84,0,constructed_pseudo_absence
NER-2012-000060,2012-06-19 00:00:00,2012,6,0.5,-0.866,1,0,0,27.35225,88.24759,Sikkim,monsoon,very_large,slope_failure,2278.4,46.8,485.1,3,6.47,1,observed_historical_event
NER-2018-000061,2018-08-10 00:00:00,2018,8,-0.5,-0.866,1,0,0,24.46694,93.32653,Manipur,none,none,non_event,1393.0,33.7,298.9,2,30.36,0,constructed_pseudo_absence
NER-2018-000062,2018-04-10 00:00:00,2018,4,1.0,0.0,0,1,0,26.5983,94.37843,Nagaland,none,none,non_event,1637.1,29.3,125.5,3,33.04,0,constructed_pseudo_absence
NER-2019-000063,2019-05-25 00:00:00,2019,5,0.866,-0.5,0,1,0,23.85855,91.62346,Tripura,none,none,non_event,544.8,4.8,278.4,3,7.35,0,constructed_pseudo_absence
NER-2010-000064,2010-08-10 00:00:00,2010,8,-0.5,-0.866,1,0,0,25.01287,93.17471,Manipur,downpour,medium,rockfall,884.3,26.9,274.2,3,9.15,1,observed_historical_event
NER-2014-000065,2014-07-23 00:00:00,2014,7,0.0,-1.0,1,0,0,25.22911,92.2517,Assam,continuous_rain,small,rockfall,494.3,10.9,700.0,0,54.03,1,observed_historical_event
NER-2018-000066,2018-08-08 00:00:00,2018,8,-0.5,-0.866,1,0,0,24.39869,91.06522,Assam,downpour,small,debris_flow,704.5,6.2,474.0,2,12.66,1,observed_historical_event
NER-2021-000067,2021-03-25 00:00:00,2021,3,0.866,0.5,0,0,0,27.94546,94.82604,Arunachal Pradesh,none,none,non_event,2209.3,24.2,90.2,0,117.49,0,constructed_pseudo_absence
NER-2019-000068,2019-07-26 00:00:00,2019,7,0.0,-1.0,1,0,0,23.2766,92.1681,Tripura,downpour,medium,rockfall,80.0,7.8,425.4,1,4.27,1,observed_historical_event
NER-2022-000069,2022-07-07 00:00:00,2022,7,0.0,-1.0,1,0,0,27.70713,88.20478,Sikkim,downpour,medium,rockfall,1918.3,40.9,725.9,5,4.38,1,observed_historical_event
NER-2018-000070,2018-06-25 00:00:00,2018,6,0.5,-0.866,1,0,0,29.09512,95.07773,Arunachal Pradesh,road_cutting,medium,mudslide,1988.9,29.3,450.5,1,13.11,1,observed_historical_event
NER-2012-000071,2012-11-23 00:00:00,2012,11,-0.866,0.5,0,0,1,26.97396,95.68212,Arunachal Pradesh,none,none,non_event,2347.2,41.3,34.6,0,102.59,0,constructed_pseudo_absence
NER-2016-000072,2016-06-06 00:00:00,2016,6,0.5,-0.866,1,0,0,25.81512,94.7557,Nagaland,continuous_rain,medium,slope_failure,1625.9,51.1,334.4,1,46.01,1,observed_historical_event
NER-2010-000073,2010-07-05 00:00:00,2010,7,0.0,-1.0,1,0,0,22.40961,92.6346,Mizoram,continuous_rain,medium,slope_failure,812.6,27.4,505.7,2,4.57,1,observed_historical_event
NER-2011-000074,2011-06-19 00:00:00,2011,6,0.5,-0.866,1,0,0,23.63869,91.43813,Tripura,none,none,non_event,80.0,11.3,619.5,2,29.07,0,constructed_pseudo_absence
NER-2009-000075,2009-08-17 00:00:00,2009,8,-0.5,-0.866,1,0,0,23.3561,92.01574,Tripura,continuous_rain,medium,landslide,498.5,21.8,249.1,1,14.08,1,observed_historical_event
NER-2017-000076,2017-06-03 00:00:00,2017,6,0.5,-0.866,1,0,0,26.86795,94.52119,Nagaland,monsoon,medium,rockfall,1137.0,21.4,387.8,2,3.65,1,observed_historical_event
NER-2008-000077,2008-05-27 00:00:00,2008,5,0.866,-0.5,0,1,0,27.47038,88.16262,Sikkim,downpour,large,slope_failure,2434.7,46.3,233.8,4,4.22,1,observed_historical_event
NER-2016-000078,2016-07-08 00:00:00,2016,7,0.0,-1.0,1,0,0,27.14321,95.44247,Arunachal Pradesh,downpour,large,landslide,1986.7,40.3,811.0,0,90.4,1,observed_historical_event
NER-2021-000079,2021-08-04 00:00:00,2021,8,-0.5,-0.866,1,0,0,26.96723,91.79487,Assam,continuous_rain,medium,mudslide,419.6,22.6,519.6,1,35.3,1,observed_historical_event
NER-2017-000080,2017-02-07 00:00:00,2017,2,0.5,0.866,0,0,0,23.40495,91.47209,Tripura,none,none,non_event,456.2,23.2,56.9,1,4.17,0,constructed_pseudo_absence
NER-2022-000081,2022-06-13 00:00:00,2022,6,0.5,-0.866,1,0,0,24.22606,92.66397,Mizoram,continuous_rain,small,slope_failure,952.8,23.2,462.5,0,79.24,1,observed_historical_event
NER-2016-000082,2016-06-10 00:00:00,2016,6,0.5,-0.866,1,0,0,24.97092,93.63642,Manipur,continuous_rain,medium,landslide,863.2,21.5,528.5,3,4.76,1,observed_historical_event
NER-2022-000083,2022-08-06 00:00:00,2022,8,-0.5,-0.866,1,0,0,25.457,94.45439,Nagaland,none,none,non_event,1061.4,30.1,338.0,0,71.21,0,constructed_pseudo_absence
NER-2018-000084,2018-06-25 00:00:00,2018,6,0.5,-0.866,1,0,0,27.53945,92.4714,Arunachal Pradesh,continuous_rain,small,debris_flow,2418.7,24.8,367.5,1,8.7,1,observed_historical_event
NER-2019-000085,2019-05-05 00:00:00,2019,5,0.866,-0.5,0,1,0,24.65888,94.61762,Manipur,none,none,non_event,1185.0,20.8,276.3,0,100.51,0,constructed_pseudo_absence
NER-2010-000086,2010-08-23 00:00:00,2010,8,-0.5,-0.866,1,0,0,25.30802,93.91576,Manipur,downpour,large,slope_failure,1352.3,26.8,303.1,1,43.36,1,observed_historical_event
NER-2015-000087,2015-07-25 00:00:00,2015,7,0.0,-1.0,1,0,0,25.99646,93.95097,Nagaland,continuous_rain,small,mudslide,1220.1,23.7,469.0,1,23.94,1,observed_historical_event
NER-2020-000088,2020-04-06 00:00:00,2020,4,1.0,0.0,0,1,0,27.27581,88.45177,Sikkim,none,none,non_event,2413.8,30.2,190.3,2,18.84,0,constructed_pseudo_absence
NER-2017-000089,2017-07-19 00:00:00,2017,7,0.0,-1.0,1,0,0,27.17488,89.73243,Assam,continuous_rain,medium,slope_failure,554.0,6.4,598.8,1,11.12,1,observed_historical_event
NER-2021-000090,2021-07-21 00:00:00,2021,7,0.0,-1.0,1,0,0,27.55709,88.73398,Sikkim,downpour,medium,debris_flow,2470.5,39.4,461.6,2,28.15,1,observed_historical_event
NER-2010-000091,2010-08-17 00:00:00,2010,8,-0.5,-0.866,1,0,0,22.7297,92.75977,Mizoram,downpour,large,mudslide,849.5,26.1,337.8,4,31.37,1,observed_historical_event
NER-2019-000092,2019-12-15 00:00:00,2019,12,-0.5,0.866,0,0,0,25.40593,91.44629,Meghalaya,none,none,non_event,1176.7,23.9,13.1,1,3.43,0,constructed_pseudo_absence
NER-2016-000093,2016-09-14 00:00:00,2016,9,-0.866,-0.5,1,0,0,23.89847,91.46107,Tripura,continuous_rain,medium,debris_flow,511.9,18.5,303.9,3,12.99,1,observed_historical_event
NER-2016-000094,2016-06-26 00:00:00,2016,6,0.5,-0.866,1,0,0,26.27554,92.00332,Assam,monsoon,medium,mudslide,578.7,11.5,404.5,0,50.73,1,observed_historical_event
NER-2020-000095,2020-06-13 00:00:00,2020,6,0.5,-0.866,1,0,0,28.74403,93.26548,Arunachal Pradesh,downpour,medium,rockfall,2182.6,38.2,457.7,0,65.57,1,observed_historical_event
NER-2018-000096,2018-11-26 00:00:00,2018,11,-0.866,0.5,0,0,1,27.6574,88.24341,Sikkim,none,none,non_event,2168.1,38.7,35.2,5,8.35,0,constructed_pseudo_absence
NER-2021-000097,2021-04-01 00:00:00,2021,4,1.0,0.0,0,1,0,27.97948,88.30628,Sikkim,downpour,small,debris_flow,2523.3,44.8,354.0,3,11.72,1,observed_historical_event
NER-2017-000098,2017-06-18 00:00:00,2017,6,0.5,-0.866,1,0,0,26.5763,94.57545,Nagaland,downpour,large,debris_flow,1604.7,29.6,380.5,3,15.95,1,observed_historical_event
NER-2018-000099,2018-07-26 00:00:00,2018,7,0.0,-1.0,1,0,0,23.36046,91.78817,Tripura,downpour,large,landslide,80.0,7.8,412.6,2,34.18,1,observed_historical_event
NER-2020-000100,2020-05-18 00:00:00,2020,5,0.866,-0.5,0,1,0,25.151,91.64703,Meghalaya,continuous_rain,medium,landslide,1423.9,23.2,389.6,1,37.15,1,observed_historical_event
NER-2010-000101,2010-06-16 00:00:00,2010,6,0.5,-0.866,1,0,0,27.38622,88.2293,Sikkim,monsoon,small,mudslide,2273.2,44.5,619.5,3,6.98,1,observed_historical_event
NER-2014-000102,2014-08-06 00:00:00,2014,8,-0.5,-0.866,1,0,0,28.06024,88.83713,Sikkim,road_cutting,medium,rockfall,2542.3,30.8,513.8,1,39.43,1,observed_historical_event
NER-2022-000103,2022-04-06 00:00:00,2022,4,1.0,0.0,0,1,0,23.93726,91.96232,Tripura,none,none,non_event,664.1,16.6,156.0,2,37.56,0,constructed_pseudo_absence
NER-2016-000104,2016-06-04 00:00:00,2016,6,0.5,-0.866,1,0,0,26.00551,94.59031,Nagaland,continuous_rain,small,debris_flow,1439.1,33.0,428.6,1,20.97,1,observed_historical_event
NER-2019-000105,2019-06-13 00:00:00,2019,6,0.5,-0.866,1,0,0,28.01926,88.80463,Sikkim,cloudburst,medium,rockfall,2625.8,24.0,500.8,1,33.75,1,observed_historical_event
NER-2020-000106,2020-10-25 00:00:00,2020,10,-1.0,-0.0,0,0,1,22.64974,93.11617,Mizoram,none,none,non_event,893.8,20.1,128.3,2,13.24,0,constructed_pseudo_absence
NER-2017-000107,2017-04-28 00:00:00,2017,4,1.0,0.0,0,1,0,25.77251,91.82815,Meghalaya,continuous_rain,medium,debris_flow,1202.8,25.2,271.0,3,12.82,1,observed_historical_event
NER-2016-000108,2016-08-19 00:00:00,2016,8,-0.5,-0.866,1,0,0,25.65023,93.47864,Nagaland,monsoon,medium,rockfall,1706.5,39.1,339.2,2,2.83,1,observed_historical_event
NER-2014-000109,2014-06-22 00:00:00,2014,6,0.5,-0.866,1,0,0,24.29929,91.25959,Tripura,monsoon,medium,debris_flow,369.9,16.0,747.8,3,25.96,1,observed_historical_event
NER-2022-000110,2022-05-15 00:00:00,2022,5,0.866,-0.5,0,1,0,26.71009,94.87037,Nagaland,none,none,non_event,1294.4,38.2,260.0,2,17.28,0,constructed_pseudo_absence
NER-2016-000111,2016-06-22 00:00:00,2016,6,0.5,-0.866,1,0,0,24.28984,94.36541,Assam,none,none,non_event,528.9,12.0,323.7,0,81.33,0,constructed_pseudo_absence
NER-2022-000112,2022-08-11 00:00:00,2022,8,-0.5,-0.866,1,0,0,22.73745,93.22794,Mizoram,continuous_rain,medium,landslide,852.6,38.3,401.1,2,10.14,1,observed_historical_event
NER-2018-000113,2018-08-14 00:00:00,2018,8,-0.5,-0.866,1,0,0,25.7066,93.54552,Nagaland,continuous_rain,medium,slope_failure,1503.2,29.0,557.4,2,9.26,1,observed_historical_event
NER-2018-000114,2018-07-15 00:00:00,2018,7,0.0,-1.0,1,0,0,25.10171,91.97375,Meghalaya,monsoon,medium,slope_failure,1436.2,36.1,663.5,0,64.49,1,observed_historical_event
NER-2013-000115,2013-06-01 00:00:00,2013,6,0.5,-0.866,1,0,0,25.62144,92.61529,Meghalaya,continuous_rain,medium,rockfall,1406.8,21.6,476.5,1,5.25,1,observed_historical_event
NER-2018-000116,2018-07-16 00:00:00,2018,7,0.0,-1.0,1,0,0,22.41586,92.95902,Mizoram,continuous_rain,medium,rockfall,1164.3,31.2,424.8,3,6.26,1,observed_historical_event
NER-2019-000117,2019-07-08 00:00:00,2019,7,0.0,-1.0,1,0,0,25.43385,91.59409,Meghalaya,continuous_rain,medium,slope_failure,1380.4,35.4,713.5,3,14.26,1,observed_historical_event
NER-2016-000118,2016-10-22 00:00:00,2016,10,-1.0,-0.0,0,0,1,27.56241,88.24672,Sikkim,none,none,non_event,2398.3,34.0,109.5,5,9.93,0,constructed_pseudo_absence
NER-2016-000119,2016-01-18 00:00:00,2016,1,0.0,1.0,0,0,0,23.23235,92.13112,Tripura,none,none,non_event,80.0,15.3,6.8,1,7.93,0,constructed_pseudo_absence
NER-2020-000120,2020-07-27 00:00:00,2020,7,0.0,-1.0,1,0,0,27.1284,92.24771,Arunachal Pradesh,road_cutting,medium,landslide,1962.9,34.1,516.4,1,21.14,1,observed_historical_event
NER-2019-000121,2019-02-01 00:00:00,2019,2,0.5,0.866,0,0,0,25.34884,94.90613,Nagaland,none,none,non_event,1271.9,29.3,107.5,0,100.57,0,constructed_pseudo_absence
NER-2016-000122,2016-08-09 00:00:00,2016,8,-0.5,-0.866,1,0,0,23.80162,91.13948,Tripura,downpour,small,mudslide,526.7,21.0,559.0,1,48.57,1,observed_historical_event
NER-2020-000123,2020-06-25 00:00:00,2020,6,0.5,-0.866,1,0,0,26.6229,94.60969,Nagaland,continuous_rain,medium,slope_failure,1784.2,41.8,442.4,3,10.4,1,observed_historical_event
NER-2022-000124,2022-12-16 00:00:00,2022,12,-0.5,0.866,0,0,0,27.58795,88.13862,Sikkim,none,none,non_event,2271.9,29.8,2.0,5,9.75,0,constructed_pseudo_absence
NER-2022-000125,2022-07-24 00:00:00,2022,7,0.0,-1.0,1,0,0,29.29088,93.52366,Arunachal Pradesh,continuous_rain,medium,landslide,2165.9,30.7,536.7,1,0.76,1,observed_historical_event
NER-2022-000126,2022-06-13 00:00:00,2022,6,0.5,-0.866,1,0,0,24.99,93.41633,Assam,downpour,medium,rockfall,416.2,16.8,787.0,3,3.36,1,observed_historical_event
NER-2019-000127,2019-06-26 00:00:00,2019,6,0.5,-0.866,1,0,0,29.40452,93.47471,Arunachal Pradesh,monsoon,medium,debris_flow,1974.7,35.2,463.5,1,13.8,1,observed_historical_event
NER-2022-000128,2022-08-20 00:00:00,2022,8,-0.5,-0.866,1,0,0,26.55027,94.64471,Nagaland,road_cutting,medium,debris_flow,1738.2,39.4,404.5,3,13.47,1,observed_historical_event
NER-2020-000129,2020-05-18 00:00:00,2020,5,0.866,-0.5,0,1,0,25.93183,93.87686,Nagaland,monsoon,medium,mudslide,1349.3,38.6,387.5,1,14.99,1,observed_historical_event
NER-2017-000130,2017-08-26 00:00:00,2017,8,-0.5,-0.866,1,0,0,25.93769,91.62652,Meghalaya,downpour,large,slope_failure,1187.0,24.2,937.6,3,10.74,1,observed_historical_event
NER-2018-000131,2018-04-20 00:00:00,2018,4,1.0,0.0,0,1,0,25.91672,91.61699,Meghalaya,continuous_rain,small,debris_flow,1253.2,20.2,214.6,3,8.07,1,observed_historical_event
NER-2016-000132,2016-07-10 00:00:00,2016,7,0.0,-1.0,1,0,0,29.0175,95.7061,Arunachal Pradesh,continuous_rain,medium,debris_flow,1945.2,43.4,534.1,1,19.97,1,observed_historical_event
NER-2016-000133,2016-01-11 00:00:00,2016,1,0.0,1.0,0,0,0,27.761,88.1897,Sikkim,downpour,medium,mudslide,2084.4,42.4,32.1,5,8.77,1,observed_historical_event
NER-2021-000134,2021-07-07 00:00:00,2021,7,0.0,-1.0,1,0,0,25.57078,93.53492,Nagaland,downpour,medium,rockfall,1286.9,44.9,648.2,2,14.09,1,observed_historical_event
NER-2021-000135,2021-06-13 00:00:00,2021,6,0.5,-0.866,1,0,0,23.83921,91.51751,Tripura,downpour,small,landslide,623.3,12.3,486.8,2,12.02,1,observed_historical_event
NER-2021-000136,2021-04-13 00:00:00,2021,4,1.0,0.0,0,1,0,24.22338,90.97491,Assam,none,none,non_event,274.6,15.2,284.8,1,8.5,0,constructed_pseudo_absence
NER-2019-000137,2019-07-28 00:00:00,2019,7,0.0,-1.0,1,0,0,28.82325,95.58448,Arunachal Pradesh,continuous_rain,small,slope_failure,2447.3,41.3,508.4,1,6.27,1,observed_historical_event
NER-2018-000138,2018-05-10 00:00:00,2018,5,0.866,-0.5,0,1,0,25.72034,91.57666,Meghalaya,continuous_rain,medium,rockfall,1666.9,30.6,414.8,4,16.06,1,observed_historical_event
NER-2022-000139,2022-08-08 00:00:00,2022,8,-0.5,-0.866,1,0,0,26.81283,94.51101,Nagaland,continuous_rain,medium,slope_failure,1098.0,25.5,838.8,2,8.78,1,observed_historical_event
NER-2022-000140,2022-05-07 00:00:00,2022,5,0.866,-0.5,0,1,0,28.25322,94.64046,Arunachal Pradesh,continuous_rain,large,landslide,2138.2,35.7,626.7,0,91.51,1,observed_historical_event
NER-2010-000141,2010-08-05 00:00:00,2010,8,-0.5,-0.866,1,0,0,24.09976,93.35316,Manipur,continuous_rain,large,landslide,1145.4,24.9,375.0,3,13.96,1,observed_historical_event
NER-2019-000142,2019-06-01 00:00:00,2019,6,0.5,-0.866,1,0,0,24.10264,92.31177,Mizoram,none,none,non_event,888.5,28.5,462.0,0,68.91,0,constructed_pseudo_absence
NER-2022-000143,2022-05-18 00:00:00,2022,5,0.866,-0.5,0,1,0,23.80583,91.68241,Tripura,downpour,large,rockfall,259.1,13.3,235.7,2,15.16,1,observed_historical_event
NER-2012-000144,2012-04-09 00:00:00,2012,4,1.0,0.0,0,1,0,29.28429,93.59574,Arunachal Pradesh,continuous_rain,medium,landslide,2172.6,34.0,187.4,1,6.95,1,observed_historical_event
NER-2017-000145,2017-07-15 00:00:00,2017,7,0.0,-1.0,1,0,0,26.7021,92.90673,Assam,downpour,large,mudslide,580.4,8.7,340.8,1,23.38,1,observed_historical_event
NER-2016-000146,2016-07-06 00:00:00,2016,7,0.0,-1.0,1,0,0,24.26641,90.97988,Assam,continuous_rain,medium,rockfall,413.2,23.0,600.7,1,5.37,1,observed_historical_event
NER-2016-000147,2016-05-20 00:00:00,2016,5,0.866,-0.5,0,1,0,25.66835,92.13691,Meghalaya,continuous_rain,medium,landslide,1468.8,23.3,409.9,2,26.19,1,observed_historical_event
NER-2019-000148,2019-07-03 00:00:00,2019,7,0.0,-1.0,1,0,0,27.06909,94.47265,Nagaland,cloudburst,medium,landslide,1539.2,44.1,471.9,1,21.25,1,observed_historical_event
NER-2016-000149,2016-10-26 00:00:00,2016,10,-1.0,-0.0,0,0,1,27.71081,88.52167,Sikkim,none,none,non_event,2123.0,37.9,101.9,5,9.43,0,constructed_pseudo_absence
NER-2010-000150,2010-07-13 00:00:00,2010,7,0.0,-1.0,1,0,0,25.83955,91.74952,Meghalaya,cloudburst,small,slope_failure,1059.0,21.1,710.1,3,11.29,1,observed_historical_event
NER-2021-000151,2021-08-04 00:00:00,2021,8,-0.5,-0.866,1,0,0,24.27307,93.51737,Manipur,monsoon,small,landslide,1244.3,28.8,488.4,3,4.15,1,observed_historical_event
NER-2018-000152,2018-07-09 00:00:00,2018,7,0.0,-1.0,1,0,0,23.39929,92.29248,Mizoram,downpour,medium,landslide,1110.1,33.5,486.5,1,18.66,1,observed_historical_event
NER-2022-000153,2022-01-02 00:00:00,2022,1,0.0,1.0,0,0,0,27.95241,88.18237,Sikkim,none,none,non_event,2449.1,28.6,23.4,4,4.89,0,constructed_pseudo_absence
NER-2016-000154,2016-07-04 00:00:00,2016,7,0.0,-1.0,1,0,0,22.9505,92.64,Mizoram,downpour,medium,landslide,1234.2,34.3,387.3,1,15.73,1,observed_historical_event
NER-2018-000155,2018-08-08 00:00:00,2018,8,-0.5,-0.866,1,0,0,25.25604,93.63453,Manipur,downpour,medium,landslide,1310.3,17.6,380.7,4,31.88,1,observed_historical_event
NER-2021-000156,2021-06-07 00:00:00,2021,6,0.5,-0.866,1,0,0,26.01253,94.66229,Nagaland,continuous_rain,large,rockfall,1582.7,24.4,444.5,1,22.85,1,observed_historical_event
NER-2020-000157,2020-03-22 00:00:00,2020,3,0.866,0.5,0,0,0,25.62619,93.79588,Nagaland,none,none,non_event,1722.9,42.9,94.3,2,20.27,0,constructed_pseudo_absence
NER-2020-000158,2020-03-04 00:00:00,2020,3,0.866,0.5,0,0,0,26.93452,92.18863,Arunachal Pradesh,monsoon,medium,slope_failure,1913.2,46.1,41.1,1,3.28,1,observed_historical_event
NER-2021-000159,2021-05-12 00:00:00,2021,5,0.866,-0.5,0,1,0,22.861,92.45379,Mizoram,continuous_rain,large,mudslide,1209.2,35.4,270.7,1,5.97,1,observed_historical_event
NER-2022-000160,2022-06-22 00:00:00,2022,6,0.5,-0.866,1,0,0,25.70915,91.54697,Meghalaya,downpour,large,debris_flow,1738.7,31.5,526.9,4,17.36,1,observed_historical_event
NER-2019-000161,2019-07-13 00:00:00,2019,7,0.0,-1.0,1,0,0,25.51105,93.70796,Nagaland,downpour,medium,slope_failure,1334.6,32.9,814.3,2,30.22,1,observed_historical_event
NER-2017-000162,2017-06-21 00:00:00,2017,6,0.5,-0.866,1,0,0,26.15067,93.67375,Assam,continuous_rain,large,slope_failure,634.6,15.5,801.8,1,42.62,1,observed_historical_event
NER-2022-000163,2022-08-02 00:00:00,2022,8,-0.5,-0.866,1,0,0,25.51885,90.8723,Meghalaya,monsoon,medium,mudslide,970.9,30.6,473.5,0,58.28,1,observed_historical_event
NER-2010-000164,2010-04-19 00:00:00,2010,4,1.0,0.0,0,1,0,23.57169,92.89928,Mizoram,none,none,non_event,1212.9,15.0,177.1,1,3.06,0,constructed_pseudo_absence
NER-2016-000165,2016-03-08 00:00:00,2016,3,0.866,0.5,0,0,0,23.83786,93.86038,Manipur,none,none,non_event,1428.9,38.5,79.8,2,41.89,0,constructed_pseudo_absence
NER-2020-000166,2020-08-05 00:00:00,2020,8,-0.5,-0.866,1,0,0,27.9388,88.78157,Sikkim,downpour,small,rockfall,2743.9,40.3,743.4,1,25.74,1,observed_historical_event
NER-2020-000167,2020-08-20 00:00:00,2020,8,-0.5,-0.866,1,0,0,22.48042,92.90674,Mizoram,cloudburst,medium,slope_failure,1416.9,29.4,450.9,3,15.67,1,observed_historical_event
NER-2011-000168,2011-07-04 00:00:00,2011,7,0.0,-1.0,1,0,0,22.26567,93.09441,Mizoram,continuous_rain,large,rockfall,805.8,40.3,409.7,3,17.89,1,observed_historical_event
NER-2016-000169,2016-08-02 00:00:00,2016,8,-0.5,-0.866,1,0,0,22.57385,92.99706,Mizoram,continuous_rain,medium,mudslide,1302.5,33.5,446.8,3,19.16,1,observed_historical_event
NER-2018-000170,2018-05-04 00:00:00,2018,5,0.866,-0.5,0,1,0,27.41989,88.26441,Sikkim,continuous_rain,medium,mudslide,2542.6,43.8,631.9,3,5.82,1,observed_historical_event
NER-2018-000171,2018-05-07 00:00:00,2018,5,0.866,-0.5,0,1,0,28.96561,94.91378,Arunachal Pradesh,downpour,medium,rockfall,1861.9,32.0,278.2,1,13.33,1,observed_historical_event
NER-2016-000172,2016-05-21 00:00:00,2016,5,0.866,-0.5,0,1,0,23.25628,92.14946,Tripura,downpour,medium,mudslide,80.0,6.3,412.0,1,4.17,1,observed_historical_event
NER-2018-000173,2018-05-09 00:00:00,2018,5,0.866,-0.5,0,1,0,24.08715,94.25365,Manipur,downpour,medium,slope_failure,1247.4,31.5,317.5,0,71.44,1,observed_historical_event
NER-2017-000174,2017-07-03 00:00:00,2017,7,0.0,-1.0,1,0,0,23.12354,92.14064,Tripura,road_cutting,very_large,mudslide,210.6,17.2,456.5,2,18.45,1,observed_historical_event
NER-2022-000175,2022-07-27 00:00:00,2022,7,0.0,-1.0,1,0,0,25.77555,94.6815,Nagaland,cloudburst,small,slope_failure,1724.3,34.4,454.7,1,47.72,1,observed_historical_event
NER-2017-000176,2017-04-19 00:00:00,2017,4,1.0,0.0,0,1,0,26.9367,93.49039,Nagaland,none,none,non_event,1476.6,35.7,267.6,0,52.58,0,constructed_pseudo_absence
NER-2019-000177,2019-02-09 00:00:00,2019,2,0.5,0.866,0,0,0,23.27536,91.36899,Tripura,none,none,non_event,80.0,19.9,31.4,1,14.09,0,constructed_pseudo_absence
NER-2018-000178,2018-06-27 00:00:00,2018,6,0.5,-0.866,1,0,0,22.94512,92.49961,Mizoram,downpour,medium,rockfall,1372.8,27.6,559.4,1,6.59,1,observed_historical_event
NER-2020-000179,2020-08-03 00:00:00,2020,8,-0.5,-0.866,1,0,0,22.27774,92.75893,Mizoram,downpour,small,debris_flow,793.7,26.2,352.2,2,14.24,1,observed_historical_event
NER-2019-000180,2019-07-21 00:00:00,2019,7,0.0,-1.0,1,0,0,25.09423,93.43549,Manipur,monsoon,small,landslide,1099.0,24.9,685.4,3,9.35,1,observed_historical_event
NER-2022-000181,2022-07-07 00:00:00,2022,7,0.0,-1.0,1,0,0,26.36528,94.58762,Nagaland,cloudburst,medium,slope_failure,1232.1,35.4,400.1,2,18.53,1,observed_historical_event
NER-2022-000182,2022-10-23 00:00:00,2022,10,-1.0,-0.0,0,0,1,25.70701,91.07142,Meghalaya,none,none,non_event,1692.3,29.2,173.6,2,48.47,0,constructed_pseudo_absence
NER-2021-000183,2021-11-27 00:00:00,2021,11,-0.866,0.5,0,0,1,27.14273,89.79701,Assam,none,none,non_event,619.7,15.2,43.2,1,6.69,0,constructed_pseudo_absence
NER-2020-000184,2020-08-02 00:00:00,2020,8,-0.5,-0.866,1,0,0,25.32449,94.08006,Manipur,none,none,non_event,1130.6,26.2,451.9,0,54.77,0,constructed_pseudo_absence
NER-2020-000185,2020-08-19 00:00:00,2020,8,-0.5,-0.866,1,0,0,25.8177,94.6554,Nagaland,downpour,medium,slope_failure,1537.1,32.9,435.8,1,42.12,1,observed_historical_event
NER-2021-000186,2021-05-26 00:00:00,2021,5,0.866,-0.5,0,1,0,27.65924,95.66562,Assam,monsoon,medium,slope_failure,416.2,18.1,225.6,0,135.37,1,observed_historical_event
NER-2022-000187,2022-07-19 00:00:00,2022,7,0.0,-1.0,1,0,0,24.37774,95.30338,Assam,downpour,small,rockfall,412.2,8.2,454.0,0,177.32,1,observed_historical_event
NER-2021-000188,2021-04-03 00:00:00,2021,4,1.0,0.0,0,1,0,27.60795,92.51172,Arunachal Pradesh,monsoon,small,rockfall,2168.1,39.8,247.0,1,3.35,1,observed_historical_event
NER-2014-000189,2014-01-18 00:00:00,2014,1,0.0,1.0,0,0,0,26.80911,94.66711,Nagaland,none,none,non_event,1398.5,27.9,48.9,2,18.04,0,constructed_pseudo_absence
NER-2020-000190,2020-07-06 00:00:00,2020,7,0.0,-1.0,1,0,0,28.85593,95.6427,Arunachal Pradesh,none,none,non_event,2441.6,22.9,578.1,1,6.23,0,constructed_pseudo_absence
NER-2022-000191,2022-06-08 00:00:00,2022,6,0.5,-0.866,1,0,0,25.58667,92.64107,Meghalaya,monsoon,medium,slope_failure,1182.4,21.9,796.8,1,1.98,1,observed_historical_event
NER-2016-000192,2016-02-04 00:00:00,2016,2,0.5,0.866,0,0,0,25.05919,93.43732,Assam,none,none,non_event,283.2,13.3,51.3,3,5.69,0,constructed_pseudo_absence
NER-2016-000193,2016-07-20 00:00:00,2016,7,0.0,-1.0,1,0,0,28.89605,95.48774,Arunachal Pradesh,downpour,medium,mudslide,2192.5,36.7,705.0,2,9.03,1,observed_historical_event
NER-2021-000194,2021-03-04 00:00:00,2021,3,0.866,0.5,0,0,0,25.73592,90.24743,Meghalaya,none,none,non_event,1737.3,38.7,148.1,0,124.04,0,constructed_pseudo_absence
NER-2022-000195,2022-04-02 00:00:00,2022,4,1.0,0.0,0,1,0,23.47634,91.91212,Tripura,none,none,non_event,513.8,12.9,212.8,2,30.26,0,constructed_pseudo_absence
NER-2019-000196,2019-10-09 00:00:00,2019,10,-1.0,-0.0,0,0,1,22.14167,93.17796,Mizoram,monsoon,medium,mudslide,1175.7,38.3,232.5,1,34.31,1,observed_historical_event
NER-2010-000197,2010-03-19 00:00:00,2010,3,0.866,0.5,0,0,0,27.48663,88.12381,Sikkim,none,none,non_event,2475.5,45.4,51.0,4,6.06,0,constructed_pseudo_absence
NER-2019-000198,2019-06-03 00:00:00,2019,6,0.5,-0.866,1,0,0,24.07822,91.60813,Tripura,continuous_rain,medium,slope_failure,152.7,17.8,499.5,3,18.65,1,observed_historical_event
NER-2021-000199,2021-08-13 00:00:00,2021,8,-0.5,-0.866,1,0,0,25.96137,91.44743,Meghalaya,monsoon,medium,debris_flow,1297.2,35.6,568.6,2,11.12,1,observed_historical_event
NER-2019-000200,2019-06-08 00:00:00,2019,6,0.5,-0.866,1,0,0,25.87407,91.54912,Meghalaya,continuous_rain,medium,landslide,1383.7,30.7,458.1,4,2.46,1,observed_historical_event
NER-2011-000201,2011-08-15 00:00:00,2011,8,-0.5,-0.866,1,0,0,24.49035,93.0977,Manipur,none,none,non_event,951.1,25.7,360.9,0,52.56,0,constructed_pseudo_absence
NER-2021-000202,2021-05-11 00:00:00,2021,5,0.866,-0.5,0,1,0,26.53061,93.10129,Assam,none,none,non_event,479.3,11.3,288.0,1,8.35,0,constructed_pseudo_absence
NER-2022-000203,2022-06-15 00:00:00,2022,6,0.5,-0.866,1,0,0,25.20964,90.8138,Meghalaya,continuous_rain,medium,slope_failure,1439.9,33.0,604.2,0,69.3,1,observed_historical_event
NER-2016-000204,2016-07-14 00:00:00,2016,7,0.0,-1.0,1,0,0,27.55708,88.48208,Sikkim,continuous_rain,large,slope_failure,2657.7,38.3,550.7,5,26.33,1,observed_historical_event
NER-2018-000205,2018-11-15 00:00:00,2018,11,-0.866,0.5,0,0,1,25.152,91.60757,Meghalaya,none,none,non_event,1587.3,26.7,51.3,1,36.46,0,constructed_pseudo_absence
NER-2020-000206,2020-08-22 00:00:00,2020,8,-0.5,-0.866,1,0,0,25.69774,92.61116,Meghalaya,continuous_rain,medium,rockfall,1518.0,24.7,587.2,1,12.58,1,observed_historical_event
NER-2014-000207,2014-09-17 00:00:00,2014,9,-0.866,-0.5,1,0,0,24.14455,93.63907,Manipur,continuous_rain,medium,slope_failure,904.3,36.4,239.3,3,13.22,1,observed_historical_event
NER-2022-000208,2022-08-18 00:00:00,2022,8,-0.5,-0.866,1,0,0,24.08786,91.77352,Tripura,downpour,large,debris_flow,80.0,17.4,470.4,3,25.21,1,observed_historical_event
NER-2021-000209,2021-08-21 00:00:00,2021,8,-0.5,-0.866,1,0,0,23.26667,91.41521,Tripura,downpour,medium,rockfall,80.0,4.2,380.5,1,11.39,1,observed_historical_event
NER-2017-000210,2017-04-28 00:00:00,2017,4,1.0,0.0,0,1,0,23.85146,93.51202,Manipur,none,none,non_event,1369.9,36.9,170.7,3,21.56,0,constructed_pseudo_absence
NER-2021-000211,2021-06-08 00:00:00,2021,6,0.5,-0.866,1,0,0,23.25358,93.14351,Mizoram,downpour,medium,slope_failure,756.2,35.4,416.8,1,41.53,1,observed_historical_event
NER-2018-000212,2018-06-21 00:00:00,2018,6,0.5,-0.866,1,0,0,27.70219,88.86506,Sikkim,downpour,large,debris_flow,2344.4,30.5,791.4,1,28.38,1,observed_historical_event
NER-2016-000213,2016-10-06 00:00:00,2016,10,-1.0,-0.0,0,0,1,25.85065,91.39962,Meghalaya,downpour,large,rockfall,1094.8,22.8,210.0,3,12.7,1,observed_historical_event
NER-2016-000214,2016-03-02 00:00:00,2016,3,0.866,0.5,0,0,0,23.81986,91.55828,Tripura,none,none,non_event,564.7,16.1,50.2,2,10.55,0,constructed_pseudo_absence
NER-2020-000215,2020-03-24 00:00:00,2020,3,0.866,0.5,0,0,0,27.78593,88.1117,Sikkim,none,none,non_event,2221.0,36.3,104.9,5,12.13,0,constructed_pseudo_absence
NER-2016-000216,2016-07-18 00:00:00,2016,7,0.0,-1.0,1,0,0,25.71157,93.30556,Nagaland,continuous_rain,large,landslide,1789.4,34.9,531.3,1,16.49,1,observed_historical_event
NER-2016-000217,2016-06-24 00:00:00,2016,6,0.5,-0.866,1,0,0,26.50669,93.7023,Nagaland,downpour,medium,slope_failure,1652.5,33.5,355.6,0,58.03,1,observed_historical_event
NER-2016-000218,2016-05-03 00:00:00,2016,5,0.866,-0.5,0,1,0,24.21279,91.42331,Tripura,downpour,medium,slope_failure,151.1,24.0,281.7,4,10.2,1,observed_historical_event
NER-2018-000219,2018-09-14 00:00:00,2018,9,-0.866,-0.5,1,0,0,29.28584,93.57519,Arunachal Pradesh,continuous_rain,medium,debris_flow,2136.5,28.9,490.6,1,6.25,1,observed_historical_event
NER-2020-000220,2020-03-09 00:00:00,2020,3,0.866,0.5,0,0,0,24.64601,93.09329,Assam,none,none,non_event,138.2,28.4,58.2,1,45.63,0,constructed_pseudo_absence
NER-2017-000221,2017-10-18 00:00:00,2017,10,-1.0,-0.0,0,0,1,25.66862,93.87926,Nagaland,none,none,non_event,1710.7,34.8,184.8,2,15.25,0,constructed_pseudo_absence
NER-2016-000222,2016-08-28 00:00:00,2016,8,-0.5,-0.866,1,0,0,26.96734,94.59991,Nagaland,downpour,medium,debris_flow,1605.4,37.5,310.9,2,15.25,1,observed_historical_event
NER-2018-000223,2018-06-02 00:00:00,2018,6,0.5,-0.866,1,0,0,23.72862,92.04975,Tripura,road_cutting,medium,debris_flow,179.7,13.3,632.8,1,48.31,1,observed_historical_event
NER-2019-000224,2019-06-21 00:00:00,2019,6,0.5,-0.866,1,0,0,26.82573,92.98436,Arunachal Pradesh,monsoon,small,mudslide,1988.7,41.0,469.5,1,28.83,1,observed_historical_event
NER-2021-000225,2021-05-05 00:00:00,2021,5,0.866,-0.5,0,1,0,25.32252,91.35755,Meghalaya,continuous_rain,medium,rockfall,1257.8,33.4,440.3,1,15.8,1,observed_historical_event
NER-2020-000226,2020-04-21 00:00:00,2020,4,1.0,0.0,0,1,0,27.53776,88.20784,Sikkim,continuous_rain,large,landslide,2450.1,30.1,235.0,5,5.75,1,observed_historical_event
NER-2022-000227,2022-06-05 00:00:00,2022,6,0.5,-0.866,1,0,0,24.21273,91.31826,Tripura,downpour,medium,landslide,80.0,11.4,479.3,4,20.16,1,observed_historical_event
NER-2020-000228,2020-03-16 00:00:00,2020,3,0.866,0.5,0,0,0,26.27966,94.96773,Nagaland,none,none,non_event,1150.1,37.0,35.8,2,41.55,0,constructed_pseudo_absence
NER-2018-000229,2018-09-23 00:00:00,2018,9,-0.866,-0.5,1,0,0,26.27611,94.52922,Nagaland,continuous_rain,small,mudslide,1265.0,32.5,469.0,2,10.21,1,observed_historical_event
NER-2020-000230,2020-06-07 00:00:00,2020,6,0.5,-0.866,1,0,0,25.06243,93.15447,Manipur,continuous_rain,small,slope_failure,923.9,21.2,380.9,3,3.67,1,observed_historical_event
NER-2021-000231,2021-06-07 00:00:00,2021,6,0.5,-0.866,1,0,0,22.3157,92.68791,Mizoram,monsoon,medium,mudslide,669.2,30.4,423.5,2,9.02,1,observed_historical_event
NER-2020-000232,2020-06-11 00:00:00,2020,6,0.5,-0.866,1,0,0,28.38067,95.53893,Arunachal Pradesh,continuous_rain,small,debris_flow,2495.1,35.3,474.5,0,55.13,1,observed_historical_event
NER-2021-000233,2021-06-13 00:00:00,2021,6,0.5,-0.866,1,0,0,26.13192,94.18312,Assam,none,none,non_event,650.0,3.0,505.0,2,37.97,0,constructed_pseudo_absence
NER-2022-000234,2022-07-17 00:00:00,2022,7,0.0,-1.0,1,0,0,24.96886,94.21324,Manipur,continuous_rain,medium,mudslide,1148.1,34.6,901.7,0,53.19,1,observed_historical_event
NER-2012-000235,2012-08-18 00:00:00,2012,8,-0.5,-0.866,1,0,0,25.45757,95.76871,Assam,none,none,non_event,80.0,26.0,333.7,0,145.11,0,constructed_pseudo_absence
NER-2020-000236,2020-06-04 00:00:00,2020,6,0.5,-0.866,1,0,0,27.83117,95.21951,Assam,none,none,non_event,554.1,9.1,424.2,0,121.91,0,constructed_pseudo_absence
NER-2020-000237,2020-09-16 00:00:00,2020,9,-0.866,-0.5,1,0,0,23.19095,92.23772,Tripura,continuous_rain,small,debris_flow,80.0,13.6,367.8,2,15.19,1,observed_historical_event
NER-2017-000238,2017-07-12 00:00:00,2017,7,0.0,-1.0,1,0,0,22.36897,92.87204,Mizoram,downpour,small,mudslide,1035.9,28.3,514.1,3,17.55,1,observed_historical_event
NER-2016-000239,2016-04-03 00:00:00,2016,4,1.0,0.0,0,1,0,23.6249,92.93659,Mizoram,none,none,non_event,1094.4,21.7,123.5,1,8.22,0,constructed_pseudo_absence
NER-2022-000240,2022-10-09 00:00:00,2022,10,-1.0,-0.0,0,0,1,23.43851,91.51712,Tripura,continuous_rain,small,slope_failure,547.6,25.6,78.0,1,10.96,1,observed_historical_event
NER-2017-000241,2017-06-04 00:00:00,2017,6,0.5,-0.866,1,0,0,27.54192,88.13007,Sikkim,continuous_rain,medium,debris_flow,2436.9,44.0,765.8,4,5.21,1,observed_historical_event
NER-2017-000242,2017-11-22 00:00:00,2017,11,-0.866,0.5,0,0,1,23.26904,92.00088,Tripura,none,none,non_event,187.1,20.1,36.1,1,14.75,0,constructed_pseudo_absence
NER-2022-000243,2022-07-18 00:00:00,2022,7,0.0,-1.0,1,0,0,26.6136,93.87006,Nagaland,continuous_rain,medium,rockfall,1697.5,36.6,489.4,0,68.92,1,observed_historical_event
NER-2020-000244,2020-07-26 00:00:00,2020,7,0.0,-1.0,1,0,0,25.03452,93.21249,Manipur,downpour,medium,slope_failure,892.1,15.7,429.4,4,9.02,1,observed_historical_event
NER-2014-000245,2014-07-15 00:00:00,2014,7,0.0,-1.0,1,0,0,23.13176,91.30109,Tripura,none,none,non_event,80.0,5.4,397.0,1,29.6,0,constructed_pseudo_absence
NER-2021-000246,2021-05-09 00:00:00,2021,5,0.866,-0.5,0,1,0,25.435,92.46308,Meghalaya,monsoon,small,mudslide,1355.9,13.4,521.2,1,22.41,1,observed_historical_event
NER-2019-000247,2019-03-03 00:00:00,2019,3,0.866,0.5,0,0,0,25.94542,90.0391,Assam,none,none,non_event,94.5,17.2,158.8,0,139.51,0,constructed_pseudo_absence
NER-2018-000248,2018-06-05 00:00:00,2018,6,0.5,-0.866,1,0,0,25.69879,92.64581,Meghalaya,continuous_rain,very_large,slope_failure,1434.7,28.1,633.6,1,12.64,1,observed_historical_event
NER-2021-000249,2021-07-12 00:00:00,2021,7,0.0,-1.0,1,0,0,26.22024,94.4825,Nagaland,downpour,medium,landslide,1348.3,26.7,528.8,1,9.43,1,observed_historical_event
NER-2022-000250,2022-06-10 00:00:00,2022,6,0.5,-0.866,1,0,0,24.17483,91.75785,Tripura,monsoon,small,landslide,80.0,26.9,378.0,3,15.73,1,observed_historical_event
NER-2022-000251,2022-10-26 00:00:00,2022,10,-1.0,-0.0,0,0,1,25.29905,91.74537,Meghalaya,none,none,non_event,1311.1,35.5,172.3,1,33.2,0,constructed_pseudo_absence
NER-2020-000252,2020-07-11 00:00:00,2020,7,0.0,-1.0,1,0,0,23.312,92.13971,Tripura,downpour,small,rockfall,184.4,7.0,343.2,1,1.06,1,observed_historical_event
NER-2022-000253,2022-02-03 00:00:00,2022,2,0.5,0.866,0,0,0,24.37427,92.26725,Mizoram,none,none,non_event,1153.9,34.3,47.2,0,63.16,0,constructed_pseudo_absence
NER-2011-000254,2011-06-15 00:00:00,2011,6,0.5,-0.866,1,0,0,25.04991,93.00651,Assam,downpour,medium,slope_failure,297.6,24.1,280.1,3,14.15,1,observed_historical_event
NER-2018-000255,2018-05-02 00:00:00,2018,5,0.866,-0.5,0,1,0,24.2138,93.20327,Manipur,downpour,small,rockfall,1021.4,30.5,211.5,3,34.32,1,observed_historical_event
NER-2016-000256,2016-05-16 00:00:00,2016,5,0.866,-0.5,0,1,0,28.87668,95.22094,Arunachal Pradesh,continuous_rain,medium,slope_failure,2373.5,32.1,330.9,2,20.66,1,observed_historical_event
NER-2016-000257,2016-08-12 00:00:00,2016,8,-0.5,-0.866,1,0,0,23.30111,91.14739,Tripura,none,none,non_event,306.2,5.2,341.4,1,31.61,0,constructed_pseudo_absence
NER-2022-000258,2022-07-28 00:00:00,2022,7,0.0,-1.0,1,0,0,23.0102,91.28603,Tripura,downpour,small,debris_flow,341.0,20.6,460.5,1,43.09,1,observed_historical_event
NER-2021-000259,2021-11-27 00:00:00,2021,11,-0.866,0.5,0,0,1,22.33664,92.55498,Mizoram,none,none,non_event,929.4,37.6,33.9,2,14.53,0,constructed_pseudo_absence
NER-2011-000260,2011-03-07 00:00:00,2011,3,0.866,0.5,0,0,0,28.93833,94.97954,Arunachal Pradesh,none,none,non_event,1935.7,34.2,92.7,1,8.61,0,constructed_pseudo_absence
NER-2009-000261,2009-07-21 00:00:00,2009,7,0.0,-1.0,1,0,0,23.36394,91.27853,Tripura,none,none,non_event,264.1,12.7,327.4,1,17.64,0,constructed_pseudo_absence
NER-2009-000262,2009-03-08 00:00:00,2009,3,0.866,0.5,0,0,0,25.62354,92.73434,Meghalaya,none,none,non_event,1237.2,28.6,73.5,1,12.43,0,constructed_pseudo_absence
NER-2019-000263,2019-09-06 00:00:00,2019,9,-0.866,-0.5,1,0,0,23.77994,91.70563,Tripura,none,none,non_event,134.1,5.1,334.6,1,19.06,0,constructed_pseudo_absence
NER-2019-000264,2019-09-11 00:00:00,2019,9,-0.866,-0.5,1,0,0,26.21366,93.70646,Nagaland,continuous_rain,very_large,slope_failure,1629.9,21.9,357.4,1,47.63,1,observed_historical_event
NER-2017-000265,2017-05-11 00:00:00,2017,5,0.866,-0.5,0,1,0,27.85963,88.54327,Sikkim,monsoon,small,debris_flow,2398.2,35.5,253.7,3,9.9,1,observed_historical_event
NER-2017-000266,2017-08-24 00:00:00,2017,8,-0.5,-0.866,1,0,0,25.73612,93.5869,Nagaland,continuous_rain,small,landslide,1430.8,21.3,655.2,2,15.82,1,observed_historical_event
NER-2014-000267,2014-06-28 00:00:00,2014,6,0.5,-0.866,1,0,0,22.63848,93.08098,Mizoram,continuous_rain,medium,mudslide,1096.1,26.8,464.0,3,15.62,1,observed_historical_event
NER-2009-000268,2009-05-10 00:00:00,2009,5,0.866,-0.5,0,1,0,25.46642,93.93872,Nagaland,continuous_rain,medium,rockfall,1080.7,36.1,293.6,1,38.41,1,observed_historical_event
NER-2020-000269,2020-05-20 00:00:00,2020,5,0.866,-0.5,0,1,0,23.7388,91.39078,Tripura,none,none,non_event,80.0,11.9,250.5,2,28.63,0,constructed_pseudo_absence
NER-2020-000270,2020-08-25 00:00:00,2020,8,-0.5,-0.866,1,0,0,25.25948,91.28348,Meghalaya,monsoon,large,landslide,1397.0,24.3,478.8,1,25.67,1,observed_historical_event
NER-2012-000271,2012-01-23 00:00:00,2012,1,0.0,1.0,0,0,0,27.48484,94.28002,Arunachal Pradesh,none,none,non_event,2441.2,32.4,2.0,0,70.08,0,constructed_pseudo_absence
NER-2021-000272,2021-07-09 00:00:00,2021,7,0.0,-1.0,1,0,0,27.81366,88.70752,Sikkim,cloudburst,medium,landslide,2255.3,32.9,910.1,1,12.63,1,observed_historical_event
NER-2019-000273,2019-07-23 00:00:00,2019,7,0.0,-1.0,1,0,0,26.54119,94.72958,Nagaland,cloudburst,medium,rockfall,1807.4,37.0,757.9,3,11.06,1,observed_historical_event
NER-2021-000274,2021-06-21 00:00:00,2021,6,0.5,-0.866,1,0,0,28.9836,95.06949,Arunachal Pradesh,downpour,medium,rockfall,2078.8,42.4,972.0,1,3.69,1,observed_historical_event
NER-2021-000275,2021-07-21 00:00:00,2021,7,0.0,-1.0,1,0,0,25.9512,94.38851,Nagaland,continuous_rain,medium,mudslide,1144.4,25.9,481.9,1,32.22,1,observed_historical_event
NER-2020-000276,2020-10-14 00:00:00,2020,10,-1.0,-0.0,0,0,1,25.65398,93.26127,Manipur,none,none,non_event,1546.3,17.8,83.9,1,18.66,0,constructed_pseudo_absence
NER-2019-000277,2019-11-10 00:00:00,2019,11,-0.866,0.5,0,0,1,27.80583,88.63199,Sikkim,none,none,non_event,2168.5,33.4,62.6,3,5.53,0,constructed_pseudo_absence
NER-2018-000278,2018-03-25 00:00:00,2018,3,0.866,0.5,0,0,0,25.92664,91.44253,Meghalaya,none,none,non_event,1112.1,34.7,92.6,2,8.79,0,constructed_pseudo_absence
NER-2011-000279,2011-08-07 00:00:00,2011,8,-0.5,-0.866,1,0,0,23.92566,94.66879,Manipur,continuous_rain,small,rockfall,1670.9,19.4,367.4,0,114.82,1,observed_historical_event
NER-2021-000280,2021-07-18 00:00:00,2021,7,0.0,-1.0,1,0,0,26.79628,94.47665,Nagaland,continuous_rain,medium,landslide,1065.3,34.6,964.1,2,10.2,1,observed_historical_event
NER-2018-000281,2018-08-10 00:00:00,2018,8,-0.5,-0.866,1,0,0,24.23095,91.83129,Tripura,none,none,non_event,92.7,8.3,361.9,3,18.33,0,constructed_pseudo_absence
NER-2018-000282,2018-06-06 00:00:00,2018,6,0.5,-0.866,1,0,0,27.64441,92.46283,Arunachal Pradesh,continuous_rain,medium,landslide,2120.4,42.2,617.3,1,2.86,1,observed_historical_event
NER-2019-000283,2019-02-06 00:00:00,2019,2,0.5,0.866,0,0,0,28.23993,95.39123,Arunachal Pradesh,none,none,non_event,1885.3,46.4,23.2,0,72.66,0,constructed_pseudo_absence
NER-2017-000284,2017-11-01 00:00:00,2017,11,-0.866,0.5,0,0,1,27.33402,94.20599,Arunachal Pradesh,none,none,non_event,2164.7,37.5,42.6,0,57.55,0,constructed_pseudo_absence
NER-2020-000285,2020-07-08 00:00:00,2020,7,0.0,-1.0,1,0,0,25.7006,94.49441,Nagaland,downpour,medium,slope_failure,1512.2,36.3,411.0,0,54.27,1,observed_historical_event
NER-2019-000286,2019-12-06 00:00:00,2019,12,-0.5,0.866,0,0,0,26.48325,94.05654,Assam,none,none,non_event,198.9,17.3,2.0,0,60.95,0,constructed_pseudo_absence
NER-2019-000287,2019-09-25 00:00:00,2019,9,-0.866,-0.5,1,0,0,22.47502,92.71526,Mizoram,downpour,medium,slope_failure,1120.3,34.1,332.6,2,9.34,1,observed_historical_event
NER-2022-000288,2022-06-17 00:00:00,2022,6,0.5,-0.866,1,0,0,24.98416,94.66879,Manipur,downpour,medium,mudslide,1130.4,17.4,468.7,0,100.05,1,observed_historical_event
NER-2022-000289,2022-04-28 00:00:00,2022,4,1.0,0.0,0,1,0,27.59135,88.16884,Sikkim,monsoon,medium,slope_failure,2224.9,34.5,220.4,5,8.76,1,observed_historical_event
NER-2018-000290,2018-06-24 00:00:00,2018,6,0.5,-0.866,1,0,0,28.05812,88.75724,Sikkim,downpour,small,rockfall,2425.7,36.1,750.3,1,34.49,1,observed_historical_event
NER-2019-000291,2019-10-02 00:00:00,2019,10,-1.0,-0.0,0,0,1,23.37895,91.96996,Tripura,none,none,non_event,535.9,21.3,86.7,1,20.73,0,constructed_pseudo_absence
NER-2016-000292,2016-06-13 00:00:00,2016,6,0.5,-0.866,1,0,0,29.04298,94.86879,Arunachal Pradesh,downpour,medium,rockfall,1700.3,36.1,600.9,1,17.47,1,observed_historical_event
NER-2018-000293,2018-05-10 00:00:00,2018,5,0.866,-0.5,0,1,0,23.94783,91.46021,Tripura,none,none,non_event,539.5,7.9,183.9,3,13.55,0,constructed_pseudo_absence
NER-2017-000294,2017-08-04 00:00:00,2017,8,-0.5,-0.866,1,0,0,25.58225,94.21809,Manipur,cloudburst,medium,slope_failure,1420.8,38.8,371.9,1,42.99,1,observed_historical_event
NER-2016-000295,2016-03-25 00:00:00,2016,3,0.866,0.5,0,0,0,22.71245,92.89307,Mizoram,none,none,non_event,1101.4,43.2,81.3,4,35.78,0,constructed_pseudo_absence
NER-2017-000296,2017-05-01 00:00:00,2017,5,0.866,-0.5,0,1,0,26.28254,90.34496,Assam,none,none,non_event,215.9,17.7,307.4,0,113.33,0,constructed_pseudo_absence
NER-2018-000297,2018-07-02 00:00:00,2018,7,0.0,-1.0,1,0,0,24.09284,93.53006,Manipur,none,none,non_event,837.3,26.8,432.2,3,3.04,0,constructed_pseudo_absence
NER-2018-000298,2018-06-07 00:00:00,2018,6,0.5,-0.866,1,0,0,23.97339,91.74018,Tripura,continuous_rain,medium,rockfall,319.1,14.3,402.8,3,16.78,1,observed_historical_event
NER-2020-000299,2020-05-12 00:00:00,2020,5,0.866,-0.5,0,1,0,25.48061,91.28508,Meghalaya,monsoon,medium,mudslide,976.2,28.8,404.4,2,16.07,1,observed_historical_event
NER-2022-000300,2022-03-18 00:00:00,2022,3,0.866,0.5,0,0,0,26.62638,94.31222,Nagaland,none,none,non_event,1713.7,35.8,22.2,2,33.24,0,constructed_pseudo_absence
NER-2019-000301,2019-07-11 00:00:00,2019,7,0.0,-1.0,1,0,0,26.24644,94.66927,Nagaland,downpour,medium,debris_flow,1637.2,31.0,659.9,2,11.83,1,observed_historical_event
NER-2020-000302,2020-08-13 00:00:00,2020,8,-0.5,-0.866,1,0,0,25.13319,92.96209,Assam,continuous_rain,medium,slope_failure,622.3,15.9,398.9,3,15.26,1,observed_historical_event
NER-2018-000303,2018-06-26 00:00:00,2018,6,0.5,-0.866,1,0,0,25.33501,92.63,Meghalaya,continuous_rain,small,debris_flow,1144.1,30.4,611.2,2,28.51,1,observed_historical_event
NER-2020-000304,2020-09-12 00:00:00,2020,9,-0.866,-0.5,1,0,0,27.81493,88.54607,Sikkim,continuous_rain,medium,mudslide,2301.8,38.7,362.7,3,6.2,1,observed_historical_event
NER-2017-000305,2017-05-28 00:00:00,2017,5,0.866,-0.5,0,1,0,22.24912,92.2861,Mizoram,continuous_rain,medium,rockfall,955.9,35.2,246.3,1,42.65,1,observed_historical_event
NER-2019-000306,2019-07-18 00:00:00,2019,7,0.0,-1.0,1,0,0,25.89249,93.72891,Nagaland,cloudburst,medium,landslide,1338.7,25.2,488.2,2,15.5,1,observed_historical_event
NER-2016-000307,2016-07-23 00:00:00,2016,7,0.0,-1.0,1,0,0,23.59911,91.42299,Tripura,none,none,non_event,131.5,10.5,352.2,2,25.44,0,constructed_pseudo_absence
NER-2020-000308,2020-08-10 00:00:00,2020,8,-0.5,-0.866,1,0,0,27.62398,93.07071,Assam,none,none,non_event,276.6,6.8,604.1,0,57.29,0,constructed_pseudo_absence
NER-2021-000309,2021-10-24 00:00:00,2021,10,-1.0,-0.0,0,0,1,24.97327,93.79619,Manipur,continuous_rain,small,landslide,1148.8,32.8,121.0,2,10.42,1,observed_historical_event
NER-2018-000310,2018-05-09 00:00:00,2018,5,0.866,-0.5,0,1,0,24.95822,93.06671,Manipur,downpour,medium,landslide,931.6,27.4,282.2,3,18.34,1,observed_historical_event
NER-2022-000311,2022-04-16 00:00:00,2022,4,1.0,0.0,0,1,0,27.79755,93.76069,Arunachal Pradesh,none,none,non_event,2127.9,36.7,124.5,0,123.59,0,constructed_pseudo_absence
NER-2019-000312,2019-06-10 00:00:00,2019,6,0.5,-0.866,1,0,0,27.20733,89.96035,Assam,downpour,medium,slope_failure,80.0,9.4,383.9,1,12.61,1,observed_historical_event
NER-2013-000313,2013-10-14 00:00:00,2013,10,-1.0,-0.0,0,0,1,26.64306,91.41732,Assam,none,none,non_event,510.5,27.6,113.8,0,80.82,0,constructed_pseudo_absence
NER-2021-000314,2021-08-06 00:00:00,2021,8,-0.5,-0.866,1,0,0,25.756,91.80964,Meghalaya,downpour,small,landslide,1350.1,22.0,460.0,3,15.07,1,observed_historical_event
NER-2009-000315,2009-08-04 00:00:00,2009,8,-0.5,-0.866,1,0,0,25.95563,91.60178,Meghalaya,continuous_rain,large,rockfall,1354.6,18.9,971.1,3,11.83,1,observed_historical_event
NER-2022-000316,2022-03-25 00:00:00,2022,3,0.866,0.5,0,0,0,22.39676,93.05357,Mizoram,none,none,non_event,917.0,21.3,29.7,3,3.17,0,constructed_pseudo_absence
NER-2020-000317,2020-08-07 00:00:00,2020,8,-0.5,-0.866,1,0,0,23.07,91.6299,Tripura,none,none,non_event,494.0,11.9,288.9,1,37.37,0,constructed_pseudo_absence
NER-2014-000318,2014-05-23 00:00:00,2014,5,0.866,-0.5,0,1,0,27.82246,88.16299,Sikkim,continuous_rain,small,rockfall,2276.3,41.9,350.6,4,11.04,1,observed_historical_event
NER-2018-000319,2018-06-21 00:00:00,2018,6,0.5,-0.866,1,0,0,23.58239,92.63843,Mizoram,continuous_rain,very_large,mudslide,911.0,24.6,574.4,1,27.16,1,observed_historical_event
NER-2021-000320,2021-06-07 00:00:00,2021,6,0.5,-0.866,1,0,0,22.90561,93.27923,Mizoram,monsoon,very_large,landslide,1253.3,26.8,558.7,1,30.7,1,observed_historical_event
NER-2017-000321,2017-09-22 00:00:00,2017,9,-0.866,-0.5,1,0,0,27.57107,88.25413,Sikkim,none,none,non_event,2391.9,28.7,288.9,5,11.7,0,constructed_pseudo_absence
NER-2021-000322,2021-02-10 00:00:00,2021,2,0.5,0.866,0,0,0,26.88215,95.10623,Arunachal Pradesh,none,none,non_event,2131.4,34.3,66.0,1,46.61,0,constructed_pseudo_absence
NER-2022-000323,2022-09-24 00:00:00,2022,9,-0.866,-0.5,1,0,0,25.35666,92.72756,Meghalaya,downpour,small,mudslide,1190.6,35.4,627.4,2,27.35,1,observed_historical_event
NER-2019-000324,2019-05-19 00:00:00,2019,5,0.866,-0.5,0,1,0,22.9173,92.4001,Mizoram,continuous_rain,medium,debris_flow,1298.3,36.7,395.2,2,12.51,1,observed_historical_event
NER-2017-000325,2017-04-09 00:00:00,2017,4,1.0,0.0,0,1,0,24.28371,91.70829,Tripura,none,none,non_event,296.2,17.8,204.1,3,5.68,0,constructed_pseudo_absence
NER-2017-000326,2017-05-17 00:00:00,2017,5,0.866,-0.5,0,1,0,26.31406,94.93919,Nagaland,downpour,small,rockfall,1172.7,37.3,285.6,2,38.96,1,observed_historical_event
NER-2016-000327,2016-02-12 00:00:00,2016,2,0.5,0.866,0,0,0,26.94945,92.26209,Arunachal Pradesh,none,none,non_event,2047.5,30.8,51.7,1,10.3,0,constructed_pseudo_absence
NER-2017-000328,2017-08-19 00:00:00,2017,8,-0.5,-0.866,1,0,0,25.73436,94.40665,Assam,downpour,large,landslide,525.0,19.3,312.1,0,52.99,1,observed_historical_event
NER-2020-000329,2020-06-13 00:00:00,2020,6,0.5,-0.866,1,0,0,26.92909,92.04019,Arunachal Pradesh,monsoon,medium,mudslide,2293.9,26.9,367.1,1,10.54,1,observed_historical_event
NER-2022-000330,2022-08-20 00:00:00,2022,8,-0.5,-0.866,1,0,0,24.89843,93.99496,Manipur,continuous_rain,small,rockfall,1071.0,26.5,386.5,1,32.63,1,observed_historical_event
NER-2020-000331,2020-05-19 00:00:00,2020,5,0.866,-0.5,0,1,0,26.00513,92.49476,Meghalaya,downpour,large,landslide,1410.4,30.6,832.7,1,48.6,1,observed_historical_event
NER-2019-000332,2019-10-05 00:00:00,2019,10,-1.0,-0.0,0,0,1,27.36285,88.26717,Sikkim,none,none,non_event,2232.7,43.9,230.1,3,2.66,0,constructed_pseudo_absence
NER-2014-000333,2014-05-28 00:00:00,2014,5,0.866,-0.5,0,1,0,26.94922,92.14728,Arunachal Pradesh,continuous_rain,medium,slope_failure,2053.9,38.4,300.3,1,0.92,1,observed_historical_event
NER-2018-000334,2018-08-02 00:00:00,2018,8,-0.5,-0.866,1,0,0,26.63415,93.09903,Assam,continuous_rain,small,debris_flow,388.0,18.1,399.2,1,3.26,1,observed_historical_event
NER-2021-000335,2021-10-19 00:00:00,2021,10,-1.0,-0.0,0,0,1,26.84109,94.44499,Assam,none,none,non_event,80.0,12.8,191.8,2,5.45,0,constructed_pseudo_absence
NER-2020-000336,2020-09-16 00:00:00,2020,9,-0.866,-0.5,1,0,0,23.98529,91.73943,Tripura,downpour,large,rockfall,185.9,18.4,418.0,3,17.32,1,observed_historical_event
NER-2018-000337,2018-04-05 00:00:00,2018,4,1.0,0.0,0,1,0,24.18674,90.99834,Assam,continuous_rain,medium,landslide,257.6,22.0,183.5,1,12.37,1,observed_historical_event
NER-2018-000338,2018-08-26 00:00:00,2018,8,-0.5,-0.866,1,0,0,22.34257,92.59455,Mizoram,downpour,medium,debris_flow,759.1,35.8,442.1,2,10.91,1,observed_historical_event
NER-2019-000339,2019-10-20 00:00:00,2019,10,-1.0,-0.0,0,0,1,28.66426,93.18295,Arunachal Pradesh,none,none,non_event,1907.4,35.9,148.2,0,75.78,0,constructed_pseudo_absence
NER-2018-000340,2018-04-18 00:00:00,2018,4,1.0,0.0,0,1,0,28.5301,97.27033,Arunachal Pradesh,cloudburst,medium,rockfall,2021.9,41.8,386.0,0,168.39,1,observed_historical_event
NER-2013-000341,2013-08-10 00:00:00,2013,8,-0.5,-0.866,1,0,0,27.90758,88.56442,Sikkim,none,none,non_event,2581.7,29.3,603.9,3,14.52,0,constructed_pseudo_absence
NER-2010-000342,2010-08-04 00:00:00,2010,8,-0.5,-0.866,1,0,0,24.23862,91.62086,Tripura,monsoon,small,landslide,371.7,13.5,375.5,3,6.59,1,observed_historical_event
NER-2014-000343,2014-05-11 00:00:00,2014,5,0.866,-0.5,0,1,0,26.09507,90.0531,Assam,none,none,non_event,465.5,3.5,337.9,0,123.15,0,constructed_pseudo_absence
NER-2009-000344,2009-05-15 00:00:00,2009,5,0.866,-0.5,0,1,0,24.58966,93.79651,Manipur,continuous_rain,small,debris_flow,1208.4,38.4,423.5,2,41.76,1,observed_historical_event
NER-2020-000345,2020-08-03 00:00:00,2020,8,-0.5,-0.866,1,0,0,23.46772,92.96128,Mizoram,downpour,large,slope_failure,1412.7,21.7,350.4,1,11.2,1,observed_historical_event
NER-2017-000346,2017-05-21 00:00:00,2017,5,0.866,-0.5,0,1,0,27.54617,88.60574,Sikkim,none,none,non_event,2431.5,26.2,325.5,4,24.84,0,constructed_pseudo_absence
NER-2018-000347,2018-07-19 00:00:00,2018,7,0.0,-1.0,1,0,0,26.54148,93.05863,Assam,none,none,non_event,473.7,6.9,421.6,1,8.9,0,constructed_pseudo_absence
NER-2021-000348,2021-04-06 00:00:00,2021,4,1.0,0.0,0,1,0,23.40095,92.99459,Mizoram,none,none,non_event,1292.4,34.2,211.1,1,19.78,0,constructed_pseudo_absence
NER-2022-000349,2022-06-28 00:00:00,2022,6,0.5,-0.866,1,0,0,27.47311,95.54412,Arunachal Pradesh,downpour,medium,debris_flow,2443.7,36.2,463.4,0,122.83,1,observed_historical_event
NER-2017-000350,2017-09-26 00:00:00,2017,9,-0.866,-0.5,1,0,0,25.67477,92.29425,Meghalaya,downpour,large,landslide,1393.1,26.3,476.0,2,34.6,1,observed_historical_event
NER-2013-000351,2013-04-10 00:00:00,2013,4,1.0,0.0,0,1,0,23.32263,92.29827,Tripura,none,none,non_event,156.7,24.4,135.1,1,16.53,0,constructed_pseudo_absence
NER-2022-000352,2022-06-07 00:00:00,2022,6,0.5,-0.866,1,0,0,27.4336,88.11962,Sikkim,continuous_rain,medium,mudslide,2468.1,37.1,492.0,3,8.93,1,observed_historical_event
NER-2017-000353,2017-09-09 00:00:00,2017,9,-0.866,-0.5,1,0,0,22.80438,92.39267,Mizoram,downpour,small,mudslide,936.1,30.2,267.3,1,15.34,1,observed_historical_event
NER-2009-000354,2009-10-17 00:00:00,2009,10,-1.0,-0.0,0,0,1,27.54845,88.64341,Sikkim,none,none,non_event,2398.2,35.2,157.4,4,25.69,0,constructed_pseudo_absence
NER-2018-000355,2018-04-04 00:00:00,2018,4,1.0,0.0,0,1,0,25.6761,93.32998,Nagaland,downpour,very_large,rockfall,1822.7,28.3,196.7,1,12.73,1,observed_historical_event
NER-2016-000356,2016-09-26 00:00:00,2016,9,-0.866,-0.5,1,0,0,26.77408,94.9829,Nagaland,continuous_rain,medium,landslide,1126.3,25.1,331.6,1,28.97,1,observed_historical_event
NER-2017-000357,2017-06-20 00:00:00,2017,6,0.5,-0.866,1,0,0,25.67673,91.16708,Assam,none,none,non_event,699.9,8.4,521.4,2,38.86,0,constructed_pseudo_absence
NER-2021-000358,2021-07-13 00:00:00,2021,7,0.0,-1.0,1,0,0,26.12055,93.58001,Nagaland,continuous_rain,large,rockfall,1455.7,28.8,497.7,1,43.67,1,observed_historical_event
NER-2020-000359,2020-07-25 00:00:00,2020,7,0.0,-1.0,1,0,0,22.4078,92.53839,Mizoram,continuous_rain,large,landslide,1091.2,41.6,502.7,1,15.33,1,observed_historical_event
NER-2016-000360,2016-02-18 00:00:00,2016,2,0.5,0.866,0,0,0,26.60289,94.98093,Nagaland,none,none,non_event,1574.2,42.1,6.7,1,26.65,0,constructed_pseudo_absence
NER-2022-000361,2022-04-02 00:00:00,2022,4,1.0,0.0,0,1,0,24.21484,91.61666,Tripura,none,none,non_event,297.3,3.1,186.8,3,7.71,0,constructed_pseudo_absence
NER-2021-000362,2021-06-04 00:00:00,2021,6,0.5,-0.866,1,0,0,27.7528,88.60419,Sikkim,downpour,small,slope_failure,2053.6,44.9,509.3,3,3.68,1,observed_historical_event
NER-2019-000363,2019-07-14 00:00:00,2019,7,0.0,-1.0,1,0,0,24.08183,91.53635,Tripura,downpour,medium,debris_flow,233.6,24.8,435.3,3,16.63,1,observed_historical_event
NER-2019-000364,2019-05-21 00:00:00,2019,5,0.866,-0.5,0,1,0,25.29558,94.51268,Manipur,none,none,non_event,1175.0,34.3,233.4,0,86.38,0,constructed_pseudo_absence
NER-2018-000365,2018-03-26 00:00:00,2018,3,0.866,0.5,0,0,0,25.05131,93.53255,Assam,none,none,non_event,80.0,4.2,66.2,3,13.86,0,constructed_pseudo_absence
NER-2020-000366,2020-04-01 00:00:00,2020,4,1.0,0.0,0,1,0,23.72596,91.32385,Tripura,none,none,non_event,80.0,10.9,225.2,2,35.18,0,constructed_pseudo_absence
NER-2018-000367,2018-07-08 00:00:00,2018,7,0.0,-1.0,1,0,0,27.82184,88.5216,Sikkim,downpour,medium,mudslide,2468.9,37.2,560.9,4,8.0,1,observed_historical_event
NER-2016-000368,2016-05-27 00:00:00,2016,5,0.866,-0.5,0,1,0,24.93597,93.36308,Assam,none,none,non_event,505.8,8.9,229.0,4,10.01,0,constructed_pseudo_absence
NER-2016-000369,2016-11-16 00:00:00,2016,11,-0.866,0.5,0,0,1,26.76045,96.78938,Arunachal Pradesh,none,none,non_event,1832.8,34.1,72.6,0,206.36,0,constructed_pseudo_absence
NER-2020-000370,2020-08-04 00:00:00,2020,8,-0.5,-0.866,1,0,0,29.16432,94.98363,Arunachal Pradesh,continuous_rain,medium,mudslide,1960.3,35.0,385.1,1,20.02,1,observed_historical_event
NER-2017-000371,2017-11-15 00:00:00,2017,11,-0.866,0.5,0,0,1,29.08099,95.07524,Arunachal Pradesh,none,none,non_event,1982.0,25.6,24.7,1,10.39,0,constructed_pseudo_absence
NER-2022-000372,2022-06-21 00:00:00,2022,6,0.5,-0.866,1,0,0,23.8693,92.10977,Tripura,none,none,non_event,435.2,15.4,381.6,0,52.65,0,constructed_pseudo_absence
NER-2009-000373,2009-07-08 00:00:00,2009,7,0.0,-1.0,1,0,0,22.91002,93.29175,Mizoram,downpour,large,rockfall,1179.6,30.9,535.4,1,29.94,1,observed_historical_event
NER-2018-000374,2018-09-27 00:00:00,2018,9,-0.866,-0.5,1,0,0,26.08505,94.70019,Nagaland,downpour,small,rockfall,1822.5,31.7,344.2,1,17.33,1,observed_historical_event
NER-2016-000375,2016-08-21 00:00:00,2016,8,-0.5,-0.866,1,0,0,23.53841,93.14922,Mizoram,continuous_rain,very_large,mudslide,1034.0,39.5,425.2,1,23.86,1,observed_historical_event
NER-2022-000376,2022-08-09 00:00:00,2022,8,-0.5,-0.866,1,0,0,22.4587,92.55239,Mizoram,none,none,non_event,1204.6,33.8,377.1,3,15.78,0,constructed_pseudo_absence
NER-2011-000377,2011-10-15 00:00:00,2011,10,-1.0,-0.0,0,0,1,27.48938,88.32924,Sikkim,continuous_rain,medium,rockfall,2665.9,27.6,270.1,5,11.25,1,observed_historical_event
NER-2017-000378,2017-05-28 00:00:00,2017,5,0.866,-0.5,0,1,0,25.13819,94.40259,Assam,downpour,small,mudslide,296.4,18.4,226.9,0,74.95,1,observed_historical_event
NER-2019-000379,2019-10-12 00:00:00,2019,10,-1.0,-0.0,0,0,1,25.02975,93.15433,Manipur,continuous_rain,medium,landslide,716.7,25.6,248.0,3,7.57,1,observed_historical_event
NER-2017-000380,2017-07-12 00:00:00,2017,7,0.0,-1.0,1,0,0,28.03629,88.87213,Sikkim,downpour,medium,slope_failure,2552.3,28.9,441.0,1,39.69,1,observed_historical_event
NER-2020-000381,2020-07-11 00:00:00,2020,7,0.0,-1.0,1,0,0,26.98257,93.37217,Arunachal Pradesh,monsoon,medium,rockfall,2396.7,26.4,432.5,1,49.45,1,observed_historical_event
NER-2019-000382,2019-09-11 00:00:00,2019,9,-0.866,-0.5,1,0,0,24.73342,94.71009,Manipur,downpour,medium,mudslide,1411.0,31.6,291.4,0,106.25,1,observed_historical_event
NER-2019-000383,2019-02-12 00:00:00,2019,2,0.5,0.866,0,0,0,26.20954,94.16974,Nagaland,none,none,non_event,1723.6,29.9,18.3,1,38.94,0,constructed_pseudo_absence
NER-2021-000384,2021-07-19 00:00:00,2021,7,0.0,-1.0,1,0,0,23.80784,94.38033,Manipur,downpour,very_large,landslide,1262.2,30.9,346.3,0,89.5,1,observed_historical_event
NER-2016-000385,2016-06-23 00:00:00,2016,6,0.5,-0.866,1,0,0,23.08054,93.34624,Mizoram,none,none,non_event,1372.2,27.5,678.3,0,49.83,0,constructed_pseudo_absence
NER-2016-000386,2016-09-10 00:00:00,2016,9,-0.866,-0.5,1,0,0,28.87179,95.47877,Arunachal Pradesh,downpour,small,rockfall,2266.2,40.6,362.9,2,9.61,1,observed_historical_event
NER-2019-000387,2019-09-24 00:00:00,2019,9,-0.866,-0.5,1,0,0,27.49929,95.54128,Arunachal Pradesh,continuous_rain,medium,rockfall,2500.8,38.5,445.9,0,125.45,1,observed_historical_event
NER-2020-000388,2020-05-21 00:00:00,2020,5,0.866,-0.5,0,1,0,26.66867,94.46997,Nagaland,downpour,medium,landslide,1341.1,29.2,406.0,2,24.22,1,observed_historical_event
NER-2017-000389,2017-08-10 00:00:00,2017,8,-0.5,-0.866,1,0,0,24.79387,93.53187,Manipur,continuous_rain,medium,debris_flow,1290.2,26.9,318.3,3,25.0,1,observed_historical_event
NER-2016-000390,2016-04-22 00:00:00,2016,4,1.0,0.0,0,1,0,24.3116,90.99259,Assam,none,none,non_event,542.0,23.5,165.5,1,2.44,0,constructed_pseudo_absence
NER-2010-000391,2010-05-03 00:00:00,2010,5,0.866,-0.5,0,1,0,23.47054,93.24594,Mizoram,continuous_rain,large,slope_failure,1379.3,37.7,251.0,1,35.57,1,observed_historical_event
NER-2021-000392,2021-08-26 00:00:00,2021,8,-0.5,-0.866,1,0,0,22.67514,93.27573,Mizoram,downpour,large,slope_failure,1188.7,31.2,365.3,2,4.83,1,observed_historical_event
NER-2016-000393,2016-04-05 00:00:00,2016,4,1.0,0.0,0,1,0,23.61243,91.68206,Tripura,downpour,small,rockfall,154.1,22.7,119.1,2,34.84,1,observed_historical_event
NER-2019-000394,2019-07-19 00:00:00,2019,7,0.0,-1.0,1,0,0,25.57703,94.62913,Manipur,downpour,medium,rockfall,1316.1,31.2,381.2,0,68.7,1,observed_historical_event
NER-2019-000395,2019-01-10 00:00:00,2019,1,0.0,1.0,0,0,0,23.12003,92.72573,Mizoram,none,none,non_event,872.7,23.9,55.6,1,34.39,0,constructed_pseudo_absence
NER-2019-000396,2019-11-27 00:00:00,2019,11,-0.866,0.5,0,0,1,25.03975,93.64846,Manipur,continuous_rain,small,mudslide,764.9,29.9,34.8,3,6.64,1,observed_historical_event
NER-2019-000397,2019-06-07 00:00:00,2019,6,0.5,-0.866,1,0,0,27.99712,91.96036,Assam,none,none,non_event,710.9,13.1,334.2,0,67.29,0,constructed_pseudo_absence
NER-2016-000398,2016-07-16 00:00:00,2016,7,0.0,-1.0,1,0,0,26.63437,92.99039,Assam,none,none,non_event,666.7,3.0,754.2,1,13.91,0,constructed_pseudo_absence
NER-2015-000399,2015-09-27 00:00:00,2015,9,-0.866,-0.5,1,0,0,28.07339,88.7144,Sikkim,downpour,small,debris_flow,2166.7,28.3,279.8,1,34.59,1,observed_historical_event
NER-2022-000400,2022-07-24 00:00:00,2022,7,0.0,-1.0,1,0,0,24.09316,93.65473,Manipur,monsoon,medium,debris_flow,931.5,32.6,388.8,3,10.43,1,observed_historical_event
NER-2021-000401,2021-08-12 00:00:00,2021,8,-0.5,-0.866,1,0,0,25.05726,94.4452,Assam,cloudburst,medium,debris_flow,80.0,18.9,269.7,0,77.99,1,observed_historical_event
NER-2021-000402,2021-09-03 00:00:00,2021,9,-0.866,-0.5,1,0,0,29.17229,93.59833,Arunachal Pradesh,road_cutting,very_large,slope_failure,1885.2,28.1,298.8,1,14.83,1,observed_historical_event
NER-2018-000403,2018-10-01 00:00:00,2018,10,-1.0,-0.0,0,0,1,25.5104,94.09872,Manipur,none,none,non_event,957.2,24.1,150.8,1,41.07,0,constructed_pseudo_absence
NER-2014-000404,2014-08-10 00:00:00,2014,8,-0.5,-0.866,1,0,0,22.32707,92.79033,Mizoram,continuous_rain,medium,mudslide,881.3,20.4,854.9,2,13.61,1,observed_historical_event
NER-2022-000405,2022-06-14 00:00:00,2022,6,0.5,-0.866,1,0,0,24.00984,93.1079,Manipur,downpour,medium,rockfall,979.4,30.2,416.2,2,36.39,1,observed_historical_event
NER-2018-000406,2018-08-27 00:00:00,2018,8,-0.5,-0.866,1,0,0,25.73968,91.94305,Meghalaya,downpour,medium,rockfall,1607.4,34.3,559.3,3,9.37,1,observed_historical_event
NER-2017-000407,2017-07-15 00:00:00,2017,7,0.0,-1.0,1,0,0,27.42479,88.22809,Sikkim,none,none,non_event,2401.7,35.8,508.0,3,8.41,0,constructed_pseudo_absence
NER-2017-000408,2017-07-16 00:00:00,2017,7,0.0,-1.0,1,0,0,25.43289,94.6386,Nagaland,downpour,large,slope_failure,1398.3,29.7,360.9,0,85.53,1,observed_historical_event
NER-2017-000409,2017-04-10 00:00:00,2017,4,1.0,0.0,0,1,0,24.37619,93.87467,Manipur,none,none,non_event,1497.4,18.2,206.9,2,33.86,0,constructed_pseudo_absence
NER-2020-000410,2020-06-28 00:00:00,2020,6,0.5,-0.866,1,0,0,24.18773,91.61307,Tripura,none,none,non_event,338.8,3.9,372.9,3,11.41,0,constructed_pseudo_absence
NER-2021-000411,2021-06-28 00:00:00,2021,6,0.5,-0.866,1,0,0,23.0429,91.84972,Tripura,continuous_rain,small,landslide,328.3,18.4,601.6,1,41.41,1,observed_historical_event
NER-2022-000412,2022-08-10 00:00:00,2022,8,-0.5,-0.866,1,0,0,27.17997,88.52545,Sikkim,continuous_rain,large,landslide,2341.9,41.9,493.8,1,31.5,1,observed_historical_event
NER-2021-000413,2021-09-19 00:00:00,2021,9,-0.866,-0.5,1,0,0,25.81204,91.46614,Meghalaya,downpour,small,landslide,1484.6,29.9,361.4,4,9.4,1,observed_historical_event
NER-2017-000414,2017-05-03 00:00:00,2017,5,0.866,-0.5,0,1,0,26.93832,92.12616,Arunachal Pradesh,monsoon,small,landslide,2137.0,37.7,409.1,1,2.12,1,observed_historical_event
NER-2020-000415,2020-05-17 00:00:00,2020,5,0.866,-0.5,0,1,0,25.42355,90.14524,Meghalaya,monsoon,small,slope_failure,1339.3,34.1,397.2,0,130.07,1,observed_historical_event
NER-2021-000416,2021-08-10 00:00:00,2021,8,-0.5,-0.866,1,0,0,25.49058,92.33883,Meghalaya,cloudburst,very_large,slope_failure,1048.4,26.4,461.5,1,29.95,1,observed_historical_event
NER-2017-000417,2017-01-16 00:00:00,2017,1,0.0,1.0,0,0,0,24.07736,93.40627,Manipur,none,none,non_event,1108.5,28.5,12.4,3,8.64,0,constructed_pseudo_absence
NER-2021-000418,2021-04-05 00:00:00,2021,4,1.0,0.0,0,1,0,25.69776,94.5809,Manipur,none,none,non_event,1425.3,28.2,252.4,0,55.16,0,constructed_pseudo_absence
NER-2021-000419,2021-11-11 00:00:00,2021,11,-0.866,0.5,0,0,1,23.28697,91.60275,Tripura,none,none,non_event,353.6,26.5,35.2,1,17.82,0,constructed_pseudo_absence
NER-2020-000420,2020-03-21 00:00:00,2020,3,0.866,0.5,0,0,0,23.76184,92.17109,Tripura,none,none,non_event,102.4,16.8,71.0,0,52.15,0,constructed_pseudo_absence
NER-2018-000421,2018-10-15 00:00:00,2018,10,-1.0,-0.0,0,0,1,27.6999,88.04557,Sikkim,none,none,non_event,2251.8,29.9,183.6,4,11.35,0,constructed_pseudo_absence
NER-2021-000422,2021-08-07 00:00:00,2021,8,-0.5,-0.866,1,0,0,27.95779,88.24791,Sikkim,downpour,medium,landslide,2458.7,31.8,373.3,3,7.04,1,observed_historical_event
NER-2012-000423,2012-05-22 00:00:00,2012,5,0.866,-0.5,0,1,0,25.78459,91.43696,Meghalaya,none,none,non_event,1402.4,22.0,404.1,3,13.58,0,constructed_pseudo_absence
NER-2021-000424,2021-07-16 00:00:00,2021,7,0.0,-1.0,1,0,0,26.92575,94.44995,Nagaland,continuous_rain,small,mudslide,1262.8,28.3,505.2,2,5.21,1,observed_historical_event
NER-2011-000425,2011-04-10 00:00:00,2011,4,1.0,0.0,0,1,0,25.09274,92.89749,Assam,none,none,non_event,571.2,15.7,281.7,2,9.38,0,constructed_pseudo_absence
NER-2017-000426,2017-10-25 00:00:00,2017,10,-1.0,-0.0,0,0,1,23.04018,92.3148,Mizoram,none,none,non_event,1200.2,31.6,310.9,2,26.9,0,constructed_pseudo_absence
NER-2022-000427,2022-06-10 00:00:00,2022,6,0.5,-0.866,1,0,0,27.85233,92.10078,Arunachal Pradesh,monsoon,medium,slope_failure,2234.0,28.6,578.0,1,45.8,1,observed_historical_event
NER-2019-000428,2019-09-20 00:00:00,2019,9,-0.866,-0.5,1,0,0,26.81483,94.5083,Nagaland,continuous_rain,medium,debris_flow,1080.8,30.5,368.4,2,7.26,1,observed_historical_event
NER-2019-000429,2019-05-05 00:00:00,2019,5,0.866,-0.5,0,1,0,22.99679,91.474,Tripura,downpour,medium,debris_flow,459.2,15.5,321.4,1,42.24,1,observed_historical_event
NER-2021-000430,2021-08-02 00:00:00,2021,8,-0.5,-0.866,1,0,0,27.5615,88.10439,Sikkim,continuous_rain,very_large,slope_failure,2459.3,44.0,754.7,4,9.03,1,observed_historical_event
NER-2019-000431,2019-06-04 00:00:00,2019,6,0.5,-0.866,1,0,0,22.70871,92.5141,Mizoram,monsoon,large,rockfall,1039.8,29.4,446.3,2,20.53,1,observed_historical_event
NER-2018-000432,2018-02-04 00:00:00,2018,2,0.5,0.866,0,0,0,22.44708,93.12891,Mizoram,none,none,non_event,943.6,32.9,30.9,3,11.79,0,constructed_pseudo_absence
NER-2017-000433,2017-04-01 00:00:00,2017,4,1.0,0.0,0,1,0,23.56924,92.90036,Mizoram,downpour,large,mudslide,1236.1,20.1,281.7,1,1.4,1,observed_historical_event
NER-2017-000434,2017-08-07 00:00:00,2017,8,-0.5,-0.866,1,0,0,26.56947,93.2013,Assam,downpour,small,debris_flow,467.4,13.1,470.4,1,8.2,1,observed_historical_event
NER-2016-000435,2016-08-26 00:00:00,2016,8,-0.5,-0.866,1,0,0,23.0038,91.71034,Tripura,none,none,non_event,398.2,4.4,344.9,1,48.55,0,constructed_pseudo_absence
NER-2019-000436,2019-07-19 00:00:00,2019,7,0.0,-1.0,1,0,0,23.33872,91.40258,Tripura,downpour,large,debris_flow,230.9,5.4,349.7,1,5.5,1,observed_historical_event
NER-2017-000437,2017-07-15 00:00:00,2017,7,0.0,-1.0,1,0,0,23.8373,91.63585,Tripura,continuous_rain,medium,landslide,424.5,11.4,422.7,3,9.29,1,observed_historical_event
NER-2017-000438,2017-03-03 00:00:00,2017,3,0.866,0.5,0,0,0,27.21116,89.89002,Assam,none,none,non_event,193.4,18.0,82.4,1,5.71,0,constructed_pseudo_absence
NER-2018-000439,2018-05-12 00:00:00,2018,5,0.866,-0.5,0,1,0,24.56724,93.73037,Manipur,none,none,non_event,1019.6,20.5,232.7,2,34.73,0,constructed_pseudo_absence
NER-2017-000440,2017-07-17 00:00:00,2017,7,0.0,-1.0,1,0,0,25.60788,91.20621,Meghalaya,continuous_rain,medium,slope_failure,1477.8,20.1,568.8,2,31.27,1,observed_historical_event
NER-2017-000441,2017-06-24 00:00:00,2017,6,0.5,-0.866,1,0,0,29.23987,93.58905,Arunachal Pradesh,monsoon,large,mudslide,2082.8,25.6,583.3,1,7.49,1,observed_historical_event
NER-2011-000442,2011-10-03 00:00:00,2011,10,-1.0,-0.0,0,0,1,26.12057,94.57512,Nagaland,monsoon,medium,landslide,1705.8,23.4,157.7,1,7.28,1,observed_historical_event
NER-2014-000443,2014-05-08 00:00:00,2014,5,0.866,-0.5,0,1,0,27.2198,89.85136,Assam,continuous_rain,medium,landslide,262.5,18.7,345.8,1,2.22,1,observed_historical_event
NER-2012-000444,2012-06-23 00:00:00,2012,6,0.5,-0.866,1,0,0,27.06047,94.89304,Arunachal Pradesh,continuous_rain,large,slope_failure,2132.3,41.6,587.6,2,45.7,1,observed_historical_event
NER-2020-000445,2020-02-03 00:00:00,2020,2,0.5,0.866,0,0,0,24.19247,91.78512,Tripura,none,none,non_event,80.0,19.1,49.6,3,15.47,0,constructed_pseudo_absence
NER-2021-000446,2021-04-19 00:00:00,2021,4,1.0,0.0,0,1,0,26.8937,94.64943,Nagaland,downpour,medium,slope_failure,1480.3,43.9,211.3,2,16.5,1,observed_historical_event
NER-2020-000447,2020-08-11 00:00:00,2020,8,-0.5,-0.866,1,0,0,24.29653,91.10791,Assam,none,none,non_event,747.6,9.6,387.6,2,10.12,0,constructed_pseudo_absence
NER-2018-000448,2018-04-05 00:00:00,2018,4,1.0,0.0,0,1,0,25.63654,93.45745,Nagaland,downpour,small,landslide,1580.0,38.0,318.8,2,4.02,1,observed_historical_event
NER-2019-000449,2019-04-22 00:00:00,2019,4,1.0,0.0,0,1,0,26.74179,90.66703,Assam,none,none,non_event,464.1,21.9,130.5,0,96.63,0,constructed_pseudo_absence
NER-2018-000450,2018-06-20 00:00:00,2018,6,0.5,-0.866,1,0,0,25.03537,93.21167,Assam,downpour,medium,mudslide,113.9,8.3,266.1,4,7.62,1,observed_historical_event
NER-2016-000451,2016-06-04 00:00:00,2016,6,0.5,-0.866,1,0,0,27.53577,95.19804,Arunachal Pradesh,downpour,small,debris_flow,2325.0,23.6,448.9,0,100.18,1,observed_historical_event
NER-2016-000452,2016-08-09 00:00:00,2016,8,-0.5,-0.866,1,0,0,25.40588,90.00199,Meghalaya,road_cutting,large,mudslide,1045.1,26.8,600.8,0,145.11,1,observed_historical_event
NER-2022-000453,2022-08-11 00:00:00,2022,8,-0.5,-0.866,1,0,0,26.76597,94.70288,Nagaland,continuous_rain,medium,landslide,1469.2,31.5,646.4,2,13.64,1,observed_historical_event
NER-2021-000454,2021-06-08 00:00:00,2021,6,0.5,-0.866,1,0,0,24.3337,92.0595,Assam,cloudburst,medium,debris_flow,755.7,18.6,363.3,1,41.23,1,observed_historical_event
NER-2022-000455,2022-02-26 00:00:00,2022,2,0.5,0.866,0,0,0,23.58492,92.54615,Mizoram,none,none,non_event,1172.7,23.5,34.8,1,37.95,0,constructed_pseudo_absence
NER-2019-000456,2019-07-06 00:00:00,2019,7,0.0,-1.0,1,0,0,25.91191,91.98,Meghalaya,continuous_rain,medium,mudslide,1316.6,21.2,1401.6,3,9.54,1,observed_historical_event
NER-2019-000457,2019-06-24 00:00:00,2019,6,0.5,-0.866,1,0,0,25.04263,93.44871,Assam,road_cutting,medium,mudslide,232.7,19.9,394.2,3,5.39,1,observed_historical_event
NER-2021-000458,2021-06-05 00:00:00,2021,6,0.5,-0.866,1,0,0,26.62841,93.33764,Nagaland,continuous_rain,small,rockfall,1746.2,29.9,583.3,1,20.69,1,observed_historical_event
NER-2020-000459,2020-07-11 00:00:00,2020,7,0.0,-1.0,1,0,0,24.13128,93.71261,Manipur,downpour,medium,rockfall,1144.6,23.4,562.9,3,18.11,1,observed_historical_event
NER-2016-000460,2016-12-04 00:00:00,2016,12,-0.5,0.866,0,0,0,27.26592,89.95532,Assam,none,none,non_event,117.3,5.5,2.0,1,14.17,0,constructed_pseudo_absence
NER-2019-000461,2019-08-08 00:00:00,2019,8,-0.5,-0.866,1,0,0,27.69426,88.50176,Sikkim,continuous_rain,large,mudslide,2223.4,26.0,440.1,5,12.07,1,observed_historical_event
NER-2020-000462,2020-11-03 00:00:00,2020,11,-0.866,0.5,0,0,1,26.2254,94.53,Nagaland,none,none,non_event,1344.9,31.6,2.0,1,5.26,0,constructed_pseudo_absence
NER-2020-000463,2020-08-12 00:00:00,2020,8,-0.5,-0.866,1,0,0,25.14918,91.02001,Assam,monsoon,medium,rockfall,533.5,3.0,321.5,0,52.88,1,observed_historical_event
NER-2018-000464,2018-05-05 00:00:00,2018,5,0.866,-0.5,0,1,0,26.15246,94.56321,Nagaland,none,none,non_event,1583.8,24.3,236.1,1,3.68,0,constructed_pseudo_absence
NER-2020-000465,2020-03-21 00:00:00,2020,3,0.866,0.5,0,0,0,23.95306,91.61681,Tripura,none,none,non_event,566.9,19.1,18.2,3,3.51,0,constructed_pseudo_absence
NER-2020-000466,2020-08-13 00:00:00,2020,8,-0.5,-0.866,1,0,0,28.08624,88.69716,Sikkim,road_cutting,large,debris_flow,2223.1,31.6,451.8,1,36.85,1,observed_historical_event
NER-2009-000467,2009-01-28 00:00:00,2009,1,0.0,1.0,0,0,0,23.78557,93.26556,Mizoram,downpour,medium,rockfall,1209.0,39.8,21.6,3,35.5,1,observed_historical_event
NER-2021-000468,2021-10-27 00:00:00,2021,10,-1.0,-0.0,0,0,1,25.58872,91.29473,Meghalaya,none,none,non_event,1207.6,17.6,129.8,3,22.96,0,constructed_pseudo_absence
NER-2009-000469,2009-08-10 00:00:00,2009,8,-0.5,-0.866,1,0,0,24.03911,92.14383,Tripura,monsoon,very_large,rockfall,189.0,4.4,500.4,0,55.22,1,observed_historical_event
NER-2017-000470,2017-08-22 00:00:00,2017,8,-0.5,-0.866,1,0,0,25.11602,92.78008,Meghalaya,continuous_rain,large,landslide,1389.2,23.0,579.5,2,16.2,1,observed_historical_event
NER-2021-000471,2021-06-08 00:00:00,2021,6,0.5,-0.866,1,0,0,24.12614,91.82082,Tripura,continuous_rain,large,mudslide,80.0,18.7,489.7,3,24.03,1,observed_historical_event
NER-2020-000472,2020-10-24 00:00:00,2020,10,-1.0,-0.0,0,0,1,26.33407,90.50273,Assam,none,none,non_event,103.1,9.9,162.9,0,112.73,0,constructed_pseudo_absence
NER-2022-000473,2022-08-26 00:00:00,2022,8,-0.5,-0.866,1,0,0,22.3602,92.65895,Mizoram,continuous_rain,small,debris_flow,825.7,29.6,435.2,2,3.57,1,observed_historical_event
NER-2018-000474,2018-07-23 00:00:00,2018,7,0.0,-1.0,1,0,0,27.35976,88.18981,Sikkim,downpour,medium,mudslide,2090.2,37.4,569.9,3,11.39,1,observed_historical_event
NER-2010-000475,2010-09-24 00:00:00,2010,9,-0.866,-0.5,1,0,0,27.48443,88.28943,Sikkim,downpour,medium,mudslide,2550.8,34.0,755.4,5,11.26,1,observed_historical_event
NER-2018-000476,2018-08-19 00:00:00,2018,8,-0.5,-0.866,1,0,0,25.29742,95.07569,Nagaland,downpour,large,mudslide,1689.9,30.6,396.8,0,112.61,1,observed_historical_event
NER-2022-000477,2022-04-14 00:00:00,2022,4,1.0,0.0,0,1,0,24.75607,90.05489,Assam,none,none,non_event,472.6,13.1,291.4,0,109.15,0,constructed_pseudo_absence
NER-2016-000478,2016-05-16 00:00:00,2016,5,0.866,-0.5,0,1,0,25.91638,93.82238,Nagaland,continuous_rain,small,rockfall,1346.1,37.0,364.9,2,13.57,1,observed_historical_event
NER-2016-000479,2016-07-22 00:00:00,2016,7,0.0,-1.0,1,0,0,24.97725,93.39716,Assam,road_cutting,medium,debris_flow,438.6,18.7,478.2,3,4.04,1,observed_historical_event
NER-2021-000480,2021-10-26 00:00:00,2021,10,-1.0,-0.0,0,0,1,25.02178,93.37977,Assam,none,none,non_event,306.6,19.6,148.8,3,1.81,0,constructed_pseudo_absence
NER-2017-000481,2017-11-04 00:00:00,2017,11,-0.866,0.5,0,0,1,27.1921,89.83186,Assam,none,none,non_event,358.6,22.5,2.0,1,0.4,0,constructed_pseudo_absence
NER-2012-000482,2012-06-18 00:00:00,2012,6,0.5,-0.866,1,0,0,25.00922,92.90726,Assam,downpour,large,debris_flow,484.3,4.4,388.3,3,2.46,1,observed_historical_event
NER-2017-000483,2017-04-28 00:00:00,2017,4,1.0,0.0,0,1,0,28.05529,88.56182,Sikkim,downpour,large,rockfall,2306.1,43.0,159.9,2,30.69,1,observed_historical_event
NER-2016-000484,2016-07-09 00:00:00,2016,7,0.0,-1.0,1,0,0,28.62073,92.6365,Arunachal Pradesh,road_cutting,medium,landslide,1679.4,42.9,669.9,0,111.7,1,observed_historical_event
NER-2016-000485,2016-08-14 00:00:00,2016,8,-0.5,-0.866,1,0,0,25.05086,93.22802,Manipur,downpour,small,landslide,959.8,28.3,321.3,4,8.52,1,observed_historical_event
NER-2022-000486,2022-07-17 00:00:00,2022,7,0.0,-1.0,1,0,0,25.04785,93.6079,Manipur,continuous_rain,very_large,slope_failure,752.0,19.4,374.0,3,10.38,1,observed_historical_event
NER-2021-000487,2021-07-05 00:00:00,2021,7,0.0,-1.0,1,0,0,27.01374,94.84861,Arunachal Pradesh,continuous_rain,medium,rockfall,2197.7,46.6,504.2,2,38.93,1,observed_historical_event
NER-2018-000488,2018-10-17 00:00:00,2018,10,-1.0,-0.0,0,0,1,24.31022,92.07683,Tripura,none,none,non_event,531.2,24.9,187.2,1,41.67,0,constructed_pseudo_absence
NER-2010-000489,2010-07-03 00:00:00,2010,7,0.0,-1.0,1,0,0,25.60958,91.27855,Meghalaya,continuous_rain,very_large,slope_failure,1390.0,16.9,663.6,3,25.14,1,observed_historical_event
NER-2021-000490,2021-07-12 00:00:00,2021,7,0.0,-1.0,1,0,0,27.49916,88.14782,Sikkim,downpour,small,debris_flow,2438.0,43.7,886.9,4,1.72,1,observed_historical_event
NER-2018-000491,2018-11-11 00:00:00,2018,11,-0.866,0.5,0,0,1,23.29962,91.74694,Tripura,none,none,non_event,80.0,9.5,28.7,2,32.14,0,constructed_pseudo_absence
NER-2008-000492,2008-10-20 00:00:00,2008,10,-1.0,-0.0,0,0,1,25.06325,89.81767,Meghalaya,downpour,medium,mudslide,1251.4,34.5,143.6,0,147.52,1,observed_historical_event
NER-2019-000493,2019-01-25 00:00:00,2019,1,0.0,1.0,0,0,0,27.25568,93.83262,Arunachal Pradesh,none,none,non_event,2026.0,32.8,21.2,0,76.86,0,constructed_pseudo_absence
NER-2019-000494,2019-01-28 00:00:00,2019,1,0.0,1.0,0,0,0,26.92093,93.18091,Arunachal Pradesh,none,none,non_event,1984.3,39.8,51.0,1,36.52,0,constructed_pseudo_absence
NER-2019-000495,2019-09-23 00:00:00,2019,9,-0.866,-0.5,1,0,0,25.48507,93.45245,Nagaland,continuous_rain,medium,mudslide,1287.6,21.7,272.2,1,19.48,1,observed_historical_event
NER-2020-000496,2020-08-14 00:00:00,2020,8,-0.5,-0.866,1,0,0,23.42048,92.92108,Mizoram,road_cutting,small,rockfall,1475.4,38.7,428.5,1,15.77,1,observed_historical_event
NER-2020-000497,2020-07-07 00:00:00,2020,7,0.0,-1.0,1,0,0,26.40567,93.69721,Assam,continuous_rain,small,landslide,261.2,19.0,410.7,0,61.02,1,observed_historical_event
NER-2017-000498,2017-05-14 00:00:00,2017,5,0.866,-0.5,0,1,0,24.9573,93.69526,Manipur,downpour,small,debris_flow,1118.7,25.8,422.6,2,3.64,1,observed_historical_event
NER-2020-000499,2020-03-06 00:00:00,2020,3,0.866,0.5,0,0,0,24.23575,91.71038,Tripura,none,none,non_event,186.3,21.7,76.4,3,7.69,0,constructed_pseudo_absence
NER-2018-000500,2018-05-13 00:00:00,2018,5,0.866,-0.5,0,1,0,22.97836,92.60586,Mizoram,cloudburst,small,slope_failure,1259.5,38.0,476.5,1,14.46,1,observed_historical_event
NER-2022-000501,2022-05-24 00:00:00,2022,5,0.866,-0.5,0,1,0,24.32366,93.65748,Manipur,continuous_rain,medium,rockfall,1334.6,34.2,391.6,3,11.18,1,observed_historical_event
NER-2020-000502,2020-08-06 00:00:00,2020,8,-0.5,-0.866,1,0,0,26.45407,93.54498,Nagaland,none,none,non_event,1271.6,25.8,532.3,1,44.88,0,constructed_pseudo_absence
NER-2022-000503,2022-07-18 00:00:00,2022,7,0.0,-1.0,1,0,0,25.66331,91.41041,Assam,none,none,non_event,553.4,20.6,351.3,3,25.59,0,constructed_pseudo_absence
NER-2017-000504,2017-06-09 00:00:00,2017,6,0.5,-0.866,1,0,0,24.12511,93.0821,Manipur,none,none,non_event,833.8,21.1,344.9,2,40.4,0,constructed_pseudo_absence
NER-2011-000505,2011-07-01 00:00:00,2011,7,0.0,-1.0,1,0,0,25.69595,92.71666,Meghalaya,downpour,very_large,landslide,1362.3,44.0,1112.7,1,16.41,1,observed_historical_event
NER-2009-000506,2009-08-23 00:00:00,2009,8,-0.5,-0.866,1,0,0,24.11334,93.38976,Manipur,monsoon,small,mudslide,1047.6,20.3,298.8,3,12.66,1,observed_historical_event
NER-2019-000507,2019-03-06 00:00:00,2019,3,0.866,0.5,0,0,0,26.22594,94.64998,Nagaland,none,none,non_event,1670.1,34.3,65.5,2,9.21,0,constructed_pseudo_absence
NER-2019-000508,2019-05-21 00:00:00,2019,5,0.866,-0.5,0,1,0,24.49091,93.0187,Assam,none,none,non_event,300.4,3.0,270.7,0,59.87,0,constructed_pseudo_absence
NER-2022-000509,2022-03-05 00:00:00,2022,3,0.866,0.5,0,0,0,27.67962,88.72354,Sikkim,none,none,non_event,2227.3,37.7,99.1,1,16.14,0,constructed_pseudo_absence
NER-2018-000510,2018-06-05 00:00:00,2018,6,0.5,-0.866,1,0,0,23.33079,91.34157,Tripura,downpour,large,landslide,148.1,19.0,295.5,1,12.29,1,observed_historical_event
NER-2021-000511,2021-06-23 00:00:00,2021,6,0.5,-0.866,1,0,0,24.01358,93.30521,Manipur,cloudburst,large,landslide,1354.6,32.7,604.3,3,16.4,1,observed_historical_event
NER-2017-000512,2017-09-22 00:00:00,2017,9,-0.866,-0.5,1,0,0,29.26276,93.54913,Arunachal Pradesh,downpour,large,mudslide,2205.2,24.8,589.0,1,2.97,1,observed_historical_event
NER-2016-000513,2016-07-24 00:00:00,2016,7,0.0,-1.0,1,0,0,23.27686,92.18037,Tripura,continuous_rain,small,mudslide,80.0,4.3,378.7,1,4.55,1,observed_historical_event
NER-2019-000514,2019-07-27 00:00:00,2019,7,0.0,-1.0,1,0,0,23.22224,92.10212,Tripura,road_cutting,small,slope_failure,80.0,17.6,557.3,1,8.14,1,observed_historical_event
NER-2018-000515,2018-06-28 00:00:00,2018,6,0.5,-0.866,1,0,0,27.29414,91.55659,Assam,downpour,small,mudslide,459.0,20.2,810.7,0,70.83,1,observed_historical_event
NER-2019-000516,2019-06-23 00:00:00,2019,6,0.5,-0.866,1,0,0,27.64504,88.23755,Sikkim,monsoon,small,mudslide,2141.6,34.4,490.0,5,8.99,1,observed_historical_event
NER-2021-000517,2021-10-16 00:00:00,2021,10,-1.0,-0.0,0,0,1,29.17642,93.55828,Arunachal Pradesh,none,none,non_event,1962.7,29.4,106.2,1,11.96,0,constructed_pseudo_absence
NER-2021-000518,2021-10-15 00:00:00,2021,10,-1.0,-0.0,0,0,1,26.69313,95.04639,Nagaland,road_cutting,small,mudslide,1436.5,24.4,173.2,1,32.93,1,observed_historical_event
NER-2017-000519,2017-09-18 00:00:00,2017,9,-0.866,-0.5,1,0,0,27.13107,88.63856,Sikkim,continuous_rain,small,landslide,2212.6,30.5,372.3,1,43.81,1,observed_historical_event
NER-2018-000520,2018-04-04 00:00:00,2018,4,1.0,0.0,0,1,0,22.56718,92.69155,Mizoram,downpour,very_large,rockfall,1151.7,38.7,302.9,3,19.64,1,observed_historical_event
NER-2012-000521,2012-11-17 00:00:00,2012,11,-0.866,0.5,0,0,1,27.87549,87.99306,Sikkim,none,none,non_event,2700.9,31.7,40.9,3,21.91,0,constructed_pseudo_absence
NER-2022-000522,2022-09-10 00:00:00,2022,9,-0.866,-0.5,1,0,0,25.76521,93.50785,Nagaland,none,none,non_event,1496.5,24.2,264.4,2,12.64,0,constructed_pseudo_absence
NER-2017-000523,2017-06-12 00:00:00,2017,6,0.5,-0.866,1,0,0,24.34437,92.24802,Mizoram,continuous_rain,very_large,landslide,1129.1,24.9,380.1,0,61.04,1,observed_historical_event
NER-2019-000524,2019-06-10 00:00:00,2019,6,0.5,-0.866,1,0,0,26.53834,93.0896,Assam,continuous_rain,large,landslide,495.8,9.1,454.2,1,8.65,1,observed_historical_event
NER-2020-000525,2020-10-05 00:00:00,2020,10,-1.0,-0.0,0,0,1,25.91539,93.69196,Nagaland,continuous_rain,medium,mudslide,1190.1,29.7,140.2,2,20.81,1,observed_historical_event
NER-2016-000526,2016-05-06 00:00:00,2016,5,0.866,-0.5,0,1,0,27.94652,88.23959,Sikkim,downpour,small,landslide,2533.9,26.2,306.9,4,5.98,1,observed_historical_event
NER-2016-000527,2016-06-20 00:00:00,2016,6,0.5,-0.866,1,0,0,25.91279,91.68983,Meghalaya,monsoon,small,debris_flow,957.6,22.5,493.1,3,10.36,1,observed_historical_event
NER-2022-000528,2022-01-25 00:00:00,2022,1,0.0,1.0,0,0,0,25.29683,91.70706,Meghalaya,continuous_rain,medium,debris_flow,1435.5,36.7,19.6,1,31.49,1,observed_historical_event
NER-2014-000529,2014-06-25 00:00:00,2014,6,0.5,-0.866,1,0,0,24.24948,91.08059,Assam,none,none,non_event,556.9,19.4,313.0,2,9.13,0,constructed_pseudo_absence
NER-2021-000530,2021-07-05 00:00:00,2021,7,0.0,-1.0,1,0,0,25.61039,91.46088,Meghalaya,continuous_rain,very_large,mudslide,1535.4,32.3,703.8,3,18.46,1,observed_historical_event
NER-2017-000531,2017-06-18 00:00:00,2017,6,0.5,-0.866,1,0,0,27.68099,88.23372,Sikkim,downpour,medium,landslide,2064.5,41.5,501.5,5,6.51,1,observed_historical_event
NER-2018-000532,2018-06-18 00:00:00,2018,6,0.5,-0.866,1,0,0,23.95526,91.62815,Tripura,continuous_rain,medium,debris_flow,499.7,21.2,359.1,3,6.02,1,observed_historical_event
NER-2009-000533,2009-03-01 00:00:00,2009,3,0.866,0.5,0,0,0,25.70399,92.82735,Assam,none,none,non_event,730.6,3.0,29.9,1,23.45,0,constructed_pseudo_absence
NER-2019-000534,2019-07-04 00:00:00,2019,7,0.0,-1.0,1,0,0,25.91724,91.60913,Meghalaya,cloudburst,medium,slope_failure,1275.9,18.3,1092.1,3,7.98,1,observed_historical_event
NER-2022-000535,2022-10-22 00:00:00,2022,10,-1.0,-0.0,0,0,1,24.08977,93.54852,Manipur,none,none,non_event,859.3,21.4,128.5,3,1.39,0,constructed_pseudo_absence
NER-2019-000536,2019-05-21 00:00:00,2019,5,0.866,-0.5,0,1,0,25.85972,91.8436,Meghalaya,continuous_rain,small,mudslide,1136.6,39.7,855.2,3,10.67,1,observed_historical_event
NER-2021-000537,2021-10-27 00:00:00,2021,10,-1.0,-0.0,0,0,1,26.90766,93.68715,Nagaland,none,none,non_event,1434.0,35.1,139.5,0,65.69,0,constructed_pseudo_absence
NER-2021-000538,2021-04-15 00:00:00,2021,4,1.0,0.0,0,1,0,26.59966,93.65445,Nagaland,none,none,non_event,1569.4,29.8,164.9,0,53.34,0,constructed_pseudo_absence
NER-2017-000539,2017-07-21 00:00:00,2017,7,0.0,-1.0,1,0,0,27.96029,88.14429,Sikkim,monsoon,large,mudslide,2486.2,30.2,440.6,3,7.56,1,observed_historical_event
NER-2021-000540,2021-03-22 00:00:00,2021,3,0.866,0.5,0,0,0,26.54605,93.05897,Assam,none,none,non_event,512.7,10.6,94.3,1,9.89,0,constructed_pseudo_absence
NER-2020-000541,2020-07-01 00:00:00,2020,7,0.0,-1.0,1,0,0,23.60218,92.88582,Mizoram,downpour,medium,mudslide,1168.9,22.3,527.1,1,4.96,1,observed_historical_event
NER-2019-000542,2019-05-03 00:00:00,2019,5,0.866,-0.5,0,1,0,28.93636,94.968,Arunachal Pradesh,monsoon,medium,rockfall,2011.3,28.6,520.3,1,8.56,1,observed_historical_event
NER-2017-000543,2017-10-16 00:00:00,2017,10,-1.0,-0.0,0,0,1,23.95399,93.60592,Manipur,none,none,non_event,1222.1,15.7,106.1,3,14.24,0,constructed_pseudo_absence
NER-2016-000544,2016-11-09 00:00:00,2016,11,-0.866,0.5,0,0,1,23.36956,92.09202,Tripura,none,none,non_event,355.3,3.0,44.8,1,9.39,0,constructed_pseudo_absence
NER-2021-000545,2021-06-05 00:00:00,2021,6,0.5,-0.866,1,0,0,25.13453,90.75577,Meghalaya,none,none,non_event,1434.7,29.3,621.0,0,77.39,0,constructed_pseudo_absence
NER-2016-000546,2016-07-23 00:00:00,2016,7,0.0,-1.0,1,0,0,25.9717,92.37974,Meghalaya,downpour,large,rockfall,1377.4,34.8,696.7,2,46.19,1,observed_historical_event
NER-2020-000547,2020-06-19 00:00:00,2020,6,0.5,-0.866,1,0,0,28.77812,95.45574,Arunachal Pradesh,cloudburst,small,landslide,2298.3,29.2,473.1,2,17.0,1,observed_historical_event
NER-2019-000548,2019-08-09 00:00:00,2019,8,-0.5,-0.866,1,0,0,26.52192,93.18392,Assam,none,none,non_event,393.8,15.3,380.3,1,11.64,0,constructed_pseudo_absence
NER-2016-000549,2016-09-05 00:00:00,2016,9,-0.866,-0.5,1,0,0,26.68729,93.02592,Assam,none,none,non_event,441.9,13.3,419.1,1,13.49,0,constructed_pseudo_absence
NER-2022-000550,2022-02-02 00:00:00,2022,2,0.5,0.866,0,0,0,27.12879,88.32993,Sikkim,none,none,non_event,2472.2,24.4,42.0,2,28.48,0,constructed_pseudo_absence
NER-2022-000551,2022-11-14 00:00:00,2022,11,-0.866,0.5,0,0,1,28.53788,94.57841,Arunachal Pradesh,none,none,non_event,1973.7,30.8,33.0,0,67.37,0,constructed_pseudo_absence
NER-2018-000552,2018-07-28 00:00:00,2018,7,0.0,-1.0,1,0,0,24.27671,93.53327,Manipur,downpour,large,slope_failure,1135.7,27.5,424.7,3,3.22,1,observed_historical_event
NER-2022-000553,2022-07-05 00:00:00,2022,7,0.0,-1.0,1,0,0,23.85154,91.65346,Tripura,cloudburst,medium,landslide,464.0,8.9,451.1,3,9.78,1,observed_historical_event
NER-2017-000554,2017-01-15 00:00:00,2017,1,0.0,1.0,0,0,0,24.91163,92.89731,Assam,none,none,non_event,574.6,15.5,10.6,2,10.72,0,constructed_pseudo_absence
NER-2018-000555,2018-06-02 00:00:00,2018,6,0.5,-0.866,1,0,0,23.8032,92.70711,Mizoram,continuous_rain,medium,landslide,973.4,25.5,418.1,1,34.26,1,observed_historical_event
NER-2012-000556,2012-05-18 00:00:00,2012,5,0.866,-0.5,0,1,0,27.47558,88.21165,Sikkim,none,none,non_event,2403.9,41.6,278.7,4,5.55,0,constructed_pseudo_absence
NER-2021-000557,2021-07-24 00:00:00,2021,7,0.0,-1.0,1,0,0,22.51655,93.23413,Mizoram,downpour,large,mudslide,1241.3,25.5,807.6,2,12.95,1,observed_historical_event
NER-2009-000558,2009-04-25 00:00:00,2009,4,1.0,0.0,0,1,0,28.32261,97.2203,Arunachal Pradesh,road_cutting,large,slope_failure,2058.8,25.8,187.0,0,171.73,1,observed_historical_event
NER-2018-000559,2018-06-24 00:00:00,2018,6,0.5,-0.866,1,0,0,24.97641,93.776,Manipur,none,none,non_event,1186.0,35.1,378.1,2,9.86,0,constructed_pseudo_absence
NER-2021-000560,2021-07-21 00:00:00,2021,7,0.0,-1.0,1,0,0,24.35306,91.56666,Tripura,none,none,non_event,713.8,22.0,342.6,3,12.07,0,constructed_pseudo_absence
NER-2014-000561,2014-07-09 00:00:00,2014,7,0.0,-1.0,1,0,0,25.74668,92.49766,Meghalaya,downpour,medium,debris_flow,1537.9,24.3,693.1,1,23.03,1,observed_historical_event
NER-2021-000562,2021-06-20 00:00:00,2021,6,0.5,-0.866,1,0,0,27.77873,88.1488,Sikkim,continuous_rain,medium,slope_failure,2099.9,42.1,396.5,5,9.99,1,observed_historical_event
NER-2016-000563,2016-09-01 00:00:00,2016,9,-0.866,-0.5,1,0,0,24.26533,93.668,Manipur,downpour,medium,slope_failure,1283.8,22.5,303.0,3,10.42,1,observed_historical_event
NER-2012-000564,2012-04-24 00:00:00,2012,4,1.0,0.0,0,1,0,29.046,95.00865,Arunachal Pradesh,none,none,non_event,1937.3,40.4,149.8,1,6.96,0,constructed_pseudo_absence
NER-2017-000565,2017-07-22 00:00:00,2017,7,0.0,-1.0,1,0,0,25.32832,93.25052,Manipur,cloudburst,medium,mudslide,1322.0,17.7,449.3,3,26.38,1,observed_historical_event
NER-2019-000566,2019-08-17 00:00:00,2019,8,-0.5,-0.866,1,0,0,26.87913,92.65079,Assam,continuous_rain,medium,slope_failure,80.0,18.9,412.8,0,51.07,1,observed_historical_event
NER-2020-000567,2020-10-10 00:00:00,2020,10,-1.0,-0.0,0,0,1,22.49448,93.11386,Mizoram,none,none,non_event,992.1,37.9,151.5,3,12.29,0,constructed_pseudo_absence
NER-2022-000568,2022-05-16 00:00:00,2022,5,0.866,-0.5,0,1,0,24.14722,92.34573,Mizoram,none,none,non_event,854.5,20.0,385.9,0,71.34,0,constructed_pseudo_absence
NER-2010-000569,2010-06-10 00:00:00,2010,6,0.5,-0.866,1,0,0,26.03018,92.21685,Meghalaya,downpour,small,landslide,1147.9,19.9,510.8,1,35.56,1,observed_historical_event
NER-2016-000570,2016-06-16 00:00:00,2016,6,0.5,-0.866,1,0,0,26.67649,94.89927,Nagaland,continuous_rain,small,mudslide,1270.7,37.4,448.1,2,18.03,1,observed_historical_event
NER-2018-000571,2018-05-04 00:00:00,2018,5,0.866,-0.5,0,1,0,25.54226,91.8031,Meghalaya,continuous_rain,medium,landslide,1004.9,39.0,315.8,4,33.63,1,observed_historical_event
NER-2021-000572,2021-07-02 00:00:00,2021,7,0.0,-1.0,1,0,0,27.42246,88.16841,Sikkim,downpour,large,slope_failure,2399.8,39.3,454.4,3,10.3,1,observed_historical_event
NER-2020-000573,2020-06-23 00:00:00,2020,6,0.5,-0.866,1,0,0,22.2641,93.14195,Mizoram,none,none,non_event,724.6,17.9,365.0,3,20.94,0,constructed_pseudo_absence
NER-2020-000574,2020-08-17 00:00:00,2020,8,-0.5,-0.866,1,0,0,29.19501,93.46271,Arunachal Pradesh,continuous_rain,medium,rockfall,2087.9,35.5,391.0,1,10.79,1,observed_historical_event
NER-2011-000575,2011-03-06 00:00:00,2011,3,0.866,0.5,0,0,0,25.42249,92.71996,Meghalaya,none,none,non_event,1043.1,30.6,136.8,2,20.09,0,constructed_pseudo_absence
NER-2013-000576,2013-03-15 00:00:00,2013,3,0.866,0.5,0,0,0,27.45912,88.15103,Sikkim,none,none,non_event,2370.7,43.4,65.2,3,5.85,0,constructed_pseudo_absence
NER-2021-000577,2021-03-02 00:00:00,2021,3,0.866,0.5,0,0,0,27.98796,88.35563,Sikkim,continuous_rain,medium,mudslide,2639.4,45.5,79.0,3,17.94,1,observed_historical_event
NER-2020-000578,2020-09-26 00:00:00,2020,9,-0.866,-0.5,1,0,0,22.29594,92.91365,Mizoram,continuous_rain,small,debris_flow,1055.1,31.1,363.3,2,16.54,1,observed_historical_event
NER-2016-000579,2016-09-06 00:00:00,2016,9,-0.866,-0.5,1,0,0,25.3346,94.39318,Nagaland,downpour,medium,debris_flow,1507.6,25.3,330.7,0,75.53,1,observed_historical_event
NER-2018-000580,2018-05-25 00:00:00,2018,5,0.866,-0.5,0,1,0,27.25926,88.25713,Sikkim,cloudburst,medium,landslide,2142.0,30.4,431.3,3,15.24,1,observed_historical_event
NER-2020-000581,2020-10-18 00:00:00,2020,10,-1.0,-0.0,0,0,1,26.18812,94.58701,Nagaland,none,none,non_event,1691.4,32.7,128.0,1,3.04,0,constructed_pseudo_absence
NER-2022-000582,2022-09-18 00:00:00,2022,9,-0.866,-0.5,1,0,0,27.44836,88.63106,Sikkim,continuous_rain,small,landslide,2463.2,34.5,369.8,3,34.33,1,observed_historical_event
NER-2019-000583,2019-10-08 00:00:00,2019,10,-1.0,-0.0,0,0,1,22.47459,92.68467,Mizoram,none,none,non_event,1025.1,19.0,181.5,3,9.93,0,constructed_pseudo_absence
NER-2019-000584,2019-04-02 00:00:00,2019,4,1.0,0.0,0,1,0,27.16131,89.79008,Assam,none,none,non_event,538.5,20.5,176.7,1,5.66,0,constructed_pseudo_absence
NER-2022-000585,2022-06-28 00:00:00,2022,6,0.5,-0.866,1,0,0,24.04755,91.54553,Tripura,downpour,large,slope_failure,330.7,26.0,374.6,3,15.33,1,observed_historical_event
NER-2020-000586,2020-05-12 00:00:00,2020,5,0.866,-0.5,0,1,0,25.86673,89.9076,Meghalaya,downpour,medium,debris_flow,1103.5,26.2,546.8,0,148.51,1,observed_historical_event
NER-2014-000587,2014-07-28 00:00:00,2014,7,0.0,-1.0,1,0,0,24.1239,93.55971,Manipur,downpour,medium,debris_flow,825.2,36.6,346.7,3,5.69,1,observed_historical_event
NER-2018-000588,2018-08-20 00:00:00,2018,8,-0.5,-0.866,1,0,0,25.88386,91.45191,Meghalaya,road_cutting,medium,rockfall,1179.2,28.5,636.0,4,6.11,1,observed_historical_event
NER-2019-000589,2019-07-08 00:00:00,2019,7,0.0,-1.0,1,0,0,25.07454,93.29227,Manipur,downpour,small,debris_flow,1135.9,44.4,569.8,4,11.28,1,observed_historical_event
NER-2020-000590,2020-08-27 00:00:00,2020,8,-0.5,-0.866,1,0,0,27.36976,88.30025,Sikkim,continuous_rain,small,slope_failure,2389.9,41.5,452.7,3,1.46,1,observed_historical_event
NER-2018-000591,2018-08-09 00:00:00,2018,8,-0.5,-0.866,1,0,0,25.09431,93.47543,Assam,monsoon,medium,landslide,316.4,11.1,314.3,3,12.33,1,observed_historical_event
NER-2021-000592,2021-12-09 00:00:00,2021,12,-0.5,0.866,0,0,0,25.41726,91.43963,Meghalaya,none,none,non_event,1180.3,23.2,29.3,1,2.08,0,constructed_pseudo_absence
NER-2019-000593,2019-09-05 00:00:00,2019,9,-0.866,-0.5,1,0,0,25.82189,93.78497,Nagaland,downpour,large,slope_failure,1517.0,28.8,363.7,2,6.6,1,observed_historical_event
NER-2014-000594,2014-09-02 00:00:00,2014,9,-0.866,-0.5,1,0,0,22.29019,93.11513,Mizoram,continuous_rain,medium,slope_failure,658.0,17.6,576.8,3,17.05,1,observed_historical_event
NER-2021-000595,2021-07-15 00:00:00,2021,7,0.0,-1.0,1,0,0,27.41805,88.23795,Sikkim,downpour,small,rockfall,2382.3,45.2,703.3,3,7.3,1,observed_historical_event
NER-2016-000596,2016-10-21 00:00:00,2016,10,-1.0,-0.0,0,0,1,22.56165,93.26292,Mizoram,none,none,non_event,1294.8,19.8,83.9,2,9.01,0,constructed_pseudo_absence
NER-2022-000597,2022-05-11 00:00:00,2022,5,0.866,-0.5,0,1,0,26.74922,92.26021,Arunachal Pradesh,downpour,small,slope_failure,1743.6,28.8,444.9,1,23.88,1,observed_historical_event
NER-2016-000598,2016-09-01 00:00:00,2016,9,-0.866,-0.5,1,0,0,27.96074,90.53398,Assam,continuous_rain,small,debris_flow,675.6,9.9,486.2,0,109.36,1,observed_historical_event
NER-2008-000599,2008-03-12 00:00:00,2008,3,0.866,0.5,0,0,0,27.65163,93.67424,Assam,none,none,non_event,242.5,6.9,78.9,0,117.53,0,constructed_pseudo_absence
NER-2016-000600,2016-07-12 00:00:00,2016,7,0.0,-1.0,1,0,0,25.86876,91.71875,Assam,downpour,medium,slope_failure,167.1,13.3,458.1,3,9.03,1,observed_historical_event
NER-2019-000601,2019-06-06 00:00:00,2019,6,0.5,-0.866,1,0,0,25.27548,95.0956,Nagaland,downpour,small,debris_flow,1848.1,21.8,423.2,0,114.53,1,observed_historical_event
NER-2017-000602,2017-05-09 00:00:00,2017,5,0.866,-0.5,0,1,0,24.10555,92.20942,Tripura,none,none,non_event,80.0,20.7,225.1,0,58.18,0,constructed_pseudo_absence
NER-2022-000603,2022-09-12 00:00:00,2022,9,-0.866,-0.5,1,0,0,25.79784,91.55526,Meghalaya,monsoon,medium,landslide,1593.5,38.7,751.5,4,8.62,1,observed_historical_event
NER-2009-000604,2009-08-08 00:00:00,2009,8,-0.5,-0.866,1,0,0,25.37575,92.89448,Assam,none,none,non_event,531.0,12.1,392.9,3,35.16,0,constructed_pseudo_absence
NER-2013-000605,2013-05-18 00:00:00,2013,5,0.866,-0.5,0,1,0,27.52254,89.92451,Assam,downpour,small,mudslide,491.2,15.5,184.8,1,37.73,1,observed_historical_event
NER-2021-000606,2021-09-17 00:00:00,2021,9,-0.866,-0.5,1,0,0,25.22395,93.00576,Manipur,downpour,medium,debris_flow,1488.5,22.2,251.8,3,21.46,1,observed_historical_event
NER-2011-000607,2011-09-22 00:00:00,2011,9,-0.866,-0.5,1,0,0,26.86858,92.09351,Arunachal Pradesh,continuous_rain,small,rockfall,1983.3,29.2,604.4,1,10.59,1,observed_historical_event
NER-2009-000608,2009-06-13 00:00:00,2009,6,0.5,-0.866,1,0,0,24.13789,91.68049,Tripura,monsoon,medium,landslide,80.0,4.0,379.6,3,16.01,1,observed_historical_event
NER-2019-000609,2019-06-15 00:00:00,2019,6,0.5,-0.866,1,0,0,24.08954,93.43938,Manipur,downpour,small,landslide,1054.4,17.3,497.7,3,7.02,1,observed_historical_event
NER-2020-000610,2020-01-24 00:00:00,2020,1,0.0,1.0,0,0,0,22.51613,93.09625,Mizoram,none,none,non_event,1200.5,33.6,7.4,3,13.32,0,constructed_pseudo_absence
NER-2011-000611,2011-05-06 00:00:00,2011,5,0.866,-0.5,0,1,0,25.7967,93.70967,Nagaland,downpour,medium,mudslide,1522.7,29.5,283.3,2,13.8,1,observed_historical_event
NER-2022-000612,2022-08-02 00:00:00,2022,8,-0.5,-0.866,1,0,0,27.72356,88.09434,Sikkim,continuous_rain,medium,landslide,2063.5,32.6,615.1,5,7.84,1,observed_historical_event
NER-2020-000613,2020-08-07 00:00:00,2020,8,-0.5,-0.866,1,0,0,29.09198,96.13015,Arunachal Pradesh,continuous_rain,medium,rockfall,1890.3,29.1,439.9,0,59.66,1,observed_historical_event
NER-2019-000614,2019-05-23 00:00:00,2019,5,0.866,-0.5,0,1,0,26.0044,94.73394,Nagaland,none,none,non_event,1510.5,18.7,378.9,1,26.98,0,constructed_pseudo_absence
NER-2019-000615,2019-07-21 00:00:00,2019,7,0.0,-1.0,1,0,0,25.66255,92.42162,Meghalaya,continuous_rain,medium,slope_failure,1737.9,37.5,889.7,1,21.5,1,observed_historical_event
NER-2018-000616,2018-08-27 00:00:00,2018,8,-0.5,-0.866,1,0,0,23.87718,91.49537,Tripura,none,none,non_event,638.4,12.2,272.4,3,11.14,0,constructed_pseudo_absence
NER-2019-000617,2019-07-28 00:00:00,2019,7,0.0,-1.0,1,0,0,23.80598,93.30548,Mizoram,downpour,large,landslide,1287.7,30.2,427.3,3,29.91,1,observed_historical_event
NER-2022-000618,2022-07-13 00:00:00,2022,7,0.0,-1.0,1,0,0,23.234,92.16925,Tripura,downpour,medium,mudslide,80.0,7.9,417.5,1,7.64,1,observed_historical_event
NER-2018-000619,2018-07-07 00:00:00,2018,7,0.0,-1.0,1,0,0,24.31041,93.06416,Mizoram,downpour,small,landslide,1190.3,35.5,505.3,0,50.45,1,observed_historical_event
NER-2016-000620,2016-07-11 00:00:00,2016,7,0.0,-1.0,1,0,0,25.82977,91.52571,Meghalaya,monsoon,large,slope_failure,1405.3,39.7,525.2,4,4.72,1,observed_historical_event
NER-2021-000621,2021-08-03 00:00:00,2021,8,-0.5,-0.866,1,0,0,23.99565,93.38959,Manipur,continuous_rain,large,slope_failure,1427.5,38.9,273.4,3,9.29,1,observed_historical_event
NER-2016-000622,2016-08-07 00:00:00,2016,8,-0.5,-0.866,1,0,0,23.3999,91.48484,Tripura,continuous_rain,medium,slope_failure,579.7,18.0,610.2,1,4.94,1,observed_historical_event
NER-2019-000623,2019-08-12 00:00:00,2019,8,-0.5,-0.866,1,0,0,25.79154,93.88463,Nagaland,continuous_rain,medium,debris_flow,1532.1,24.4,323.8,2,2.58,1,observed_historical_event
NER-2017-000624,2017-02-12 00:00:00,2017,2,0.5,0.866,0,0,0,26.58734,93.95738,Nagaland,none,none,non_event,1499.6,40.7,54.1,0,61.87,0,constructed_pseudo_absence
NER-2020-000625,2020-05-19 00:00:00,2020,5,0.866,-0.5,0,1,0,25.97731,91.84887,Meghalaya,none,none,non_event,1091.8,26.8,400.4,3,19.05,0,constructed_pseudo_absence
NER-2016-000626,2016-11-27 00:00:00,2016,11,-0.866,0.5,0,0,1,24.18484,93.54279,Manipur,none,none,non_event,838.6,35.2,43.4,3,10.67,0,constructed_pseudo_absence
NER-2017-000627,2017-09-05 00:00:00,2017,9,-0.866,-0.5,1,0,0,28.98268,95.6187,Arunachal Pradesh,downpour,large,debris_flow,2186.5,32.6,373.9,1,12.72,1,observed_historical_event
NER-2014-000628,2014-06-22 00:00:00,2014,6,0.5,-0.866,1,0,0,27.1182,88.75129,Sikkim,continuous_rain,small,landslide,2423.7,33.3,371.3,0,53.3,1,observed_historical_event
NER-2019-000629,2019-07-23 00:00:00,2019,7,0.0,-1.0,1,0,0,22.5629,93.12325,Mizoram,downpour,medium,rockfall,1146.4,34.6,501.2,3,13.85,1,observed_historical_event
NER-2021-000630,2021-07-28 00:00:00,2021,7,0.0,-1.0,1,0,0,25.55362,92.69728,Meghalaya,downpour,very_large,debris_flow,1084.1,24.3,663.4,1,7.51,1,observed_historical_event
NER-2021-000631,2021-07-27 00:00:00,2021,7,0.0,-1.0,1,0,0,24.0625,92.24408,Mizoram,monsoon,medium,mudslide,803.7,33.6,511.6,0,63.82,1,observed_historical_event
NER-2022-000632,2022-05-07 00:00:00,2022,5,0.866,-0.5,0,1,0,25.18291,93.12784,Manipur,cloudburst,medium,landslide,1123.6,21.6,255.0,3,10.83,1,observed_historical_event
NER-2019-000633,2019-06-21 00:00:00,2019,6,0.5,-0.866,1,0,0,27.24647,88.3543,Sikkim,continuous_rain,medium,rockfall,2341.6,46.4,602.2,2,16.54,1,observed_historical_event
NER-2019-000634,2019-08-10 00:00:00,2019,8,-0.5,-0.866,1,0,0,22.65497,93.06524,Mizoram,continuous_rain,large,slope_failure,957.5,28.7,576.3,3,16.72,1,observed_historical_event
NER-2018-000635,2018-08-02 00:00:00,2018,8,-0.5,-0.866,1,0,0,27.49689,96.01836,Arunachal Pradesh,downpour,small,mudslide,2505.7,24.1,370.3,0,160.01,1,observed_historical_event
NER-2017-000636,2017-08-28 00:00:00,2017,8,-0.5,-0.866,1,0,0,24.11928,90.70378,Assam,continuous_rain,small,landslide,394.8,14.0,392.9,1,36.88,1,observed_historical_event
NER-2017-000637,2017-06-11 00:00:00,2017,6,0.5,-0.866,1,0,0,24.03146,93.07645,Mizoram,downpour,medium,mudslide,853.8,31.6,320.0,2,40.39,1,observed_historical_event
NER-2016-000638,2016-07-25 00:00:00,2016,7,0.0,-1.0,1,0,0,22.86183,92.47495,Mizoram,downpour,medium,rockfall,1203.4,35.5,488.4,1,4.47,1,observed_historical_event
NER-2019-000639,2019-08-27 00:00:00,2019,8,-0.5,-0.866,1,0,0,26.80933,94.59488,Nagaland,continuous_rain,small,rockfall,1228.9,21.9,549.2,2,13.43,1,observed_historical_event
NER-2021-000640,2021-07-20 00:00:00,2021,7,0.0,-1.0,1,0,0,25.5256,93.90371,Manipur,continuous_rain,medium,landslide,1078.8,27.9,586.8,2,30.77,1,observed_historical_event
NER-2012-000641,2012-05-27 00:00:00,2012,5,0.866,-0.5,0,1,0,24.16773,92.72187,Mizoram,downpour,medium,debris_flow,762.3,24.1,386.9,0,70.91,1,observed_historical_event
NER-2018-000642,2018-06-15 00:00:00,2018,6,0.5,-0.866,1,0,0,25.03577,93.13074,Manipur,continuous_rain,medium,debris_flow,885.2,27.8,318.5,3,8.57,1,observed_historical_event
NER-2015-000643,2015-02-11 00:00:00,2015,2,0.5,0.866,0,0,0,25.48339,92.54332,Meghalaya,none,none,non_event,1196.4,32.7,43.6,1,14.0,0,constructed_pseudo_absence
NER-2021-000644,2021-05-21 00:00:00,2021,5,0.866,-0.5,0,1,0,25.34271,95.03346,Nagaland,none,none,non_event,1581.6,24.6,322.8,0,105.49,0,constructed_pseudo_absence
NER-2019-000645,2019-05-14 00:00:00,2019,5,0.866,-0.5,0,1,0,27.36373,88.41275,Sikkim,continuous_rain,small,debris_flow,2453.3,24.6,328.3,4,10.87,1,observed_historical_event
NER-2017-000646,2017-01-11 00:00:00,2017,1,0.0,1.0,0,0,0,22.36244,92.80214,Mizoram,none,none,non_event,968.9,21.9,11.6,2,13.9,0,constructed_pseudo_absence
NER-2022-000647,2022-06-15 00:00:00,2022,6,0.5,-0.866,1,0,0,23.19733,92.83869,Mizoram,continuous_rain,very_large,landslide,1035.7,36.2,427.1,2,39.6,1,observed_historical_event
NER-2019-000648,2019-08-01 00:00:00,2019,8,-0.5,-0.866,1,0,0,25.01787,93.74824,Manipur,downpour,large,mudslide,966.2,39.8,327.1,2,7.69,1,observed_historical_event
NER-2016-000649,2016-07-06 00:00:00,2016,7,0.0,-1.0,1,0,0,26.58037,95.17033,Nagaland,monsoon,medium,debris_flow,1899.2,24.2,500.6,1,45.04,1,observed_historical_event
NER-2019-000650,2019-07-15 00:00:00,2019,7,0.0,-1.0,1,0,0,25.75622,93.5902,Nagaland,downpour,medium,rockfall,1412.0,27.8,642.0,2,17.23,1,observed_historical_event
NER-2020-000651,2020-05-20 00:00:00,2020,5,0.866,-0.5,0,1,0,26.0988,91.5987,Meghalaya,downpour,medium,slope_failure,1663.9,27.4,417.6,3,26.09,1,observed_historical_event
NER-2010-000652,2010-06-24 00:00:00,2010,6,0.5,-0.866,1,0,0,25.19273,92.61142,Meghalaya,downpour,medium,mudslide,1443.3,28.3,619.7,2,34.03,1,observed_historical_event
NER-2022-000653,2022-06-06 00:00:00,2022,6,0.5,-0.866,1,0,0,25.02945,92.88355,Assam,downpour,medium,landslide,331.6,3.0,802.9,2,2.11,1,observed_historical_event
NER-2022-000654,2022-08-10 00:00:00,2022,8,-0.5,-0.866,1,0,0,27.91972,88.66638,Sikkim,downpour,large,slope_failure,2496.2,36.6,735.9,2,18.24,1,observed_historical_event
NER-2017-000655,2017-08-07 00:00:00,2017,8,-0.5,-0.866,1,0,0,23.53559,92.88469,Mizoram,monsoon,medium,slope_failure,1401.3,26.2,341.7,1,3.21,1,observed_historical_event
NER-2017-000656,2017-07-01 00:00:00,2017,7,0.0,-1.0,1,0,0,27.65941,88.54067,Sikkim,downpour,large,mudslide,2174.4,36.4,541.3,5,14.19,1,observed_historical_event
NER-2017-000657,2017-07-05 00:00:00,2017,7,0.0,-1.0,1,0,0,25.28536,91.96342,Meghalaya,downpour,large,debris_flow,1683.0,12.7,687.0,0,54.5,1,observed_historical_event
NER-2015-000658,2015-04-13 00:00:00,2015,4,1.0,0.0,0,1,0,28.83797,95.63695,Arunachal Pradesh,none,none,non_event,2475.0,32.6,264.5,1,6.72,0,constructed_pseudo_absence
NER-2022-000659,2022-09-26 00:00:00,2022,9,-0.866,-0.5,1,0,0,27.37966,88.21915,Sikkim,monsoon,medium,landslide,2313.5,43.5,587.6,3,8.44,1,observed_historical_event
NER-2022-000660,2022-08-23 00:00:00,2022,8,-0.5,-0.866,1,0,0,25.94327,90.48502,Meghalaya,continuous_rain,large,mudslide,1002.8,24.9,1181.6,0,103.94,1,observed_historical_event
NER-2020-000661,2020-09-02 00:00:00,2020,9,-0.866,-0.5,1,0,0,23.30852,92.18048,Tripura,continuous_rain,large,landslide,80.4,10.1,300.2,1,4.24,1,observed_historical_event
NER-2012-000662,2012-08-20 00:00:00,2012,8,-0.5,-0.866,1,0,0,24.18332,91.59561,Tripura,continuous_rain,medium,landslide,270.5,13.1,349.3,3,9.89,1,observed_historical_event
NER-2020-000663,2020-07-06 00:00:00,2020,7,0.0,-1.0,1,0,0,27.89176,88.17495,Sikkim,downpour,medium,debris_flow,2429.1,33.2,557.8,4,2.83,1,observed_historical_event
NER-2018-000664,2018-10-07 00:00:00,2018,10,-1.0,-0.0,0,0,1,23.14736,91.28767,Tripura,none,none,non_event,80.0,3.0,154.8,1,30.6,0,constructed_pseudo_absence
NER-2018-000665,2018-05-09 00:00:00,2018,5,0.866,-0.5,0,1,0,26.60149,94.76884,Nagaland,downpour,large,landslide,1749.6,18.4,286.0,3,7.72,1,observed_historical_event
NER-2016-000666,2016-09-07 00:00:00,2016,9,-0.866,-0.5,1,0,0,23.89613,91.66995,Tripura,continuous_rain,large,landslide,454.3,23.9,282.8,3,7.35,1,observed_historical_event
NER-2008-000667,2008-08-13 00:00:00,2008,8,-0.5,-0.866,1,0,0,24.35422,91.68445,Tripura,downpour,large,landslide,443.0,23.0,390.2,3,8.16,1,observed_historical_event
NER-2022-000668,2022-04-10 00:00:00,2022,4,1.0,0.0,0,1,0,26.21131,94.1327,Nagaland,none,none,non_event,1538.9,28.4,149.9,1,43.45,0,constructed_pseudo_absence
NER-2013-000669,2013-10-15 00:00:00,2013,10,-1.0,-0.0,0,0,1,22.45851,92.58552,Mizoram,none,none,non_event,1111.6,29.3,132.8,3,12.36,0,constructed_pseudo_absence
NER-2019-000670,2019-06-16 00:00:00,2019,6,0.5,-0.866,1,0,0,27.34353,90.0798,Assam,downpour,medium,debris_flow,328.2,18.4,449.7,1,29.67,1,observed_historical_event
NER-2020-000671,2020-03-18 00:00:00,2020,3,0.866,0.5,0,0,0,26.17387,94.73112,Assam,none,none,non_event,790.7,18.3,60.9,1,17.31,0,constructed_pseudo_absence
NER-2019-000672,2019-06-24 00:00:00,2019,6,0.5,-0.866,1,0,0,26.75219,94.77039,Nagaland,continuous_rain,small,rockfall,1370.9,41.3,439.6,2,11.64,1,observed_historical_event
NER-2017-000673,2017-05-08 00:00:00,2017,5,0.866,-0.5,0,1,0,25.84456,91.39709,Meghalaya,continuous_rain,small,mudslide,1110.3,21.7,580.6,3,12.87,1,observed_historical_event
NER-2020-000674,2020-07-28 00:00:00,2020,7,0.0,-1.0,1,0,0,27.42596,92.43665,Arunachal Pradesh,downpour,large,mudslide,2395.1,41.8,426.7,1,21.83,1,observed_historical_event
NER-2019-000675,2019-02-28 00:00:00,2019,2,0.5,0.866,0,0,0,24.08386,91.5565,Tripura,none,none,non_event,224.4,23.5,2.0,3,15.65,0,constructed_pseudo_absence
NER-2017-000676,2017-04-16 00:00:00,2017,4,1.0,0.0,0,1,0,25.49772,95.97075,Assam,none,none,non_event,283.1,14.4,114.0,0,160.54,0,constructed_pseudo_absence
NER-2019-000677,2019-06-28 00:00:00,2019,6,0.5,-0.866,1,0,0,27.91949,88.53894,Sikkim,downpour,medium,debris_flow,2490.6,33.3,491.4,3,17.01,1,observed_historical_event
NER-2022-000678,2022-05-19 00:00:00,2022,5,0.866,-0.5,0,1,0,22.46098,92.78176,Mizoram,continuous_rain,small,mudslide,1146.5,34.2,412.8,2,12.75,1,observed_historical_event
NER-2022-000679,2022-08-12 00:00:00,2022,8,-0.5,-0.866,1,0,0,26.91724,92.458,Arunachal Pradesh,monsoon,medium,rockfall,2203.9,33.3,462.0,1,30.27,1,observed_historical_event
NER-2008-000680,2008-07-25 00:00:00,2008,7,0.0,-1.0,1,0,0,28.12309,92.43322,Arunachal Pradesh,road_cutting,large,slope_failure,2191.7,40.2,432.1,0,56.28,1,observed_historical_event
NER-2019-000681,2019-10-09 00:00:00,2019,10,-1.0,-0.0,0,0,1,27.43537,88.25186,Sikkim,none,none,non_event,2434.3,35.7,217.2,3,6.59,0,constructed_pseudo_absence
NER-2021-000682,2021-03-13 00:00:00,2021,3,0.866,0.5,0,0,0,25.92076,91.55177,Meghalaya,none,none,non_event,1339.3,32.1,133.7,3,6.18,0,constructed_pseudo_absence
NER-2018-000683,2018-08-19 00:00:00,2018,8,-0.5,-0.866,1,0,0,29.06717,95.91282,Arunachal Pradesh,monsoon,small,rockfall,1858.2,31.2,586.8,1,39.07,1,observed_historical_event
NER-2018-000684,2018-05-28 00:00:00,2018,5,0.866,-0.5,0,1,0,23.82352,91.64252,Tripura,cloudburst,medium,mudslide,465.6,12.4,271.2,2,12.03,1,observed_historical_event
NER-2019-000685,2019-08-22 00:00:00,2019,8,-0.5,-0.866,1,0,0,24.12123,91.41544,Tripura,none,none,non_event,80.0,10.8,285.2,4,16.42,0,constructed_pseudo_absence
NER-2018-000686,2018-06-14 00:00:00,2018,6,0.5,-0.866,1,0,0,25.58514,94.73933,Manipur,continuous_rain,medium,mudslide,1391.0,19.9,523.1,0,68.91,1,observed_historical_event
NER-2022-000687,2022-04-28 00:00:00,2022,4,1.0,0.0,0,1,0,22.91202,92.43733,Mizoram,continuous_rain,medium,mudslide,1361.2,40.2,182.5,1,7.18,1,observed_historical_event
NER-2012-000688,2012-02-13 00:00:00,2012,2,0.5,0.866,0,0,0,25.97151,93.82552,Nagaland,none,none,non_event,1429.8,39.4,67.7,1,18.89,0,constructed_pseudo_absence
NER-2019-000689,2019-04-16 00:00:00,2019,4,1.0,0.0,0,1,0,27.08191,94.78403,Assam,none,none,non_event,700.1,18.3,210.2,2,36.11,0,constructed_pseudo_absence
NER-2018-000690,2018-04-13 00:00:00,2018,4,1.0,0.0,0,1,0,27.23803,89.82391,Assam,downpour,medium,rockfall,257.2,21.7,232.3,1,4.66,1,observed_historical_event
NER-2016-000691,2016-07-20 00:00:00,2016,7,0.0,-1.0,1,0,0,23.39321,92.0513,Tripura,continuous_rain,medium,mudslide,557.1,3.0,728.1,1,13.86,1,observed_historical_event
NER-2017-000692,2017-07-03 00:00:00,2017,7,0.0,-1.0,1,0,0,23.86531,91.81886,Tripura,none,none,non_event,257.9,24.4,458.6,2,23.27,0,constructed_pseudo_absence
NER-2021-000693,2021-05-09 00:00:00,2021,5,0.866,-0.5,0,1,0,24.42478,94.20056,Manipur,none,none,non_event,1444.6,24.4,207.8,0,66.53,0,constructed_pseudo_absence
NER-2016-000694,2016-12-27 00:00:00,2016,12,-0.5,0.866,0,0,0,26.20921,94.89108,Nagaland,none,none,non_event,1373.5,31.6,6.2,1,32.89,0,constructed_pseudo_absence
NER-2016-000695,2016-11-08 00:00:00,2016,11,-0.866,0.5,0,0,1,27.12432,89.87739,Assam,none,none,non_event,488.8,17.7,60.1,1,8.74,0,constructed_pseudo_absence
NER-2016-000696,2016-05-06 00:00:00,2016,5,0.866,-0.5,0,1,0,26.79506,94.82396,Nagaland,road_cutting,small,rockfall,1227.1,30.5,382.9,2,19.02,1,observed_historical_event
NER-2021-000697,2021-05-26 00:00:00,2021,5,0.866,-0.5,0,1,0,22.4053,92.5796,Mizoram,none,none,non_event,938.2,36.8,317.8,2,11.08,0,constructed_pseudo_absence
NER-2018-000698,2018-03-24 00:00:00,2018,3,0.866,0.5,0,0,0,25.81033,91.71843,Meghalaya,none,none,non_event,1237.3,25.1,99.5,4,10.16,0,constructed_pseudo_absence
NER-2016-000699,2016-05-10 00:00:00,2016,5,0.866,-0.5,0,1,0,28.63066,94.80686,Arunachal Pradesh,none,none,non_event,1895.8,24.4,312.3,1,45.03,0,constructed_pseudo_absence
NER-2018-000700,2018-07-13 00:00:00,2018,7,0.0,-1.0,1,0,0,24.23079,93.66598,Manipur,continuous_rain,small,slope_failure,1176.2,13.3,436.5,3,13.19,1,observed_historical_event
NER-2017-000701,2017-09-08 00:00:00,2017,9,-0.866,-0.5,1,0,0,24.15142,93.61652,Manipur,continuous_rain,very_large,mudslide,873.0,34.9,499.8,3,11.35,1,observed_historical_event
NER-2021-000702,2021-08-12 00:00:00,2021,8,-0.5,-0.866,1,0,0,25.6744,94.00343,Nagaland,monsoon,very_large,mudslide,1584.1,21.1,386.8,1,20.02,1,observed_historical_event
NER-2016-000703,2016-09-20 00:00:00,2016,9,-0.866,-0.5,1,0,0,23.89431,91.48288,Tripura,none,none,non_event,458.7,10.2,289.3,3,11.99,0,constructed_pseudo_absence
NER-2017-000704,2017-01-15 00:00:00,2017,1,0.0,1.0,0,0,0,25.30358,93.96045,Nagaland,none,none,non_event,1504.4,24.1,49.7,1,45.58,0,constructed_pseudo_absence
NER-2022-000705,2022-10-13 00:00:00,2022,10,-1.0,-0.0,0,0,1,24.23497,91.77388,Tripura,none,none,non_event,87.8,23.7,143.4,3,13.24,0,constructed_pseudo_absence
NER-2008-000706,2008-08-12 00:00:00,2008,8,-0.5,-0.866,1,0,0,23.91401,92.28522,Mizoram,road_cutting,large,landslide,1236.9,26.0,361.8,0,70.64,1,observed_historical_event
NER-2014-000707,2014-09-13 00:00:00,2014,9,-0.866,-0.5,1,0,0,24.64019,91.86276,Assam,none,none,non_event,261.4,8.4,422.1,1,44.39,0,constructed_pseudo_absence
NER-2021-000708,2021-07-11 00:00:00,2021,7,0.0,-1.0,1,0,0,25.81035,91.94082,Meghalaya,continuous_rain,small,rockfall,1339.5,29.4,548.3,3,2.73,1,observed_historical_event
NER-2010-000709,2010-05-20 00:00:00,2010,5,0.866,-0.5,0,1,0,22.4067,92.75163,Mizoram,none,none,non_event,987.5,19.7,264.7,2,8.01,0,constructed_pseudo_absence
NER-2019-000710,2019-02-02 00:00:00,2019,2,0.5,0.866,0,0,0,29.17588,96.18252,Arunachal Pradesh,none,none,non_event,2129.8,44.9,79.9,0,67.65,0,constructed_pseudo_absence
NER-2017-000711,2017-12-11 00:00:00,2017,12,-0.5,0.866,0,0,0,24.38577,91.75758,Tripura,none,none,non_event,255.5,10.0,2.0,2,15.14,0,constructed_pseudo_absence
NER-2016-000712,2016-06-16 00:00:00,2016,6,0.5,-0.866,1,0,0,26.00063,91.92291,Meghalaya,continuous_rain,medium,rockfall,1349.6,21.0,599.9,3,19.53,1,observed_historical_event
NER-2017-000713,2017-06-07 00:00:00,2017,6,0.5,-0.866,1,0,0,25.7823,91.67591,Meghalaya,monsoon,medium,landslide,1341.5,29.6,589.3,4,8.38,1,observed_historical_event
NER-2012-000714,2012-09-24 00:00:00,2012,9,-0.866,-0.5,1,0,0,25.59707,91.7228,Meghalaya,downpour,large,rockfall,1266.9,29.0,376.3,4,30.12,1,observed_historical_event
NER-2016-000715,2016-10-04 00:00:00,2016,10,-1.0,-0.0,0,0,1,22.73924,93.1576,Mizoram,none,none,non_event,777.2,31.5,115.3,2,14.47,0,constructed_pseudo_absence
NER-2008-000716,2008-10-22 00:00:00,2008,10,-1.0,-0.0,0,0,1,27.34209,95.90173,Assam,none,none,non_event,339.5,16.6,136.2,0,139.55,0,constructed_pseudo_absence
NER-2014-000717,2014-08-23 00:00:00,2014,8,-0.5,-0.866,1,0,0,24.98976,93.36878,Manipur,downpour,large,rockfall,1233.1,26.8,369.8,4,3.7,1,observed_historical_event
NER-2019-000718,2019-04-23 00:00:00,2019,4,1.0,0.0,0,1,0,27.82272,88.28057,Sikkim,cloudburst,medium,slope_failure,2308.3,31.3,221.4,5,12.35,1,observed_historical_event
NER-2016-000719,2016-06-07 00:00:00,2016,6,0.5,-0.866,1,0,0,24.85402,93.89634,Manipur,downpour,medium,landslide,1503.6,42.8,399.6,1,26.32,1,observed_historical_event
NER-2017-000720,2017-06-25 00:00:00,2017,6,0.5,-0.866,1,0,0,22.39762,92.62797,Mizoram,cloudburst,medium,mudslide,848.6,31.3,458.3,2,6.23,1,observed_historical_event
NER-2018-000721,2018-07-08 00:00:00,2018,7,0.0,-1.0,1,0,0,26.12542,94.67353,Nagaland,continuous_rain,medium,landslide,1887.6,35.5,626.4,1,12.48,1,observed_historical_event
NER-2016-000722,2016-07-06 00:00:00,2016,7,0.0,-1.0,1,0,0,25.77898,93.37302,Nagaland,continuous_rain,large,landslide,1763.8,35.1,400.5,2,14.72,1,observed_historical_event
NER-2014-000723,2014-05-20 00:00:00,2014,5,0.866,-0.5,0,1,0,24.18182,91.41416,Tripura,downpour,small,mudslide,80.0,29.9,269.3,4,11.43,1,observed_historical_event
NER-2016-000724,2016-06-10 00:00:00,2016,6,0.5,-0.866,1,0,0,26.81117,92.2392,Arunachal Pradesh,monsoon,medium,rockfall,1790.8,28.2,360.0,1,17.58,1,observed_historical_event
NER-2018-000725,2018-08-05 00:00:00,2018,8,-0.5,-0.866,1,0,0,23.22946,91.36035,Tripura,continuous_rain,medium,rockfall,80.0,24.5,462.4,1,18.82,1,observed_historical_event
NER-2017-000726,2017-07-18 00:00:00,2017,7,0.0,-1.0,1,0,0,24.37061,94.4992,Manipur,downpour,medium,mudslide,1251.9,20.9,360.4,0,94.62,1,observed_historical_event
NER-2021-000727,2021-04-24 00:00:00,2021,4,1.0,0.0,0,1,0,25.84616,91.72371,Meghalaya,monsoon,medium,slope_failure,1024.5,19.2,202.7,3,9.67,1,observed_historical_event
NER-2022-000728,2022-03-01 00:00:00,2022,3,0.866,0.5,0,0,0,27.67649,88.19653,Sikkim,none,none,non_event,2072.3,32.4,124.2,5,2.66,0,constructed_pseudo_absence
NER-2021-000729,2021-04-10 00:00:00,2021,4,1.0,0.0,0,1,0,23.45937,91.58577,Tripura,continuous_rain,medium,mudslide,674.6,12.9,237.5,1,17.53,1,observed_historical_event
NER-2009-000730,2009-08-05 00:00:00,2009,8,-0.5,-0.866,1,0,0,27.97116,94.31359,Arunachal Pradesh,continuous_rain,small,rockfall,2412.3,36.2,883.6,0,122.33,1,observed_historical_event
NER-2009-000731,2009-04-20 00:00:00,2009,4,1.0,0.0,0,1,0,25.04925,93.37514,Assam,none,none,non_event,503.3,18.0,125.7,4,4.8,0,constructed_pseudo_absence
NER-2022-000732,2022-07-20 00:00:00,2022,7,0.0,-1.0,1,0,0,22.98612,92.40287,Mizoram,cloudburst,small,mudslide,1472.8,24.7,459.9,2,15.38,1,observed_historical_event
NER-2019-000733,2019-06-09 00:00:00,2019,6,0.5,-0.866,1,0,0,25.24355,93.82456,Manipur,downpour,medium,rockfall,1644.0,34.2,338.5,1,32.96,1,observed_historical_event
NER-2018-000734,2018-08-11 00:00:00,2018,8,-0.5,-0.866,1,0,0,27.59353,88.05795,Sikkim,downpour,large,landslide,2432.1,44.6,745.8,4,14.46,1,observed_historical_event
NER-2022-000735,2022-08-08 00:00:00,2022,8,-0.5,-0.866,1,0,0,27.87165,88.63122,Sikkim,none,none,non_event,2354.9,30.0,369.9,3,11.07,0,constructed_pseudo_absence
NER-2022-000736,2022-11-21 00:00:00,2022,11,-0.866,0.5,0,0,1,28.87978,92.12441,Arunachal Pradesh,none,none,non_event,2313.8,31.7,31.5,0,141.94,0,constructed_pseudo_absence
NER-2017-000737,2017-05-23 00:00:00,2017,5,0.866,-0.5,0,1,0,26.61166,94.68209,Nagaland,none,none,non_event,1869.8,27.9,289.1,3,5.98,0,constructed_pseudo_absence
NER-2016-000738,2016-03-07 00:00:00,2016,3,0.866,0.5,0,0,0,23.32471,91.42297,Tripura,none,none,non_event,251.6,11.7,71.4,1,5.12,0,constructed_pseudo_absence
NER-2020-000739,2020-07-07 00:00:00,2020,7,0.0,-1.0,1,0,0,24.02666,93.37449,Manipur,downpour,medium,slope_failure,1247.2,26.5,444.2,3,9.13,1,observed_historical_event
NER-2021-000740,2021-06-24 00:00:00,2021,6,0.5,-0.866,1,0,0,25.34175,94.55973,Assam,none,none,non_event,472.6,11.6,424.1,0,87.89,0,constructed_pseudo_absence
NER-2019-000741,2019-06-10 00:00:00,2019,6,0.5,-0.866,1,0,0,22.71503,93.39892,Mizoram,cloudburst,large,rockfall,1120.7,28.0,339.3,1,18.51,1,observed_historical_event
NER-2016-000742,2016-09-26 00:00:00,2016,9,-0.866,-0.5,1,0,0,26.1803,94.57177,Nagaland,downpour,small,debris_flow,1627.3,23.8,258.3,1,0.63,1,observed_historical_event
NER-2018-000743,2018-09-28 00:00:00,2018,9,-0.866,-0.5,1,0,0,24.26719,91.6163,Tripura,downpour,large,rockfall,439.6,14.2,354.2,3,4.26,1,observed_historical_event
NER-2019-000744,2019-07-10 00:00:00,2019,7,0.0,-1.0,1,0,0,23.44173,91.47273,Tripura,continuous_rain,small,slope_failure,521.3,18.9,414.0,1,8.07,1,observed_historical_event
NER-2019-000745,2019-05-11 00:00:00,2019,5,0.866,-0.5,0,1,0,28.00565,88.81717,Sikkim,continuous_rain,large,debris_flow,2601.4,23.7,327.7,1,34.52,1,observed_historical_event
NER-2017-000746,2017-07-16 00:00:00,2017,7,0.0,-1.0,1,0,0,25.34481,92.44218,Meghalaya,cloudburst,medium,landslide,1544.7,33.3,674.1,1,32.97,1,observed_historical_event
NER-2018-000747,2018-08-12 00:00:00,2018,8,-0.5,-0.866,1,0,0,25.06492,90.53976,Meghalaya,downpour,very_large,slope_failure,1127.6,33.5,757.9,0,97.29,1,observed_historical_event
NER-2016-000748,2016-08-07 00:00:00,2016,8,-0.5,-0.866,1,0,0,27.16624,89.9782,Assam,continuous_rain,medium,landslide,116.3,12.8,309.3,1,13.12,1,observed_historical_event
NER-2019-000749,2019-07-20 00:00:00,2019,7,0.0,-1.0,1,0,0,29.33433,93.55866,Arunachal Pradesh,downpour,large,slope_failure,2079.6,42.3,533.5,1,7.68,1,observed_historical_event
NER-2021-000750,2021-06-11 00:00:00,2021,6,0.5,-0.866,1,0,0,26.54603,94.63098,Nagaland,continuous_rain,medium,landslide,1709.1,35.5,582.9,3,14.83,1,observed_historical_event
NER-2021-000751,2021-05-25 00:00:00,2021,5,0.866,-0.5,0,1,0,26.56116,93.19433,Assam,none,none,non_event,517.7,13.3,245.3,1,8.28,0,constructed_pseudo_absence
NER-2019-000752,2019-04-25 00:00:00,2019,4,1.0,0.0,0,1,0,25.11694,91.20737,Assam,none,none,non_event,360.2,18.0,144.7,1,42.33,0,constructed_pseudo_absence
NER-2010-000753,2010-07-11 00:00:00,2010,7,0.0,-1.0,1,0,0,27.08567,92.16773,Arunachal Pradesh,downpour,medium,landslide,2083.2,28.6,522.6,1,15.31,1,observed_historical_event
NER-2018-000754,2018-07-27 00:00:00,2018,7,0.0,-1.0,1,0,0,24.30378,91.02085,Assam,monsoon,small,mudslide,617.9,15.6,442.0,1,1.69,1,observed_historical_event
NER-2018-000755,2018-06-15 00:00:00,2018,6,0.5,-0.866,1,0,0,26.37254,94.27243,Nagaland,none,none,non_event,1373.5,28.0,355.5,1,36.12,0,constructed_pseudo_absence
NER-2021-000756,2021-05-19 00:00:00,2021,5,0.866,-0.5,0,1,0,24.48578,93.09786,Manipur,downpour,small,debris_flow,909.2,18.3,425.9,0,51.64,1,observed_historical_event
NER-2019-000757,2019-12-20 00:00:00,2019,12,-0.5,0.866,0,0,0,26.85747,94.21233,Nagaland,none,none,non_event,1351.7,22.1,23.8,1,26.71,0,constructed_pseudo_absence
NER-2012-000758,2012-10-10 00:00:00,2012,10,-1.0,-0.0,0,0,1,27.54375,88.16064,Sikkim,continuous_rain,medium,landslide,2343.7,41.2,321.0,5,3.56,1,observed_historical_event
NER-2022-000759,2022-10-04 00:00:00,2022,10,-1.0,-0.0,0,0,1,28.75836,95.52279,Arunachal Pradesh,none,none,non_event,2415.0,37.4,162.5,1,13.64,0,constructed_pseudo_absence
NER-2019-000760,2019-03-23 00:00:00,2019,3,0.866,0.5,0,0,0,27.63122,88.213,Sikkim,none,none,non_event,2191.9,31.4,84.3,5,9.11,0,constructed_pseudo_absence
NER-2021-000761,2021-07-26 00:00:00,2021,7,0.0,-1.0,1,0,0,24.08591,93.46063,Manipur,continuous_rain,medium,mudslide,979.6,14.1,912.8,3,6.43,1,observed_historical_event
NER-2016-000762,2016-07-15 00:00:00,2016,7,0.0,-1.0,1,0,0,27.62182,88.36728,Sikkim,continuous_rain,medium,debris_flow,2546.6,40.1,539.7,5,21.16,1,observed_historical_event
NER-2019-000763,2019-06-14 00:00:00,2019,6,0.5,-0.866,1,0,0,23.97153,91.54796,Tripura,continuous_rain,large,mudslide,538.6,15.2,499.1,3,6.79,1,observed_historical_event
NER-2010-000764,2010-11-26 00:00:00,2010,11,-0.866,0.5,0,0,1,27.02302,92.19224,Arunachal Pradesh,none,none,non_event,2201.0,35.4,33.1,1,9.91,0,constructed_pseudo_absence
NER-2022-000765,2022-06-04 00:00:00,2022,6,0.5,-0.866,1,0,0,25.36417,91.42168,Meghalaya,downpour,medium,mudslide,1248.4,23.0,609.0,1,9.82,1,observed_historical_event
NER-2009-000766,2009-07-03 00:00:00,2009,7,0.0,-1.0,1,0,0,27.37188,88.69243,Sikkim,downpour,small,landslide,2244.0,38.3,564.4,2,38.29,1,observed_historical_event
NER-2014-000767,2014-10-22 00:00:00,2014,10,-1.0,-0.0,0,0,1,23.34624,91.52196,Tripura,none,none,non_event,481.5,21.9,98.6,1,7.25,0,constructed_pseudo_absence
NER-2016-000768,2016-05-16 00:00:00,2016,5,0.866,-0.5,0,1,0,23.51401,91.74682,Tripura,downpour,small,rockfall,317.5,25.2,227.6,3,34.5,1,observed_historical_event
NER-2016-000769,2016-05-27 00:00:00,2016,5,0.866,-0.5,0,1,0,25.55239,93.81844,Manipur,monsoon,small,rockfall,1285.8,23.6,549.6,2,28.85,1,observed_historical_event
NER-2021-000770,2021-08-17 00:00:00,2021,8,-0.5,-0.866,1,0,0,29.01509,95.09947,Arunachal Pradesh,continuous_rain,small,rockfall,1983.2,28.6,446.3,2,5.64,1,observed_historical_event
NER-2020-000771,2020-06-04 00:00:00,2020,6,0.5,-0.866,1,0,0,29.40884,91.95324,Arunachal Pradesh,none,none,non_event,2160.8,27.6,461.0,0,151.7,0,constructed_pseudo_absence
NER-2018-000772,2018-09-19 00:00:00,2018,9,-0.866,-0.5,1,0,0,24.23459,93.8004,Manipur,continuous_rain,medium,debris_flow,1344.7,26.1,263.8,3,25.66,1,observed_historical_event
NER-2020-000773,2020-09-12 00:00:00,2020,9,-0.866,-0.5,1,0,0,25.39139,94.19995,Nagaland,downpour,medium,mudslide,1478.1,31.8,350.5,0,58.41,1,observed_historical_event
NER-2020-000774,2020-05-07 00:00:00,2020,5,0.866,-0.5,0,1,0,27.46491,88.21403,Sikkim,downpour,small,rockfall,2519.3,43.1,243.1,4,6.03,1,observed_historical_event
NER-2016-000775,2016-04-22 00:00:00,2016,4,1.0,0.0,0,1,0,27.67324,88.17854,Sikkim,continuous_rain,small,rockfall,2109.0,37.2,273.2,5,2.51,1,observed_historical_event
NER-2017-000776,2017-09-05 00:00:00,2017,9,-0.866,-0.5,1,0,0,24.36518,92.93432,Assam,none,none,non_event,858.8,15.4,250.1,0,64.01,0,constructed_pseudo_absence
NER-2019-000777,2019-02-11 00:00:00,2019,2,0.5,0.866,0,0,0,25.2498,94.57615,Nagaland,none,none,non_event,1693.9,37.9,55.1,0,93.96,0,constructed_pseudo_absence
NER-2022-000778,2022-07-08 00:00:00,2022,7,0.0,-1.0,1,0,0,25.71773,94.76889,Nagaland,continuous_rain,medium,rockfall,1741.7,38.9,429.9,0,55.78,1,observed_historical_event
NER-2020-000779,2020-07-10 00:00:00,2020,7,0.0,-1.0,1,0,0,23.12177,92.78535,Mizoram,monsoon,small,debris_flow,1068.3,25.1,475.9,2,38.54,1,observed_historical_event
NER-2009-000780,2009-05-09 00:00:00,2009,5,0.866,-0.5,0,1,0,24.2996,91.81332,Tripura,downpour,medium,rockfall,308.5,17.2,260.1,3,16.75,1,observed_historical_event
NER-2017-000781,2017-08-26 00:00:00,2017,8,-0.5,-0.866,1,0,0,26.69341,94.8324,Nagaland,continuous_rain,medium,mudslide,1407.9,33.6,311.0,2,11.54,1,observed_historical_event
NER-2021-000782,2021-09-12 00:00:00,2021,9,-0.866,-0.5,1,0,0,22.37254,92.84735,Mizoram,continuous_rain,medium,landslide,1008.6,34.0,353.7,3,17.15,1,observed_historical_event
NER-2020-000783,2020-07-09 00:00:00,2020,7,0.0,-1.0,1,0,0,24.28849,91.68343,Tripura,downpour,medium,landslide,261.8,26.8,412.4,3,1.89,1,observed_historical_event
NER-2020-000784,2020-05-26 00:00:00,2020,5,0.866,-0.5,0,1,0,24.11883,93.70658,Manipur,none,none,non_event,1023.2,25.2,255.0,3,17.1,0,constructed_pseudo_absence
NER-2013-000785,2013-09-05 00:00:00,2013,9,-0.866,-0.5,1,0,0,24.95772,93.73523,Manipur,none,none,non_event,1204.7,22.8,205.7,2,4.97,0,constructed_pseudo_absence
NER-2016-000786,2016-03-28 00:00:00,2016,3,0.866,0.5,0,0,0,24.24083,93.57514,Manipur,none,none,non_event,1053.8,28.8,54.5,3,5.48,0,constructed_pseudo_absence
NER-2016-000787,2016-09-14 00:00:00,2016,9,-0.866,-0.5,1,0,0,23.60804,91.987,Tripura,continuous_rain,medium,slope_failure,271.1,24.4,279.8,1,39.0,1,observed_historical_event
NER-2020-000788,2020-06-15 00:00:00,2020,6,0.5,-0.866,1,0,0,27.44161,88.64794,Sikkim,continuous_rain,small,debris_flow,2332.9,29.5,486.2,3,35.05,1,observed_historical_event
NER-2011-000789,2011-07-03 00:00:00,2011,7,0.0,-1.0,1,0,0,23.23899,92.19024,Tripura,downpour,medium,debris_flow,80.0,11.0,568.9,1,7.43,1,observed_historical_event
NER-2020-000790,2020-07-20 00:00:00,2020,7,0.0,-1.0,1,0,0,27.74483,92.30284,Arunachal Pradesh,downpour,small,debris_flow,1755.0,34.5,430.0,1,23.26,1,observed_historical_event
NER-2019-000791,2019-05-06 00:00:00,2019,5,0.866,-0.5,0,1,0,24.05052,93.49822,Manipur,none,none,non_event,1045.4,16.5,274.8,3,3.83,0,constructed_pseudo_absence
NER-2019-000792,2019-09-08 00:00:00,2019,9,-0.866,-0.5,1,0,0,24.26183,93.54376,Manipur,downpour,small,slope_failure,1122.5,25.3,360.5,3,3.56,1,observed_historical_event
NER-2017-000793,2017-08-17 00:00:00,2017,8,-0.5,-0.866,1,0,0,27.57596,88.81061,Sikkim,downpour,medium,rockfall,2587.3,40.8,477.7,1,31.32,1,observed_historical_event
NER-2021-000794,2021-05-21 00:00:00,2021,5,0.866,-0.5,0,1,0,26.72259,97.29885,Arunachal Pradesh,continuous_rain,large,rockfall,2122.8,43.4,283.4,0,256.52,1,observed_historical_event
NER-2020-000795,2020-10-06 00:00:00,2020,10,-1.0,-0.0,0,0,1,25.68176,93.4701,Nagaland,downpour,small,rockfall,1792.5,43.2,218.9,2,2.07,1,observed_historical_event
NER-2021-000796,2021-08-15 00:00:00,2021,8,-0.5,-0.866,1,0,0,25.86958,92.04768,Meghalaya,continuous_rain,medium,rockfall,1300.9,19.6,487.6,2,11.38,1,observed_historical_event
NER-2016-000797,2016-05-05 00:00:00,2016,5,0.866,-0.5,0,1,0,24.37639,91.4545,Tripura,none,none,non_event,564.3,9.7,247.0,3,17.9,0,constructed_pseudo_absence
NER-2022-000798,2022-09-03 00:00:00,2022,9,-0.866,-0.5,1,0,0,24.19171,91.60303,Tripura,continuous_rain,medium,rockfall,318.2,7.7,377.3,3,9.8,1,observed_historical_event
NER-2018-000799,2018-05-02 00:00:00,2018,5,0.866,-0.5,0,1,0,23.83699,92.16024,Tripura,none,none,non_event,321.6,18.3,246.6,0,58.6,0,constructed_pseudo_absence
NER-2014-000800,2014-06-23 00:00:00,2014,6,0.5,-0.866,1,0,0,29.36827,93.62516,Arunachal Pradesh,downpour,medium,mudslide,2070.4,44.6,463.1,1,12.94,1,observed_historical_event
NER-2020-000801,2020-05-07 00:00:00,2020,5,0.866,-0.5,0,1,0,28.88716,95.59831,Arunachal Pradesh,none,none,non_event,2431.7,22.6,263.8,1,2.58,0,constructed_pseudo_absence
NER-2018-000802,2018-07-12 00:00:00,2018,7,0.0,-1.0,1,0,0,24.42907,91.4097,Tripura,continuous_rain,large,slope_failure,192.8,6.4,547.3,3,24.92,1,observed_historical_event
NER-2016-000803,2016-06-09 00:00:00,2016,6,0.5,-0.866,1,0,0,25.80844,91.72059,Meghalaya,continuous_rain,large,mudslide,1236.1,21.9,613.9,4,10.48,1,observed_historical_event
NER-2019-000804,2019-06-11 00:00:00,2019,6,0.5,-0.866,1,0,0,22.68866,93.31478,Mizoram,downpour,medium,landslide,1201.6,35.6,457.4,2,10.26,1,observed_historical_event
NER-2019-000805,2019-09-16 00:00:00,2019,9,-0.866,-0.5,1,0,0,25.64574,91.04838,Assam,none,none,non_event,683.2,22.2,255.4,1,46.12,0,constructed_pseudo_absence
NER-2016-000806,2016-08-01 00:00:00,2016,8,-0.5,-0.866,1,0,0,24.98046,93.39615,Assam,downpour,very_large,debris_flow,467.0,18.1,388.9,3,3.27,1,observed_historical_event
NER-2018-000807,2018-06-02 00:00:00,2018,6,0.5,-0.866,1,0,0,24.42115,89.94894,Assam,none,none,non_event,487.2,8.1,548.5,0,108.62,0,constructed_pseudo_absence
NER-2020-000808,2020-03-20 00:00:00,2020,3,0.866,0.5,0,0,0,24.94564,93.21001,Manipur,none,none,non_event,1069.1,33.0,52.4,4,16.88,0,constructed_pseudo_absence
NER-2022-000809,2022-06-17 00:00:00,2022,6,0.5,-0.866,1,0,0,26.78967,92.24234,Arunachal Pradesh,downpour,small,landslide,1744.6,27.6,467.5,1,20.43,1,observed_historical_event
NER-2021-000810,2021-03-25 00:00:00,2021,3,0.866,0.5,0,0,0,23.80569,91.53477,Tripura,none,none,non_event,488.2,19.1,88.5,3,14.07,0,constructed_pseudo_absence
NER-2018-000811,2018-04-07 00:00:00,2018,4,1.0,0.0,0,1,0,23.44902,92.1736,Tripura,none,none,non_event,369.6,24.7,151.0,1,17.79,0,constructed_pseudo_absence
NER-2021-000812,2021-11-14 00:00:00,2021,11,-0.866,0.5,0,0,1,29.37839,95.93393,Arunachal Pradesh,none,none,non_event,2184.2,32.0,59.3,0,64.84,0,constructed_pseudo_absence
NER-2011-000813,2011-07-16 00:00:00,2011,7,0.0,-1.0,1,0,0,28.00267,88.66267,Sikkim,downpour,medium,slope_failure,2291.3,46.3,543.4,2,25.95,1,observed_historical_event
NER-2021-000814,2021-09-24 00:00:00,2021,9,-0.866,-0.5,1,0,0,28.91235,95.10346,Arunachal Pradesh,none,none,non_event,2257.6,37.1,292.6,2,9.46,0,constructed_pseudo_absence
NER-2018-000815,2018-01-19 00:00:00,2018,1,0.0,1.0,0,0,0,24.16694,91.66942,Tripura,none,none,non_event,177.8,3.3,17.6,3,12.29,0,constructed_pseudo_absence
NER-2021-000816,2021-09-27 00:00:00,2021,9,-0.866,-0.5,1,0,0,23.3692,91.50943,Tripura,cloudburst,large,debris_flow,504.8,19.3,453.2,1,6.27,1,observed_historical_event
NER-2021-000817,2021-02-19 00:00:00,2021,2,0.5,0.866,0,0,0,24.97138,93.72233,Manipur,continuous_rain,small,mudslide,1130.3,39.5,17.7,2,3.43,1,observed_historical_event
NER-2021-000818,2021-08-06 00:00:00,2021,8,-0.5,-0.866,1,0,0,26.72006,92.31813,Assam,continuous_rain,medium,landslide,342.4,13.6,348.0,1,30.12,1,observed_historical_event
NER-2008-000819,2008-10-03 00:00:00,2008,10,-1.0,-0.0,0,0,1,27.19826,95.64949,Assam,none,none,non_event,440.7,10.6,157.6,0,111.21,0,constructed_pseudo_absence
NER-2020-000820,2020-05-03 00:00:00,2020,5,0.866,-0.5,0,1,0,24.96108,92.94583,Assam,none,none,non_event,463.0,14.4,379.3,3,9.24,0,constructed_pseudo_absence
NER-2018-000821,2018-04-27 00:00:00,2018,4,1.0,0.0,0,1,0,24.85726,95.94402,Assam,none,none,non_event,599.6,13.9,145.2,0,202.13,0,constructed_pseudo_absence
NER-2020-000822,2020-07-25 00:00:00,2020,7,0.0,-1.0,1,0,0,25.76709,92.72841,Meghalaya,downpour,medium,landslide,1325.3,24.0,1118.5,1,22.91,1,observed_historical_event
NER-2018-000823,2018-01-22 00:00:00,2018,1,0.0,1.0,0,0,0,25.71359,91.0466,Meghalaya,none,none,non_event,1751.5,21.4,70.8,0,50.42,0,constructed_pseudo_absence
NER-2020-000824,2020-12-24 00:00:00,2020,12,-0.5,0.866,0,0,0,26.94728,96.28389,Arunachal Pradesh,none,none,non_event,1999.7,30.6,2.0,0,157.89,0,constructed_pseudo_absence
NER-2017-000825,2017-08-27 00:00:00,2017,8,-0.5,-0.866,1,0,0,24.2576,93.7159,Manipur,downpour,medium,mudslide,1474.4,24.9,344.6,3,15.66,1,observed_historical_event
NER-2009-000826,2009-06-04 00:00:00,2009,6,0.5,-0.866,1,0,0,28.8272,93.37804,Arunachal Pradesh,monsoon,medium,landslide,2531.8,41.3,467.6,0,52.27,1,observed_historical_event
NER-2019-000827,2019-08-02 00:00:00,2019,8,-0.5,-0.866,1,0,0,24.13179,93.58448,Manipur,downpour,large,rockfall,801.9,33.1,303.6,3,8.59,1,observed_historical_event
NER-2017-000828,2017-05-19 00:00:00,2017,5,0.866,-0.5,0,1,0,25.11426,92.23674,Meghalaya,none,none,non_event,1035.6,36.9,331.2,0,65.42,0,constructed_pseudo_absence
NER-2018-000829,2018-07-24 00:00:00,2018,7,0.0,-1.0,1,0,0,27.24693,88.51543,Sikkim,continuous_rain,medium,slope_failure,2244.2,31.3,560.7,2,26.25,1,observed_historical_event
NER-2016-000830,2016-08-09 00:00:00,2016,8,-0.5,-0.866,1,0,0,25.54744,92.73345,Meghalaya,downpour,medium,mudslide,1095.3,24.2,600.4,1,11.87,1,observed_historical_event
NER-2008-000831,2008-08-22 00:00:00,2008,8,-0.5,-0.866,1,0,0,25.57611,92.66329,Meghalaya,continuous_rain,small,landslide,1190.9,21.6,466.4,1,3.62,1,observed_historical_event
NER-2020-000832,2020-08-15 00:00:00,2020,8,-0.5,-0.866,1,0,0,26.74396,93.57724,Nagaland,downpour,small,landslide,1127.4,26.4,432.3,1,47.59,1,observed_historical_event
NER-2022-000833,2022-03-15 00:00:00,2022,3,0.866,0.5,0,0,0,27.47736,92.57173,Arunachal Pradesh,none,none,non_event,2325.3,32.4,114.2,1,17.89,0,constructed_pseudo_absence
NER-2019-000834,2019-05-28 00:00:00,2019,5,0.866,-0.5,0,1,0,24.13346,93.53034,Manipur,none,none,non_event,782.5,31.7,218.7,3,6.79,0,constructed_pseudo_absence
NER-2021-000835,2021-06-09 00:00:00,2021,6,0.5,-0.866,1,0,0,27.38826,95.38393,Arunachal Pradesh,none,none,non_event,1984.2,21.1,331.7,0,104.43,0,constructed_pseudo_absence
NER-2021-000836,2021-10-28 00:00:00,2021,10,-1.0,-0.0,0,0,1,25.87889,91.38976,Meghalaya,none,none,non_event,1064.7,30.4,205.4,3,13.23,0,constructed_pseudo_absence
NER-2017-000837,2017-05-24 00:00:00,2017,5,0.866,-0.5,0,1,0,22.40967,93.17368,Mizoram,downpour,medium,mudslide,808.2,32.2,327.4,2,14.57,1,observed_historical_event
NER-2022-000838,2022-05-11 00:00:00,2022,5,0.866,-0.5,0,1,0,22.42478,93.02528,Mizoram,continuous_rain,medium,landslide,1081.5,24.1,236.8,3,1.55,1,observed_historical_event
NER-2017-000839,2017-08-07 00:00:00,2017,8,-0.5,-0.866,1,0,0,23.28812,92.32177,Tripura,cloudburst,medium,landslide,80.0,27.9,399.8,2,17.47,1,observed_historical_event
NER-2021-000840,2021-05-06 00:00:00,2021,5,0.866,-0.5,0,1,0,25.76546,89.81907,Meghalaya,continuous_rain,large,debris_flow,1640.0,28.9,318.8,0,158.14,1,observed_historical_event
NER-2017-000841,2017-02-04 00:00:00,2017,2,0.5,0.866,0,0,0,23.81473,91.90076,Tripura,none,none,non_event,421.0,21.1,35.1,1,33.72,0,constructed_pseudo_absence
NER-2021-000842,2021-06-20 00:00:00,2021,6,0.5,-0.866,1,0,0,25.07828,93.04643,Manipur,monsoon,small,rockfall,911.9,36.2,515.8,3,13.34,1,observed_historical_event
NER-2017-000843,2017-08-14 00:00:00,2017,8,-0.5,-0.866,1,0,0,22.65174,93.28155,Mizoram,continuous_rain,large,slope_failure,1269.8,36.4,554.5,2,4.88,1,observed_historical_event
NER-2014-000844,2014-04-27 00:00:00,2014,4,1.0,0.0,0,1,0,25.30709,90.58069,Meghalaya,continuous_rain,large,slope_failure,1595.8,34.3,359.5,0,87.92,1,observed_historical_event
NER-2019-000845,2019-10-19 00:00:00,2019,10,-1.0,-0.0,0,0,1,27.28515,90.03284,Assam,none,none,non_event,112.9,24.5,173.3,1,22.29,0,constructed_pseudo_absence
NER-2016-000846,2016-06-18 00:00:00,2016,6,0.5,-0.866,1,0,0,25.41933,91.48337,Meghalaya,continuous_rain,medium,slope_failure,1301.6,28.0,801.7,2,3.91,1,observed_historical_event
NER-2020-000847,2020-03-25 00:00:00,2020,3,0.866,0.5,0,0,0,26.08611,94.33572,Nagaland,none,none,non_event,1658.0,32.0,88.2,1,24.64,0,constructed_pseudo_absence
NER-2017-000848,2017-08-26 00:00:00,2017,8,-0.5,-0.866,1,0,0,27.13512,88.63476,Sikkim,continuous_rain,very_large,landslide,2182.9,30.5,491.9,1,42.61,1,observed_historical_event
NER-2020-000849,2020-07-25 00:00:00,2020,7,0.0,-1.0,1,0,0,24.42421,91.08749,Assam,downpour,medium,slope_failure,645.4,7.5,412.2,2,15.07,1,observed_historical_event
NER-2016-000850,2016-07-15 00:00:00,2016,7,0.0,-1.0,1,0,0,22.5045,92.71506,Mizoram,downpour,medium,landslide,1154.5,30.9,531.2,3,12.57,1,observed_historical_event
NER-2020-000851,2020-05-11 00:00:00,2020,5,0.866,-0.5,0,1,0,28.77664,95.69006,Arunachal Pradesh,none,none,non_event,2301.2,27.5,247.2,1,14.52,0,constructed_pseudo_absence
NER-2020-000852,2020-07-20 00:00:00,2020,7,0.0,-1.0,1,0,0,26.9027,94.35044,Nagaland,cloudburst,large,debris_flow,1492.1,35.6,497.0,2,14.42,1,observed_historical_event
NER-2021-000853,2021-05-28 00:00:00,2021,5,0.866,-0.5,0,1,0,27.62485,88.4526,Sikkim,none,none,non_event,2509.5,32.4,262.4,5,21.86,0,constructed_pseudo_absence
NER-2016-000854,2016-04-13 00:00:00,2016,4,1.0,0.0,0,1,0,25.32467,90.31261,Meghalaya,continuous_rain,medium,debris_flow,1400.1,34.1,329.5,0,114.05,1,observed_historical_event
NER-2018-000855,2018-11-09 00:00:00,2018,11,-0.866,0.5,0,0,1,26.91229,94.42826,Nagaland,none,none,non_event,1304.6,26.6,37.0,2,7.48,0,constructed_pseudo_absence
NER-2021-000856,2021-08-11 00:00:00,2021,8,-0.5,-0.866,1,0,0,26.13609,94.75859,Nagaland,downpour,medium,slope_failure,1794.6,38.0,319.8,1,19.94,1,observed_historical_event
NER-2018-000857,2018-05-23 00:00:00,2018,5,0.866,-0.5,0,1,0,25.61369,92.56853,Meghalaya,none,none,non_event,1432.2,24.1,407.8,1,6.29,0,constructed_pseudo_absence
NER-2012-000858,2012-05-07 00:00:00,2012,5,0.866,-0.5,0,1,0,27.80951,88.68172,Sikkim,none,none,non_event,2115.5,24.8,260.1,2,10.39,0,constructed_pseudo_absence
NER-2021-000859,2021-09-04 00:00:00,2021,9,-0.866,-0.5,1,0,0,23.42956,91.43755,Tripura,downpour,medium,landslide,541.4,21.1,314.2,1,7.59,1,observed_historical_event
NER-2015-000860,2015-08-11 00:00:00,2015,8,-0.5,-0.866,1,0,0,24.4717,95.75266,Assam,downpour,small,landslide,328.8,13.0,501.3,0,217.31,1,observed_historical_event
NER-2016-000861,2016-07-27 00:00:00,2016,7,0.0,-1.0,1,0,0,24.30325,92.49326,Mizoram,downpour,medium,rockfall,1390.4,28.0,653.8,0,85.56,1,observed_historical_event
NER-2020-000862,2020-08-05 00:00:00,2020,8,-0.5,-0.866,1,0,0,25.08388,91.61107,Meghalaya,downpour,medium,debris_flow,1374.6,29.4,583.0,1,42.6,1,observed_historical_event
NER-2019-000863,2019-05-27 00:00:00,2019,5,0.866,-0.5,0,1,0,29.33064,95.07875,Arunachal Pradesh,cloudburst,medium,debris_flow,2362.7,38.1,306.2,1,37.43,1,observed_historical_event
NER-2008-000864,2008-09-21 00:00:00,2008,9,-0.866,-0.5,1,0,0,26.66309,94.906,Nagaland,continuous_rain,large,landslide,1274.6,43.4,428.1,2,19.13,1,observed_historical_event
NER-2020-000865,2020-03-28 00:00:00,2020,3,0.866,0.5,0,0,0,25.89531,94.60133,Nagaland,none,none,non_event,1390.0,42.8,91.7,1,32.61,0,constructed_pseudo_absence
NER-2020-000866,2020-07-14 00:00:00,2020,7,0.0,-1.0,1,0,0,27.55966,88.77032,Sikkim,downpour,very_large,landslide,2514.1,45.5,841.6,1,30.57,1,observed_historical_event
NER-2018-000867,2018-06-16 00:00:00,2018,6,0.5,-0.866,1,0,0,24.36036,91.98399,Tripura,none,none,non_event,619.2,21.5,285.5,2,33.37,0,constructed_pseudo_absence
NER-2021-000868,2021-01-27 00:00:00,2021,1,0.0,1.0,0,0,0,23.66069,92.90462,Mizoram,none,none,non_event,1101.7,27.7,50.1,1,11.64,0,constructed_pseudo_absence
NER-2020-000869,2020-08-20 00:00:00,2020,8,-0.5,-0.866,1,0,0,27.82014,95.18446,Arunachal Pradesh,continuous_rain,medium,rockfall,2273.1,32.5,462.7,0,124.09,1,observed_historical_event
NER-2022-000870,2022-06-13 00:00:00,2022,6,0.5,-0.866,1,0,0,24.88065,93.26448,Manipur,monsoon,large,mudslide,1310.1,28.2,524.8,4,20.51,1,observed_historical_event
NER-2017-000871,2017-08-14 00:00:00,2017,8,-0.5,-0.866,1,0,0,25.90157,91.51001,Meghalaya,continuous_rain,large,rockfall,1273.6,34.3,607.7,3,2.88,1,observed_historical_event
NER-2017-000872,2017-06-22 00:00:00,2017,6,0.5,-0.866,1,0,0,25.39798,90.53189,Meghalaya,none,none,non_event,1223.6,33.4,976.1,0,92.86,0,constructed_pseudo_absence
NER-2009-000873,2009-11-23 00:00:00,2009,11,-0.866,0.5,0,0,1,25.98147,93.35689,Nagaland,none,none,non_event,1519.6,21.1,39.0,1,35.66,0,constructed_pseudo_absence
NER-2019-000874,2019-07-12 00:00:00,2019,7,0.0,-1.0,1,0,0,25.05852,92.85681,Assam,none,none,non_event,292.3,4.5,384.9,2,6.63,0,constructed_pseudo_absence
NER-2022-000875,2022-04-27 00:00:00,2022,4,1.0,0.0,0,1,0,23.51875,92.93614,Mizoram,monsoon,small,mudslide,1310.8,21.3,239.8,1,5.62,1,observed_historical_event
NER-2019-000876,2019-03-02 00:00:00,2019,3,0.866,0.5,0,0,0,25.63488,93.4538,Nagaland,none,none,non_event,1576.0,32.8,112.3,2,2.61,0,constructed_pseudo_absence
NER-2018-000877,2018-03-21 00:00:00,2018,3,0.866,0.5,0,0,0,27.95073,88.32318,Sikkim,none,none,non_event,2588.4,42.2,67.5,3,13.29,0,constructed_pseudo_absence
NER-2018-000878,2018-05-09 00:00:00,2018,5,0.866,-0.5,0,1,0,26.84972,92.19068,Arunachal Pradesh,continuous_rain,small,mudslide,1735.3,36.0,531.1,1,12.38,1,observed_historical_event
NER-2019-000879,2019-08-27 00:00:00,2019,8,-0.5,-0.866,1,0,0,25.21641,93.28917,Assam,none,none,non_event,634.5,11.1,310.8,4,18.48,0,constructed_pseudo_absence
NER-2017-000880,2017-05-15 00:00:00,2017,5,0.866,-0.5,0,1,0,24.35405,93.5433,Manipur,none,none,non_event,1249.3,17.9,275.7,3,7.76,0,constructed_pseudo_absence
NER-2017-000881,2017-08-03 00:00:00,2017,8,-0.5,-0.866,1,0,0,27.05049,88.14573,Sikkim,continuous_rain,medium,landslide,2469.8,34.0,464.0,1,39.89,1,observed_historical_event
NER-2021-000882,2021-07-10 00:00:00,2021,7,0.0,-1.0,1,0,0,23.28807,92.09483,Tripura,continuous_rain,medium,landslide,178.3,12.3,560.0,1,5.61,1,observed_historical_event
NER-2022-000883,2022-03-16 00:00:00,2022,3,0.866,0.5,0,0,0,25.69137,92.55085,Meghalaya,none,none,non_event,1544.8,21.5,200.8,1,14.46,0,constructed_pseudo_absence
NER-2017-000884,2017-05-14 00:00:00,2017,5,0.866,-0.5,0,1,0,28.90746,95.16827,Arunachal Pradesh,none,none,non_event,2404.2,31.1,318.8,2,14.74,0,constructed_pseudo_absence
NER-2018-000885,2018-06-11 00:00:00,2018,6,0.5,-0.866,1,0,0,26.96709,92.14697,Arunachal Pradesh,continuous_rain,medium,rockfall,2153.8,36.9,573.4,1,2.89,1,observed_historical_event
NER-2022-000886,2022-04-26 00:00:00,2022,4,1.0,0.0,0,1,0,26.85152,94.51928,Nagaland,downpour,large,debris_flow,1098.2,23.0,130.1,2,3.87,1,observed_historical_event
NER-2019-000887,2019-07-24 00:00:00,2019,7,0.0,-1.0,1,0,0,24.39153,91.05882,Assam,monsoon,small,rockfall,717.5,9.6,451.3,2,11.56,1,observed_historical_event
NER-2022-000888,2022-01-06 00:00:00,2022,1,0.0,1.0,0,0,0,25.18256,93.05795,Manipur,none,none,non_event,1309.7,18.4,26.4,3,15.4,0,constructed_pseudo_absence
NER-2018-000889,2018-08-10 00:00:00,2018,8,-0.5,-0.866,1,0,0,24.44167,94.32376,Manipur,continuous_rain,large,landslide,1271.6,34.6,372.8,0,79.03,1,observed_historical_event
NER-2020-000890,2020-06-13 00:00:00,2020,6,0.5,-0.866,1,0,0,29.00225,94.92509,Arunachal Pradesh,none,none,non_event,1836.0,36.0,471.7,1,10.53,0,constructed_pseudo_absence
NER-2017-000891,2017-09-19 00:00:00,2017,9,-0.866,-0.5,1,0,0,23.70929,91.96225,Tripura,none,none,non_event,290.3,25.8,274.5,2,44.4,0,constructed_pseudo_absence
NER-2016-000892,2016-06-06 00:00:00,2016,6,0.5,-0.866,1,0,0,23.96025,92.64242,Mizoram,none,none,non_event,1048.8,24.6,463.6,0,52.36,0,constructed_pseudo_absence
NER-2020-000893,2020-02-22 00:00:00,2020,2,0.5,0.866,0,0,0,23.5955,92.87982,Mizoram,none,none,non_event,1170.1,15.9,43.6,1,5.3,0,constructed_pseudo_absence
NER-2022-000894,2022-07-06 00:00:00,2022,7,0.0,-1.0,1,0,0,28.43845,92.28528,Arunachal Pradesh,downpour,very_large,slope_failure,2074.8,26.9,496.9,0,94.0,1,observed_historical_event
NER-2022-000895,2022-06-16 00:00:00,2022,6,0.5,-0.866,1,0,0,23.39387,93.04425,Mizoram,continuous_rain,small,slope_failure,1238.1,33.7,346.5,1,22.84,1,observed_historical_event
NER-2016-000896,2016-10-16 00:00:00,2016,10,-1.0,-0.0,0,0,1,25.76371,93.42269,Nagaland,none,none,non_event,1711.3,34.9,127.6,2,10.72,0,constructed_pseudo_absence
NER-2009-000897,2009-10-04 00:00:00,2009,10,-1.0,-0.0,0,0,1,26.4361,90.73833,Assam,none,none,non_event,401.3,13.5,136.1,0,98.77,0,constructed_pseudo_absence
NER-2018-000898,2018-05-04 00:00:00,2018,5,0.866,-0.5,0,1,0,26.66507,94.77261,Nagaland,downpour,medium,rockfall,1682.3,31.7,207.9,2,6.52,1,observed_historical_event
NER-2020-000899,2020-05-28 00:00:00,2020,5,0.866,-0.5,0,1,0,27.66488,88.30034,Sikkim,continuous_rain,medium,slope_failure,2300.4,46.5,246.8,5,14.58,1,observed_historical_event
NER-2016-000900,2016-05-05 00:00:00,2016,5,0.866,-0.5,0,1,0,28.83284,95.01484,Arunachal Pradesh,continuous_rain,small,debris_flow,2256.9,28.5,235.7,1,18.09,1,observed_historical_event
NER-2018-000901,2018-06-06 00:00:00,2018,6,0.5,-0.866,1,0,0,23.68946,91.58098,Tripura,none,none,non_event,265.0,20.6,375.8,2,25.14,0,constructed_pseudo_absence
NER-2017-000902,2017-06-20 00:00:00,2017,6,0.5,-0.866,1,0,0,25.63851,94.46235,Manipur,none,none,non_event,1138.7,31.8,335.3,0,61.37,0,constructed_pseudo_absence
NER-2020-000903,2020-08-08 00:00:00,2020,8,-0.5,-0.866,1,0,0,22.75209,93.35692,Mizoram,downpour,small,mudslide,1141.5,19.7,562.1,1,16.49,1,observed_historical_event
NER-2017-000904,2017-08-10 00:00:00,2017,8,-0.5,-0.866,1,0,0,25.72705,93.84296,Nagaland,downpour,medium,rockfall,1653.8,24.1,379.2,2,9.7,1,observed_historical_event
NER-2016-000905,2016-04-28 00:00:00,2016,4,1.0,0.0,0,1,0,26.24874,94.53181,Nagaland,none,none,non_event,1365.7,32.1,159.8,2,7.78,0,constructed_pseudo_absence
NER-2016-000906,2016-04-20 00:00:00,2016,4,1.0,0.0,0,1,0,28.79754,95.49932,Arunachal Pradesh,downpour,medium,debris_flow,2409.5,39.9,296.2,2,11.66,1,observed_historical_event
NER-2019-000907,2019-07-03 00:00:00,2019,7,0.0,-1.0,1,0,0,27.11313,92.56592,Arunachal Pradesh,downpour,small,slope_failure,2179.1,31.2,553.3,1,44.41,1,observed_historical_event
NER-2020-000908,2020-09-28 00:00:00,2020,9,-0.866,-0.5,1,0,0,27.91536,96.80794,Arunachal Pradesh,downpour,medium,landslide,2182.2,39.2,348.7,0,160.64,1,observed_historical_event
NER-2022-000909,2022-08-07 00:00:00,2022,8,-0.5,-0.866,1,0,0,25.72094,92.69986,Meghalaya,continuous_rain,medium,mudslide,1493.3,34.4,603.9,1,17.26,1,observed_historical_event
NER-2021-000910,2021-09-03 00:00:00,2021,9,-0.866,-0.5,1,0,0,25.62529,94.34625,Nagaland,none,none,non_event,1613.4,27.1,331.8,0,53.25,0,constructed_pseudo_absence
NER-2018-000911,2018-05-04 00:00:00,2018,5,0.866,-0.5,0,1,0,22.39734,92.86411,Mizoram,downpour,large,rockfall,1150.1,42.9,326.7,3,16.55,1,observed_historical_event
NER-2022-000912,2022-09-15 00:00:00,2022,9,-0.866,-0.5,1,0,0,23.38477,91.4737,Tripura,downpour,medium,debris_flow,525.9,18.0,448.3,1,3.16,1,observed_historical_event
NER-2016-000913,2016-09-25 00:00:00,2016,9,-0.866,-0.5,1,0,0,25.14819,90.89292,Meghalaya,monsoon,medium,rockfall,1208.9,26.5,382.6,0,63.48,1,observed_historical_event
NER-2017-000914,2017-08-24 00:00:00,2017,8,-0.5,-0.866,1,0,0,23.49551,91.7172,Tripura,road_cutting,medium,mudslide,368.8,22.3,402.6,3,31.39,1,observed_historical_event
NER-2019-000915,2019-07-27 00:00:00,2019,7,0.0,-1.0,1,0,0,25.30907,93.57732,Manipur,cloudburst,small,mudslide,1112.5,24.5,616.1,4,37.6,1,observed_historical_event
NER-2021-000916,2021-10-24 00:00:00,2021,10,-1.0,-0.0,0,0,1,28.92024,95.60863,Arunachal Pradesh,continuous_rain,very_large,landslide,2341.3,33.4,188.9,1,6.53,1,observed_historical_event
NER-2016-000917,2016-07-24 00:00:00,2016,7,0.0,-1.0,1,0,0,24.38644,91.1471,Assam,monsoon,medium,landslide,871.8,8.9,456.2,2,16.0,1,observed_historical_event
NER-2017-000918,2017-02-20 00:00:00,2017,2,0.5,0.866,0,0,0,26.00368,94.6737,Nagaland,none,none,non_event,1480.6,17.9,54.7,1,23.8,0,constructed_pseudo_absence
NER-2017-000919,2017-06-11 00:00:00,2017,6,0.5,-0.866,1,0,0,27.64642,88.0917,Sikkim,downpour,medium,slope_failure,2297.7,28.5,654.9,4,8.58,1,observed_historical_event
NER-2008-000920,2008-07-11 00:00:00,2008,7,0.0,-1.0,1,0,0,27.03537,93.19161,Arunachal Pradesh,continuous_rain,large,landslide,2276.7,42.3,522.2,1,49.3,1,observed_historical_event
NER-2021-000921,2021-07-27 00:00:00,2021,7,0.0,-1.0,1,0,0,22.90008,92.59671,Mizoram,monsoon,small,landslide,1077.4,25.9,782.7,1,8.8,1,observed_historical_event
NER-2019-000922,2019-10-14 00:00:00,2019,10,-1.0,-0.0,0,0,1,29.01869,95.09055,Arunachal Pradesh,continuous_rain,large,landslide,2027.2,31.9,183.5,1,6.8,1,observed_historical_event
NER-2018-000923,2018-10-06 00:00:00,2018,10,-1.0,-0.0,0,0,1,26.76935,93.74486,Assam,none,none,non_event,389.4,26.9,133.0,0,64.56,0,constructed_pseudo_absence
NER-2022-000924,2022-06-03 00:00:00,2022,6,0.5,-0.866,1,0,0,23.24586,91.19328,Tripura,monsoon,small,rockfall,94.5,11.4,303.0,1,28.58,1,observed_historical_event
NER-2022-000925,2022-04-26 00:00:00,2022,4,1.0,0.0,0,1,0,27.732,88.30596,Sikkim,continuous_rain,medium,landslide,2195.2,35.8,150.3,5,15.29,1,observed_historical_event
NER-2021-000926,2021-06-04 00:00:00,2021,6,0.5,-0.866,1,0,0,25.03489,92.8545,Assam,none,none,non_event,337.3,7.6,298.7,2,3.25,0,constructed_pseudo_absence
NER-2016-000927,2016-09-10 00:00:00,2016,9,-0.866,-0.5,1,0,0,25.96477,91.48998,Meghalaya,downpour,large,debris_flow,1301.5,33.2,381.7,3,10.14,1,observed_historical_event
NER-2016-000928,2016-07-11 00:00:00,2016,7,0.0,-1.0,1,0,0,24.19038,91.48561,Tripura,none,none,non_event,296.0,12.2,713.3,4,4.89,0,constructed_pseudo_absence
NER-2020-000929,2020-05-05 00:00:00,2020,5,0.866,-0.5,0,1,0,23.13501,92.2385,Mizoram,monsoon,medium,landslide,906.0,28.1,295.7,2,20.51,1,observed_historical_event
NER-2016-000930,2016-10-02 00:00:00,2016,10,-1.0,-0.0,0,0,1,23.83152,91.5443,Tripura,none,none,non_event,605.5,13.2,165.6,2,11.17,0,constructed_pseudo_absence
NER-2021-000931,2021-12-03 00:00:00,2021,12,-0.5,0.866,0,0,0,27.48979,88.32394,Sikkim,none,none,non_event,2585.5,28.6,36.3,5,12.99,0,constructed_pseudo_absence
NER-2021-000932,2021-03-15 00:00:00,2021,3,0.866,0.5,0,0,0,23.99625,92.0764,Tripura,none,none,non_event,372.0,16.9,48.2,1,48.83,0,constructed_pseudo_absence
NER-2015-000933,2015-07-09 00:00:00,2015,7,0.0,-1.0,1,0,0,24.29399,93.47754,Manipur,downpour,medium,landslide,1342.1,37.4,430.1,3,8.83,1,observed_historical_event
NER-2019-000934,2019-09-22 00:00:00,2019,9,-0.866,-0.5,1,0,0,24.19314,93.58269,Manipur,continuous_rain,small,debris_flow,925.6,27.8,248.4,3,9.99,1,observed_historical_event
NER-2021-000935,2021-08-20 00:00:00,2021,8,-0.5,-0.866,1,0,0,26.42235,95.27519,Assam,continuous_rain,medium,slope_failure,229.2,4.5,351.7,0,61.69,1,observed_historical_event
NER-2022-000936,2022-03-18 00:00:00,2022,3,0.866,0.5,0,0,0,27.98887,88.3085,Sikkim,none,none,non_event,2638.8,47.0,96.5,3,13.46,0,constructed_pseudo_absence
NER-2013-000937,2013-06-01 00:00:00,2013,6,0.5,-0.866,1,0,0,23.31888,92.08552,Tripura,downpour,small,slope_failure,351.9,11.4,410.0,1,7.1,1,observed_historical_event
NER-2015-000938,2015-08-19 00:00:00,2015,8,-0.5,-0.866,1,0,0,24.23023,90.9636,Assam,monsoon,medium,landslide,354.1,13.1,466.6,1,9.4,1,observed_historical_event
NER-2016-000939,2016-05-26 00:00:00,2016,5,0.866,-0.5,0,1,0,22.32578,92.71406,Mizoram,continuous_rain,medium,debris_flow,826.9,28.6,309.6,2,8.98,1,observed_historical_event
NER-2019-000940,2019-07-28 00:00:00,2019,7,0.0,-1.0,1,0,0,23.64207,92.67779,Mizoram,downpour,medium,debris_flow,717.8,38.0,478.8,1,26.14,1,observed_historical_event
NER-2020-000941,2020-06-03 00:00:00,2020,6,0.5,-0.866,1,0,0,27.34931,88.28123,Sikkim,continuous_rain,small,slope_failure,2356.2,51.2,485.4,3,3.88,1,observed_historical_event
NER-2020-000942,2020-08-08 00:00:00,2020,8,-0.5,-0.866,1,0,0,25.47264,93.24743,Manipur,continuous_rain,medium,landslide,1000.9,36.2,755.2,2,30.09,1,observed_historical_event
NER-2022-000943,2022-04-25 00:00:00,2022,4,1.0,0.0,0,1,0,25.06831,93.86544,Assam,none,none,non_event,426.2,6.2,142.6,2,20.56,0,constructed_pseudo_absence
NER-2016-000944,2016-06-08 00:00:00,2016,6,0.5,-0.866,1,0,0,23.87621,91.68191,Tripura,monsoon,medium,debris_flow,381.9,20.9,507.4,3,10.82,1,observed_historical_event
NER-2021-000945,2021-02-07 00:00:00,2021,2,0.5,0.866,0,0,0,25.16704,94.6625,Assam,none,none,non_event,598.0,24.7,27.8,0,101.6,0,constructed_pseudo_absence
NER-2020-000946,2020-07-25 00:00:00,2020,7,0.0,-1.0,1,0,0,28.68401,95.52147,Arunachal Pradesh,downpour,medium,landslide,2067.1,20.3,519.4,1,21.21,1,observed_historical_event
NER-2019-000947,2019-07-09 00:00:00,2019,7,0.0,-1.0,1,0,0,22.33462,92.58466,Mizoram,continuous_rain,medium,landslide,898.3,34.1,495.7,2,11.28,1,observed_historical_event
NER-2008-000948,2008-04-20 00:00:00,2008,4,1.0,0.0,0,1,0,24.96875,93.65861,Manipur,none,none,non_event,944.4,17.5,160.1,2,3.25,0,constructed_pseudo_absence
NER-2019-000949,2019-08-02 00:00:00,2019,8,-0.5,-0.866,1,0,0,27.06133,89.8073,Assam,continuous_rain,small,debris_flow,784.1,4.7,361.0,1,14.44,1,observed_historical_event
NER-2016-000950,2016-01-21 00:00:00,2016,1,0.0,1.0,0,0,0,25.74204,93.55818,Nagaland,none,none,non_event,1381.6,23.7,11.2,2,13.11,0,constructed_pseudo_absence
NER-2019-000951,2019-02-26 00:00:00,2019,2,0.5,0.866,0,0,0,26.33199,94.57658,Nagaland,none,none,non_event,1216.6,40.6,33.5,2,16.5,0,constructed_pseudo_absence
NER-2017-000952,2017-05-17 00:00:00,2017,5,0.866,-0.5,0,1,0,23.85489,93.23554,Manipur,none,none,non_event,1403.9,27.7,371.2,3,32.07,0,constructed_pseudo_absence
NER-2016-000953,2016-03-21 00:00:00,2016,3,0.866,0.5,0,0,0,22.28782,92.82888,Mizoram,none,none,non_event,1124.2,22.6,81.8,2,18.56,0,constructed_pseudo_absence
NER-2015-000954,2015-08-16 00:00:00,2015,8,-0.5,-0.866,1,0,0,26.20068,94.45398,Nagaland,road_cutting,medium,debris_flow,1408.8,27.0,332.2,1,10.76,1,observed_historical_event
NER-2008-000955,2008-08-18 00:00:00,2008,8,-0.5,-0.866,1,0,0,25.47414,93.33452,Nagaland,monsoon,medium,landslide,1348.2,38.2,420.9,2,24.7,1,observed_historical_event
NER-2021-000956,2021-06-09 00:00:00,2021,6,0.5,-0.866,1,0,0,23.92175,91.60999,Tripura,monsoon,medium,rockfall,632.3,15.1,306.7,3,2.0,1,observed_historical_event
NER-2008-000957,2008-06-12 00:00:00,2008,6,0.5,-0.866,1,0,0,26.344,94.00014,Nagaland,continuous_rain,large,debris_flow,1065.1,28.7,448.7,0,59.23,1,observed_historical_event
NER-2021-000958,2021-06-21 00:00:00,2021,6,0.5,-0.866,1,0,0,26.29687,94.45105,Nagaland,continuous_rain,medium,rockfall,1179.8,29.2,397.4,2,15.84,1,observed_historical_event
NER-2022-000959,2022-06-07 00:00:00,2022,6,0.5,-0.866,1,0,0,26.53074,93.02888,Assam,none,none,non_event,542.5,15.2,331.5,1,12.91,0,constructed_pseudo_absence
NER-2016-000960,2016-08-02 00:00:00,2016,8,-0.5,-0.866,1,0,0,23.00763,92.04085,Tripura,none,none,non_event,746.3,9.5,364.3,2,33.43,0,constructed_pseudo_absence
NER-2017-000961,2017-06-08 00:00:00,2017,6,0.5,-0.866,1,0,0,26.63426,96.56125,Arunachal Pradesh,continuous_rain,medium,landslide,2440.3,26.1,569.0,0,182.88,1,observed_historical_event
NER-2018-000962,2018-10-12 00:00:00,2018,10,-1.0,-0.0,0,0,1,27.04345,92.18378,Arunachal Pradesh,none,none,non_event,2216.9,24.7,126.5,1,10.74,0,constructed_pseudo_absence
NER-2020-000963,2020-04-18 00:00:00,2020,4,1.0,0.0,0,1,0,22.33091,92.67464,Mizoram,none,none,non_event,652.4,30.2,136.7,2,6.88,0,constructed_pseudo_absence
NER-2018-000964,2018-07-23 00:00:00,2018,7,0.0,-1.0,1,0,0,28.02952,88.30008,Sikkim,continuous_rain,very_large,debris_flow,2443.2,41.1,456.3,3,17.28,1,observed_historical_event
NER-2017-000965,2017-07-08 00:00:00,2017,7,0.0,-1.0,1,0,0,25.11352,92.72736,Meghalaya,continuous_rain,very_large,slope_failure,1227.5,24.5,667.3,2,20.38,1,observed_historical_event
NER-2016-000966,2016-02-04 00:00:00,2016,2,0.5,0.866,0,0,0,25.58495,92.62937,Meghalaya,none,none,non_event,1275.1,24.3,42.0,1,0.4,0,constructed_pseudo_absence
NER-2016-000967,2016-01-03 00:00:00,2016,1,0.0,1.0,0,0,0,23.20296,91.56046,Tripura,none,none,non_event,265.1,8.3,36.6,1,21.63,0,constructed_pseudo_absence
NER-2022-000968,2022-02-16 00:00:00,2022,2,0.5,0.866,0,0,0,27.16169,89.79873,Assam,none,none,non_event,508.6,23.6,47.8,1,4.55,0,constructed_pseudo_absence
NER-2022-000969,2022-06-06 00:00:00,2022,6,0.5,-0.866,1,0,0,27.96116,88.52116,Sikkim,road_cutting,medium,rockfall,2573.9,26.9,416.7,3,21.54,1,observed_historical_event
NER-2021-000970,2021-06-12 00:00:00,2021,6,0.5,-0.866,1,0,0,24.97712,92.76195,Assam,downpour,large,slope_failure,265.4,15.9,819.8,2,12.32,1,observed_historical_event
NER-2020-000971,2020-08-14 00:00:00,2020,8,-0.5,-0.866,1,0,0,27.37169,88.33748,Sikkim,continuous_rain,medium,slope_failure,2408.8,35.9,483.9,3,4.97,1,observed_historical_event
NER-2021-000972,2021-08-16 00:00:00,2021,8,-0.5,-0.866,1,0,0,24.38333,89.893,Assam,none,none,non_event,577.7,15.7,402.0,0,114.65,0,constructed_pseudo_absence
NER-2016-000973,2016-04-23 00:00:00,2016,4,1.0,0.0,0,1,0,25.39436,92.34781,Meghalaya,continuous_rain,small,slope_failure,1214.6,32.7,340.6,1,35.75,1,observed_historical_event
NER-2018-000974,2018-06-11 00:00:00,2018,6,0.5,-0.866,1,0,0,24.55934,92.76594,Assam,downpour,medium,slope_failure,140.3,20.3,499.0,0,50.74,1,observed_historical_event
NER-2020-000975,2020-06-05 00:00:00,2020,6,0.5,-0.866,1,0,0,24.35489,91.10573,Assam,monsoon,medium,debris_flow,759.5,7.2,348.8,2,12.31,1,observed_historical_event
NER-2018-000976,2018-08-12 00:00:00,2018,8,-0.5,-0.866,1,0,0,24.95055,93.00892,Assam,none,none,non_event,376.8,15.6,320.8,3,14.95,0,constructed_pseudo_absence
NER-2008-000977,2008-03-13 00:00:00,2008,3,0.866,0.5,0,0,0,27.6103,88.695,Sikkim,none,none,non_event,2213.2,43.6,79.2,2,20.49,0,constructed_pseudo_absence
NER-2012-000978,2012-01-03 00:00:00,2012,1,0.0,1.0,0,0,0,22.44228,92.79095,Mizoram,none,none,non_event,1104.0,32.1,2.0,2,13.61,0,constructed_pseudo_absence
NER-2016-000979,2016-08-18 00:00:00,2016,8,-0.5,-0.866,1,0,0,27.84071,88.10015,Sikkim,road_cutting,medium,debris_flow,2424.5,44.2,385.1,4,13.49,1,observed_historical_event
NER-2016-000980,2016-08-08 00:00:00,2016,8,-0.5,-0.866,1,0,0,27.46256,92.47571,Assam,continuous_rain,small,rockfall,807.5,8.0,274.7,1,17.58,1,observed_historical_event
NER-2012-000981,2012-07-11 00:00:00,2012,7,0.0,-1.0,1,0,0,24.98531,93.76892,Assam,downpour,medium,debris_flow,408.4,17.1,443.0,2,9.32,1,observed_historical_event
NER-2016-000982,2016-11-26 00:00:00,2016,11,-0.866,0.5,0,0,1,26.86625,95.15707,Nagaland,none,none,non_event,1473.1,31.6,44.8,1,50.31,0,constructed_pseudo_absence
NER-2018-000983,2018-08-22 00:00:00,2018,8,-0.5,-0.866,1,0,0,22.47663,92.41981,Mizoram,continuous_rain,large,mudslide,1328.3,36.3,863.6,2,28.17,1,observed_historical_event
NER-2014-000984,2014-02-14 00:00:00,2014,2,0.5,0.866,0,0,0,24.74949,93.61189,Manipur,none,none,non_event,1324.0,31.0,22.2,2,27.64,0,constructed_pseudo_absence
NER-2012-000985,2012-06-05 00:00:00,2012,6,0.5,-0.866,1,0,0,26.60481,94.79426,Nagaland,downpour,medium,mudslide,1664.6,25.6,326.7,2,8.61,1,observed_historical_event
NER-2020-000986,2020-10-25 00:00:00,2020,10,-1.0,-0.0,0,0,1,27.56951,88.17141,Sikkim,none,none,non_event,2310.7,27.5,168.0,5,5.94,0,constructed_pseudo_absence
NER-2021-000987,2021-01-11 00:00:00,2021,1,0.0,1.0,0,0,0,26.46749,94.14585,Nagaland,none,none,non_event,1381.7,33.9,2.8,0,52.01,0,constructed_pseudo_absence
NER-2016-000988,2016-08-01 00:00:00,2016,8,-0.5,-0.866,1,0,0,25.06704,93.32803,Manipur,monsoon,medium,landslide,1267.7,30.7,571.9,4,7.83,1,observed_historical_event
NER-2022-000989,2022-08-06 00:00:00,2022,8,-0.5,-0.866,1,0,0,25.4534,94.72707,Assam,none,none,non_event,343.4,16.9,401.7,0,83.52,0,constructed_pseudo_absence
NER-2021-000990,2021-05-05 00:00:00,2021,5,0.866,-0.5,0,1,0,27.26607,89.86253,Assam,none,none,non_event,220.6,6.5,299.0,1,8.89,0,constructed_pseudo_absence
NER-2021-000991,2021-07-10 00:00:00,2021,7,0.0,-1.0,1,0,0,25.22197,94.61106,Nagaland,continuous_rain,medium,debris_flow,1721.0,39.1,529.9,0,97.01,1,observed_historical_event
NER-2016-000992,2016-10-21 00:00:00,2016,10,-1.0,-0.0,0,0,1,24.94386,93.65062,Manipur,none,none,non_event,963.6,19.1,194.0,2,4.96,0,constructed_pseudo_absence
NER-2016-000993,2016-06-16 00:00:00,2016,6,0.5,-0.866,1,0,0,26.2397,94.52384,Nagaland,continuous_rain,medium,landslide,1318.7,32.4,691.9,2,6.81,1,observed_historical_event
NER-2012-000994,2012-08-05 00:00:00,2012,8,-0.5,-0.866,1,0,0,26.05206,91.78664,Meghalaya,downpour,medium,rockfall,1199.5,24.0,610.5,3,27.06,1,observed_historical_event
NER-2017-000995,2017-07-27 00:00:00,2017,7,0.0,-1.0,1,0,0,22.42897,93.10512,Mizoram,downpour,small,slope_failure,890.4,36.1,422.7,3,7.44,1,observed_historical_event
NER-2018-000996,2018-06-04 00:00:00,2018,6,0.5,-0.866,1,0,0,25.72291,91.89349,Meghalaya,continuous_rain,medium,debris_flow,1631.2,22.3,488.2,3,13.46,1,observed_historical_event
NER-2009-000997,2009-03-13 00:00:00,2009,3,0.866,0.5,0,0,0,27.61187,92.48014,Arunachal Pradesh,none,none,non_event,2269.7,33.9,173.8,1,1.72,0,constructed_pseudo_absence
NER-2020-000998,2020-08-25 00:00:00,2020,8,-0.5,-0.866,1,0,0,27.57281,92.5217,Arunachal Pradesh,continuous_rain,medium,mudslide,2315.9,33.1,584.6,1,6.57,1,observed_historical_event
NER-2008-000999,2008-08-05 00:00:00,2008,8,-0.5,-0.866,1,0,0,24.3885,91.75362,Tripura,downpour,medium,slope_failure,315.6,5.5,490.3,2,15.79,1,observed_historical_event
NER-2020-001000,2020-08-17 00:00:00,2020,8,-0.5,-0.866,1,0,0,28.01762,91.52523,Arunachal Pradesh,downpour,medium,slope_failure,2345.9,36.8,375.4,0,104.47,1,observed_historical_event
NER-2019-001001,2019-04-23 00:00:00,2019,4,1.0,0.0,0,1,0,23.24586,91.43341,Tripura,none,none,non_event,80.0,7.5,225.4,1,14.36,0,constructed_pseudo_absence
NER-2017-001002,2017-07-19 00:00:00,2017,7,0.0,-1.0,1,0,0,26.21241,94.50316,Nagaland,monsoon,small,landslide,1451.4,24.6,413.4,1,5.84,1,observed_historical_event
NER-2020-001003,2020-04-27 00:00:00,2020,4,1.0,0.0,0,1,0,25.1488,92.63654,Meghalaya,cloudburst,large,landslide,1267.2,32.7,290.1,2,29.72,1,observed_historical_event
NER-2021-001004,2021-04-21 00:00:00,2021,4,1.0,0.0,0,1,0,25.14034,91.70213,Meghalaya,continuous_rain,medium,mudslide,1328.7,21.2,362.4,1,41.45,1,observed_historical_event
NER-2017-001005,2017-02-25 00:00:00,2017,2,0.5,0.866,0,0,0,25.55367,91.05379,Meghalaya,none,none,non_event,1438.7,29.2,104.1,1,40.41,0,constructed_pseudo_absence
NER-2015-001006,2015-06-12 00:00:00,2015,6,0.5,-0.866,1,0,0,25.95734,91.5729,Meghalaya,monsoon,medium,landslide,1349.6,22.9,501.4,3,10.53,1,observed_historical_event
NER-2008-001007,2008-09-06 00:00:00,2008,9,-0.866,-0.5,1,0,0,26.92042,93.71452,Nagaland,none,none,non_event,1506.5,27.5,293.3,0,67.88,0,constructed_pseudo_absence
NER-2020-001008,2020-03-28 00:00:00,2020,3,0.866,0.5,0,0,0,26.87148,94.49448,Nagaland,none,none,non_event,1170.3,26.3,138.5,2,2.4,0,constructed_pseudo_absence
NER-2021-001009,2021-06-05 00:00:00,2021,6,0.5,-0.866,1,0,0,27.53396,88.09787,Sikkim,road_cutting,medium,mudslide,2586.6,45.2,631.4,4,6.66,1,observed_historical_event
NER-2020-001010,2020-06-01 00:00:00,2020,6,0.5,-0.866,1,0,0,25.81259,91.57802,Meghalaya,downpour,small,rockfall,1521.2,37.7,494.6,4,6.17,1,observed_historical_event
NER-2013-001011,2013-05-05 00:00:00,2013,5,0.866,-0.5,0,1,0,22.45913,92.58748,Mizoram,continuous_rain,large,mudslide,1161.5,24.5,351.2,3,12.27,1,observed_historical_event
NER-2020-001012,2020-08-09 00:00:00,2020,8,-0.5,-0.866,1,0,0,27.16355,89.88985,Assam,downpour,small,slope_failure,427.6,27.3,826.3,1,5.44,1,observed_historical_event
NER-2017-001013,2017-10-02 00:00:00,2017,10,-1.0,-0.0,0,0,1,25.26497,90.03606,Meghalaya,none,none,non_event,1476.0,30.1,186.9,0,143.43,0,constructed_pseudo_absence
NER-2012-001014,2012-07-26 00:00:00,2012,7,0.0,-1.0,1,0,0,25.7746,93.73102,Nagaland,road_cutting,medium,slope_failure,1727.8,37.5,802.8,2,12.27,1,observed_historical_event
NER-2021-001015,2021-07-17 00:00:00,2021,7,0.0,-1.0,1,0,0,26.72543,94.56116,Nagaland,downpour,large,slope_failure,1348.0,35.4,522.6,2,16.89,1,observed_historical_event
NER-2018-001016,2018-08-12 00:00:00,2018,8,-0.5,-0.866,1,0,0,25.91473,94.90406,Nagaland,downpour,medium,landslide,1096.0,43.4,280.7,1,45.09,1,observed_historical_event
NER-2022-001017,2022-05-22 00:00:00,2022,5,0.866,-0.5,0,1,0,26.3712,94.40869,Nagaland,downpour,medium,landslide,1118.4,39.9,479.2,2,24.94,1,observed_historical_event
NER-2022-001018,2022-06-04 00:00:00,2022,6,0.5,-0.866,1,0,0,26.42521,93.33434,Nagaland,downpour,small,debris_flow,1400.4,34.7,379.0,1,29.74,1,observed_historical_event
NER-2020-001019,2020-05-06 00:00:00,2020,5,0.866,-0.5,0,1,0,23.91421,91.54594,Tripura,continuous_rain,small,mudslide,718.8,4.9,256.0,3,5.85,1,observed_historical_event
NER-2019-001020,2019-08-24 00:00:00,2019,8,-0.5,-0.866,1,0,0,27.28369,88.428,Sikkim,downpour,large,landslide,2301.3,37.8,463.4,2,17.15,1,observed_historical_event
NER-2009-001021,2009-01-12 00:00:00,2009,1,0.0,1.0,0,0,0,23.35751,91.42613,Tripura,none,none,non_event,327.4,8.8,28.0,1,2.18,0,constructed_pseudo_absence
NER-2016-001022,2016-07-08 00:00:00,2016,7,0.0,-1.0,1,0,0,25.76153,90.17025,Meghalaya,cloudburst,small,mudslide,1706.8,31.2,690.1,0,133.77,1,observed_historical_event
NER-2017-001023,2017-07-13 00:00:00,2017,7,0.0,-1.0,1,0,0,22.84703,92.47905,Mizoram,downpour,large,mudslide,1131.8,27.7,637.5,1,6.49,1,observed_historical_event
NER-2020-001024,2020-05-17 00:00:00,2020,5,0.866,-0.5,0,1,0,23.17889,91.4448,Tripura,none,none,non_event,156.1,16.1,339.8,1,21.05,0,constructed_pseudo_absence
NER-2020-001025,2020-06-02 00:00:00,2020,6,0.5,-0.866,1,0,0,26.96784,94.43235,Nagaland,monsoon,large,mudslide,1356.0,25.8,379.8,2,11.43,1,observed_historical_event
NER-2018-001026,2018-07-27 00:00:00,2018,7,0.0,-1.0,1,0,0,27.24456,97.1802,Arunachal Pradesh,monsoon,medium,debris_flow,1681.6,31.8,455.9,0,240.26,1,observed_historical_event
NER-2018-001027,2018-06-09 00:00:00,2018,6,0.5,-0.866,1,0,0,26.39587,94.53756,Nagaland,downpour,medium,debris_flow,1279.4,33.3,361.1,2,21.95,1,observed_historical_event
NER-2021-001028,2021-12-21 00:00:00,2021,12,-0.5,0.866,0,0,0,27.11805,97.15429,Arunachal Pradesh,none,none,non_event,1983.4,36.6,2.0,0,246.5,0,constructed_pseudo_absence
NER-2021-001029,2021-08-16 00:00:00,2021,8,-0.5,-0.866,1,0,0,25.26911,92.36525,Meghalaya,downpour,medium,mudslide,1631.6,29.7,595.9,1,44.18,1,observed_historical_event
NER-2018-001030,2018-04-22 00:00:00,2018,4,1.0,0.0,0,1,0,25.06938,93.49922,Assam,none,none,non_event,119.6,7.2,142.2,3,12.44,0,constructed_pseudo_absence
NER-2022-001031,2022-07-12 00:00:00,2022,7,0.0,-1.0,1,0,0,22.4366,92.7013,Mizoram,monsoon,medium,debris_flow,906.9,22.4,418.8,2,4.58,1,observed_historical_event
NER-2021-001032,2021-03-24 00:00:00,2021,3,0.866,0.5,0,0,0,27.3101,88.24772,Sikkim,none,none,non_event,2010.4,38.4,78.3,3,8.47,0,constructed_pseudo_absence
NER-2016-001033,2016-07-21 00:00:00,2016,7,0.0,-1.0,1,0,0,27.6141,92.45183,Arunachal Pradesh,continuous_rain,medium,rockfall,2198.3,40.1,528.3,1,4.32,1,observed_historical_event
NER-2017-001034,2017-06-16 00:00:00,2017,6,0.5,-0.866,1,0,0,23.42184,91.44184,Tripura,continuous_rain,medium,slope_failure,435.1,19.1,473.8,1,5.85,1,observed_historical_event
NER-2017-001035,2017-10-22 00:00:00,2017,10,-1.0,-0.0,0,0,1,26.00743,91.87891,Meghalaya,none,none,non_event,1268.6,26.2,190.3,3,20.19,0,constructed_pseudo_absence
NER-2016-001036,2016-04-06 00:00:00,2016,4,1.0,0.0,0,1,0,22.878,92.5235,Mizoram,downpour,small,landslide,1112.4,30.2,183.2,1,2.44,1,observed_historical_event
NER-2015-001037,2015-06-10 00:00:00,2015,6,0.5,-0.866,1,0,0,25.59923,93.45609,Nagaland,monsoon,medium,landslide,1468.0,36.4,450.0,2,6.88,1,observed_historical_event
NER-2017-001038,2017-06-23 00:00:00,2017,6,0.5,-0.866,1,0,0,27.51127,88.32581,Sikkim,continuous_rain,medium,mudslide,2733.9,29.2,504.0,5,13.72,1,observed_historical_event
NER-2017-001039,2017-02-12 00:00:00,2017,2,0.5,0.866,0,0,0,26.49423,93.64057,Nagaland,none,none,non_event,1370.2,40.0,14.6,0,52.41,0,constructed_pseudo_absence
NER-2013-001040,2013-07-12 00:00:00,2013,7,0.0,-1.0,1,0,0,24.5865,93.78232,Manipur,downpour,small,landslide,1146.4,35.0,480.9,2,40.48,1,observed_historical_event
NER-2020-001041,2020-07-25 00:00:00,2020,7,0.0,-1.0,1,0,0,27.35176,95.65192,Assam,downpour,medium,slope_failure,465.5,23.7,441.9,0,120.87,1,observed_historical_event
NER-2018-001042,2018-07-05 00:00:00,2018,7,0.0,-1.0,1,0,0,25.52473,92.60554,Meghalaya,downpour,small,landslide,1169.8,32.3,699.1,1,7.43,1,observed_historical_event
NER-2021-001043,2021-04-28 00:00:00,2021,4,1.0,0.0,0,1,0,23.22822,92.15185,Tripura,none,none,non_event,80.0,10.6,156.8,1,7.2,0,constructed_pseudo_absence
NER-2016-001044,2016-02-09 00:00:00,2016,2,0.5,0.866,0,0,0,29.05994,93.75086,Arunachal Pradesh,none,none,non_event,2094.4,29.6,32.6,1,34.44,0,constructed_pseudo_absence
NER-2017-001045,2017-08-15 00:00:00,2017,8,-0.5,-0.866,1,0,0,27.015,92.07739,Arunachal Pradesh,continuous_rain,medium,landslide,2372.2,39.4,422.3,1,11.18,1,observed_historical_event
NER-2020-001046,2020-06-09 00:00:00,2020,6,0.5,-0.866,1,0,0,24.55344,93.39832,Manipur,downpour,medium,mudslide,1232.7,27.0,401.4,1,34.74,1,observed_historical_event
NER-2018-001047,2018-04-14 00:00:00,2018,4,1.0,0.0,0,1,0,25.88414,91.95007,Meghalaya,none,none,non_event,1223.2,27.2,248.4,3,6.25,0,constructed_pseudo_absence
NER-2021-001048,2021-06-23 00:00:00,2021,6,0.5,-0.866,1,0,0,27.64753,88.28849,Sikkim,continuous_rain,large,landslide,2237.7,32.7,389.3,5,13.4,1,observed_historical_event
NER-2016-001049,2016-04-18 00:00:00,2016,4,1.0,0.0,0,1,0,25.91819,92.64175,Meghalaya,monsoon,medium,mudslide,1019.0,28.5,257.2,1,36.72,1,observed_historical_event
NER-2017-001050,2017-07-08 00:00:00,2017,7,0.0,-1.0,1,0,0,28.92951,95.63999,Arunachal Pradesh,continuous_rain,small,landslide,2333.9,28.3,688.2,1,7.91,1,observed_historical_event
NER-2022-001051,2022-01-28 00:00:00,2022,1,0.0,1.0,0,0,0,24.22332,91.61186,Tripura,none,none,non_event,384.4,6.3,36.6,3,7.35,0,constructed_pseudo_absence
NER-2020-001052,2020-08-27 00:00:00,2020,8,-0.5,-0.866,1,0,0,25.64514,92.63626,Meghalaya,monsoon,large,landslide,1446.6,19.9,451.8,1,7.94,1,observed_historical_event
NER-2018-001053,2018-02-27 00:00:00,2018,2,0.5,0.866,0,0,0,27.7994,96.40482,Arunachal Pradesh,none,none,non_event,2050.1,23.5,82.2,0,144.34,0,constructed_pseudo_absence
NER-2020-001054,2020-08-20 00:00:00,2020,8,-0.5,-0.866,1,0,0,24.14747,93.47468,Manipur,continuous_rain,small,slope_failure,908.0,29.0,316.9,3,11.6,1,observed_historical_event
NER-2020-001055,2020-02-19 00:00:00,2020,2,0.5,0.866,0,0,0,27.5954,93.8258,Arunachal Pradesh,none,none,non_event,2207.9,26.7,54.5,0,102.24,0,constructed_pseudo_absence
NER-2022-001056,2022-10-26 00:00:00,2022,10,-1.0,-0.0,0,0,1,25.77473,92.73759,Meghalaya,continuous_rain,large,slope_failure,1364.6,31.0,204.7,1,24.55,1,observed_historical_event
NER-2016-001057,2016-09-16 00:00:00,2016,9,-0.866,-0.5,1,0,0,25.06407,92.70526,Assam,none,none,non_event,80.0,17.1,300.5,2,18.6,0,constructed_pseudo_absence
NER-2017-001058,2017-04-16 00:00:00,2017,4,1.0,0.0,0,1,0,27.01891,91.27357,Assam,none,none,non_event,475.1,8.2,143.9,0,86.53,0,constructed_pseudo_absence
NER-2018-001059,2018-07-21 00:00:00,2018,7,0.0,-1.0,1,0,0,22.75108,93.16544,Mizoram,cloudburst,small,slope_failure,803.1,33.0,419.7,2,14.16,1,observed_historical_event
NER-2020-001060,2020-10-01 00:00:00,2020,10,-1.0,-0.0,0,0,1,23.29924,92.13205,Tripura,none,none,non_event,80.0,11.9,160.7,1,1.72,0,constructed_pseudo_absence
NER-2020-001061,2020-08-06 00:00:00,2020,8,-0.5,-0.866,1,0,0,24.31482,91.65311,Tripura,downpour,large,slope_failure,509.9,18.8,344.8,3,3.51,1,observed_historical_event
NER-2017-001062,2017-09-05 00:00:00,2017,9,-0.866,-0.5,1,0,0,23.39083,92.8283,Mizoram,none,none,non_event,1367.0,29.2,319.8,1,20.6,0,constructed_pseudo_absence
NER-2018-001063,2018-08-23 00:00:00,2018,8,-0.5,-0.866,1,0,0,27.27452,92.94175,Arunachal Pradesh,monsoon,small,rockfall,1989.3,33.0,461.9,0,58.63,1,observed_historical_event
NER-2020-001064,2020-07-21 00:00:00,2020,7,0.0,-1.0,1,0,0,22.78307,92.43344,Mizoram,monsoon,small,mudslide,1048.7,30.3,507.6,1,14.22,1,observed_historical_event
NER-2017-001065,2017-03-27 00:00:00,2017,3,0.866,0.5,0,0,0,24.96243,92.93092,Assam,none,none,non_event,379.7,3.0,49.7,3,7.19,0,constructed_pseudo_absence
NER-2016-001066,2016-03-19 00:00:00,2016,3,0.866,0.5,0,0,0,26.64099,94.81822,Nagaland,none,none,non_event,1480.1,36.6,111.5,2,8.96,0,constructed_pseudo_absence
NER-2020-001067,2020-07-27 00:00:00,2020,7,0.0,-1.0,1,0,0,23.95052,91.39552,Tripura,none,none,non_event,307.3,15.5,561.4,3,19.9,0,constructed_pseudo_absence
NER-2021-001068,2021-04-20 00:00:00,2021,4,1.0,0.0,0,1,0,26.96852,92.10441,Arunachal Pradesh,downpour,very_large,debris_flow,2250.7,39.7,209.5,1,4.57,1,observed_historical_event
NER-2022-001069,2022-07-05 00:00:00,2022,7,0.0,-1.0,1,0,0,25.68438,93.53929,Assam,downpour,medium,landslide,519.5,11.2,465.7,2,9.12,1,observed_historical_event
NER-2021-001070,2021-08-06 00:00:00,2021,8,-0.5,-0.866,1,0,0,25.3123,93.96089,Nagaland,downpour,small,mudslide,1473.6,26.9,405.8,1,45.43,1,observed_historical_event
NER-2016-001071,2016-10-18 00:00:00,2016,10,-1.0,-0.0,0,0,1,26.0174,92.32735,Meghalaya,none,none,non_event,1222.9,27.1,197.6,1,43.69,0,constructed_pseudo_absence
NER-2022-001072,2022-06-08 00:00:00,2022,6,0.5,-0.866,1,0,0,27.1142,94.77928,Arunachal Pradesh,downpour,large,rockfall,2363.7,36.5,485.4,1,39.4,1,observed_historical_event
NER-2019-001073,2019-03-14 00:00:00,2019,3,0.866,0.5,0,0,0,26.93724,93.50645,Nagaland,none,none,non_event,1406.4,33.7,77.2,0,52.45,0,constructed_pseudo_absence
NER-2022-001074,2022-07-08 00:00:00,2022,7,0.0,-1.0,1,0,0,24.19309,91.03913,Assam,continuous_rain,large,rockfall,442.1,15.6,486.2,2,12.39,1,observed_historical_event
NER-2017-001075,2017-01-18 00:00:00,2017,1,0.0,1.0,0,0,0,23.55581,92.94073,Mizoram,downpour,medium,slope_failure,1319.8,25.5,66.8,1,3.61,1,observed_historical_event
NER-2018-001076,2018-06-16 00:00:00,2018,6,0.5,-0.866,1,0,0,25.97477,91.93455,Meghalaya,downpour,large,slope_failure,1326.5,24.5,628.3,3,16.29,1,observed_historical_event
NER-2017-001077,2017-07-22 00:00:00,2017,7,0.0,-1.0,1,0,0,28.88721,95.44893,Arunachal Pradesh,continuous_rain,medium,debris_flow,2233.9,38.1,501.6,2,12.05,1,observed_historical_event
NER-2019-001078,2019-07-18 00:00:00,2019,7,0.0,-1.0,1,0,0,23.25343,91.47892,Tripura,cloudburst,small,slope_failure,100.0,8.2,441.7,1,13.02,1,observed_historical_event
NER-2017-001079,2017-05-15 00:00:00,2017,5,0.866,-0.5,0,1,0,26.63986,93.24929,Assam,downpour,small,slope_failure,559.4,15.0,540.1,1,12.1,1,observed_historical_event
NER-2013-001080,2013-11-04 00:00:00,2013,11,-0.866,0.5,0,0,1,26.97585,93.61165,Nagaland,none,none,non_event,1465.9,36.9,30.2,0,62.73,0,constructed_pseudo_absence
NER-2022-001081,2022-05-17 00:00:00,2022,5,0.866,-0.5,0,1,0,27.78254,92.48679,Arunachal Pradesh,continuous_rain,small,slope_failure,2106.1,30.8,339.0,1,18.55,1,observed_historical_event
NER-2019-001082,2019-12-08 00:00:00,2019,12,-0.5,0.866,0,0,0,25.05799,93.22193,Assam,none,none,non_event,222.5,8.6,8.9,4,6.4,0,constructed_pseudo_absence
NER-2016-001083,2016-10-12 00:00:00,2016,10,-1.0,-0.0,0,0,1,22.76079,92.46085,Mizoram,none,none,non_event,1083.4,36.9,181.2,2,14.91,0,constructed_pseudo_absence
NER-2008-001084,2008-08-17 00:00:00,2008,8,-0.5,-0.866,1,0,0,24.38446,91.55885,Tripura,downpour,medium,debris_flow,719.9,22.1,272.5,2,14.48,1,observed_historical_event
NER-2018-001085,2018-08-14 00:00:00,2018,8,-0.5,-0.866,1,0,0,28.02558,88.74573,Sikkim,cloudburst,medium,rockfall,2433.1,36.9,397.2,1,30.93,1,observed_historical_event
NER-2010-001086,2010-04-28 00:00:00,2010,4,1.0,0.0,0,1,0,22.45078,92.68237,Mizoram,none,none,non_event,1019.4,20.9,193.1,2,6.14,0,constructed_pseudo_absence
NER-2018-001087,2018-06-08 00:00:00,2018,6,0.5,-0.866,1,0,0,24.41989,93.1735,Manipur,downpour,medium,mudslide,1190.9,20.1,348.5,1,43.06,1,observed_historical_event
NER-2017-001088,2017-06-22 00:00:00,2017,6,0.5,-0.866,1,0,0,27.72072,88.15356,Sikkim,downpour,medium,slope_failure,2011.3,30.1,754.8,5,3.2,1,observed_historical_event
NER-2020-001089,2020-06-22 00:00:00,2020,6,0.5,-0.866,1,0,0,25.49119,91.53893,Meghalaya,road_cutting,medium,debris_flow,1289.9,41.4,605.0,3,10.73,1,observed_historical_event
NER-2018-001090,2018-10-17 00:00:00,2018,10,-1.0,-0.0,0,0,1,22.97546,91.47022,Tripura,none,none,non_event,599.1,11.4,92.5,1,44.31,0,constructed_pseudo_absence
NER-2020-001091,2020-08-28 00:00:00,2020,8,-0.5,-0.866,1,0,0,24.01306,94.42105,Manipur,none,none,non_event,1011.5,35.6,386.3,0,88.62,0,constructed_pseudo_absence
NER-2017-001092,2017-07-18 00:00:00,2017,7,0.0,-1.0,1,0,0,25.6223,92.66432,Meghalaya,road_cutting,medium,landslide,1367.9,26.5,697.9,1,6.77,1,observed_historical_event
NER-2020-001093,2020-03-26 00:00:00,2020,3,0.866,0.5,0,0,0,28.97723,95.04297,Arunachal Pradesh,none,none,non_event,2060.6,37.9,90.9,1,1.13,0,constructed_pseudo_absence
NER-2017-001094,2017-10-24 00:00:00,2017,10,-1.0,-0.0,0,0,1,22.48329,92.70906,Mizoram,none,none,non_event,1094.0,27.1,153.1,3,10.34,0,constructed_pseudo_absence
NER-2019-001095,2019-10-19 00:00:00,2019,10,-1.0,-0.0,0,0,1,23.84216,91.17837,Tripura,none,none,non_event,517.9,16.8,103.7,1,44.02,0,constructed_pseudo_absence
NER-2013-001096,2013-02-19 00:00:00,2013,2,0.5,0.866,0,0,0,25.30156,94.24109,Manipur,none,none,non_event,1580.6,32.0,3.6,0,66.55,0,constructed_pseudo_absence
NER-2021-001097,2021-03-20 00:00:00,2021,3,0.866,0.5,0,0,0,22.37558,92.7432,Mizoram,none,none,non_event,790.4,19.4,74.3,2,7.05,0,constructed_pseudo_absence
NER-2019-001098,2019-04-12 00:00:00,2019,4,1.0,0.0,0,1,0,24.32373,91.49431,Tripura,none,none,non_event,595.4,4.6,193.0,4,11.65,0,constructed_pseudo_absence
NER-2021-001099,2021-07-24 00:00:00,2021,7,0.0,-1.0,1,0,0,28.90444,95.51835,Arunachal Pradesh,downpour,medium,debris_flow,2243.5,35.3,836.9,2,5.78,1,observed_historical_event
NER-2022-001100,2022-10-14 00:00:00,2022,10,-1.0,-0.0,0,0,1,24.21932,91.0014,Assam,none,none,non_event,369.7,17.5,164.0,1,8.85,0,constructed_pseudo_absence
NER-2020-001101,2020-05-16 00:00:00,2020,5,0.866,-0.5,0,1,0,24.41117,95.65514,Assam,none,none,non_event,672.3,12.8,353.6,0,209.82,0,constructed_pseudo_absence
NER-2019-001102,2019-07-02 00:00:00,2019,7,0.0,-1.0,1,0,0,27.54045,92.45511,Arunachal Pradesh,continuous_rain,medium,landslide,2414.9,27.6,666.7,1,9.54,1,observed_historical_event
NER-2021-001103,2021-06-05 00:00:00,2021,6,0.5,-0.866,1,0,0,27.07097,88.68275,Sikkim,monsoon,very_large,debris_flow,2481.1,33.0,533.4,0,51.82,1,observed_historical_event
NER-2016-001104,2016-07-23 00:00:00,2016,7,0.0,-1.0,1,0,0,25.92191,91.36619,Meghalaya,downpour,small,debris_flow,969.2,28.3,708.2,2,16.33,1,observed_historical_event
NER-2022-001105,2022-06-15 00:00:00,2022,6,0.5,-0.866,1,0,0,23.80958,91.58907,Tripura,none,none,non_event,479.1,9.9,279.5,2,12.28,0,constructed_pseudo_absence
NER-2021-001106,2021-10-15 00:00:00,2021,10,-1.0,-0.0,0,0,1,25.35471,93.93519,Nagaland,none,none,non_event,1361.5,26.7,126.4,1,49.27,0,constructed_pseudo_absence
NER-2019-001107,2019-10-20 00:00:00,2019,10,-1.0,-0.0,0,0,1,26.28384,94.41428,Nagaland,none,none,non_event,1207.6,25.0,129.4,1,19.13,0,constructed_pseudo_absence
NER-2017-001108,2017-06-17 00:00:00,2017,6,0.5,-0.866,1,0,0,26.64261,94.86652,Nagaland,downpour,large,debris_flow,1477.4,35.1,666.7,2,15.57,1,observed_historical_event
NER-2018-001109,2018-11-02 00:00:00,2018,11,-0.866,0.5,0,0,1,24.93937,93.67121,Manipur,none,none,non_event,1074.9,20.2,8.3,2,5.63,0,constructed_pseudo_absence
NER-2021-001110,2021-05-04 00:00:00,2021,5,0.866,-0.5,0,1,0,24.98946,93.75303,Manipur,none,none,non_event,1147.0,34.8,272.5,2,6.86,0,constructed_pseudo_absence
NER-2017-001111,2017-07-25 00:00:00,2017,7,0.0,-1.0,1,0,0,28.03541,88.48278,Sikkim,monsoon,medium,rockfall,2555.7,21.8,694.3,3,30.06,1,observed_historical_event
NER-2017-001112,2017-01-14 00:00:00,2017,1,0.0,1.0,0,0,0,27.84344,95.90625,Assam,none,none,non_event,434.3,7.5,39.6,0,119.69,0,constructed_pseudo_absence
NER-2009-001113,2009-07-07 00:00:00,2009,7,0.0,-1.0,1,0,0,24.02808,93.48318,Manipur,downpour,small,landslide,1014.5,21.1,350.4,3,0.4,1,observed_historical_event
NER-2013-001114,2013-05-27 00:00:00,2013,5,0.866,-0.5,0,1,0,25.73461,89.84611,Assam,none,none,non_event,620.5,18.0,286.0,0,163.22,0,constructed_pseudo_absence
NER-2011-001115,2011-09-20 00:00:00,2011,9,-0.866,-0.5,1,0,0,29.24365,93.53179,Arunachal Pradesh,none,none,non_event,2132.2,29.4,282.4,1,4.9,0,constructed_pseudo_absence
NER-2018-001116,2018-12-08 00:00:00,2018,12,-0.5,0.866,0,0,0,25.70757,89.97849,Meghalaya,none,none,non_event,1317.7,33.3,11.1,0,150.63,0,constructed_pseudo_absence
NER-2021-001117,2021-07-05 00:00:00,2021,7,0.0,-1.0,1,0,0,28.08211,88.78572,Sikkim,downpour,medium,debris_flow,2360.3,27.8,462.2,1,38.7,1,observed_historical_event
NER-2016-001118,2016-03-27 00:00:00,2016,3,0.866,0.5,0,0,0,25.03899,90.71644,Meghalaya,none,none,non_event,1236.7,23.8,107.4,0,85.97,0,constructed_pseudo_absence
NER-2017-001119,2017-08-02 00:00:00,2017,8,-0.5,-0.866,1,0,0,28.86036,92.89503,Arunachal Pradesh,continuous_rain,small,rockfall,2526.4,24.7,347.1,0,77.7,1,observed_historical_event
NER-2016-001120,2016-07-05 00:00:00,2016,7,0.0,-1.0,1,0,0,22.4101,92.67553,Mizoram,downpour,small,slope_failure,763.7,23.6,403.3,2,1.94,1,observed_historical_event
NER-2019-001121,2019-09-21 00:00:00,2019,9,-0.866,-0.5,1,0,0,27.39085,88.31162,Sikkim,road_cutting,small,mudslide,2488.8,35.0,608.4,3,2.4,1,observed_historical_event
NER-2019-001122,2019-05-08 00:00:00,2019,5,0.866,-0.5,0,1,0,24.28828,91.39435,Tripura,downpour,medium,mudslide,292.5,25.1,419.2,4,14.27,1,observed_historical_event
NER-2021-001123,2021-10-22 00:00:00,2021,10,-1.0,-0.0,0,0,1,26.37503,91.62207,Assam,none,none,non_event,347.4,10.1,144.8,0,55.95,0,constructed_pseudo_absence
NER-2017-001124,2017-10-16 00:00:00,2017,10,-1.0,-0.0,0,0,1,22.35673,92.98849,Mizoram,continuous_rain,medium,rockfall,835.5,29.0,144.7,3,7.7,1,observed_historical_event
NER-2021-001125,2021-04-18 00:00:00,2021,4,1.0,0.0,0,1,0,27.38222,90.7756,Assam,none,none,non_event,328.5,17.2,332.6,0,95.41,0,constructed_pseudo_absence
NER-2022-001126,2022-09-17 00:00:00,2022,9,-0.866,-0.5,1,0,0,23.10304,91.65633,Tripura,continuous_rain,medium,slope_failure,447.5,7.5,292.5,1,35.73,1,observed_historical_event
NER-2019-001127,2019-05-28 00:00:00,2019,5,0.866,-0.5,0,1,0,24.43444,91.59489,Assam,none,none,non_event,710.2,19.8,319.0,2,19.1,0,constructed_pseudo_absence
NER-2022-001128,2022-06-08 00:00:00,2022,6,0.5,-0.866,1,0,0,29.22107,93.51466,Arunachal Pradesh,downpour,small,landslide,2132.7,28.8,378.0,1,6.88,1,observed_historical_event
NER-2021-001129,2021-07-24 00:00:00,2021,7,0.0,-1.0,1,0,0,28.83042,95.63465,Arunachal Pradesh,monsoon,medium,rockfall,2532.6,26.9,447.4,1,7.12,1,observed_historical_event
NER-2016-001130,2016-07-19 00:00:00,2016,7,0.0,-1.0,1,0,0,26.3157,90.26688,Assam,none,none,non_event,376.9,16.8,330.3,0,105.75,0,constructed_pseudo_absence
NER-2017-001131,2017-08-07 00:00:00,2017,8,-0.5,-0.866,1,0,0,28.75228,94.93364,Arunachal Pradesh,continuous_rain,medium,debris_flow,1925.7,39.3,581.7,1,28.03,1,observed_historical_event
NER-2018-001132,2018-06-02 00:00:00,2018,6,0.5,-0.866,1,0,0,25.89103,93.65889,Nagaland,cloudburst,small,landslide,1101.6,32.2,351.0,2,22.53,1,observed_historical_event
NER-2020-001133,2020-07-12 00:00:00,2020,7,0.0,-1.0,1,0,0,22.75729,92.36983,Mizoram,continuous_rain,small,mudslide,879.1,19.8,431.4,1,21.04,1,observed_historical_event
NER-2016-001134,2016-06-13 00:00:00,2016,6,0.5,-0.866,1,0,0,24.9537,93.45069,Manipur,downpour,small,landslide,1030.9,32.0,494.7,3,8.02,1,observed_historical_event
NER-2017-001135,2017-10-21 00:00:00,2017,10,-1.0,-0.0,0,0,1,24.90339,93.31673,Assam,none,none,non_event,623.7,6.9,228.4,4,14.74,0,constructed_pseudo_absence
NER-2017-001136,2017-07-26 00:00:00,2017,7,0.0,-1.0,1,0,0,25.01063,93.34678,Manipur,downpour,small,slope_failure,1115.6,38.6,358.9,4,4.43,1,observed_historical_event
NER-2016-001137,2016-08-03 00:00:00,2016,8,-0.5,-0.866,1,0,0,23.94438,93.36946,Mizoram,continuous_rain,small,landslide,1444.3,33.6,436.1,3,13.64,1,observed_historical_event
NER-2016-001138,2016-04-08 00:00:00,2016,4,1.0,0.0,0,1,0,25.69615,93.47254,Nagaland,none,none,non_event,1723.4,31.4,168.9,2,4.74,0,constructed_pseudo_absence
NER-2017-001139,2017-02-09 00:00:00,2017,2,0.5,0.866,0,0,0,26.88979,89.77263,Assam,none,none,non_event,480.2,17.6,63.5,1,35.03,0,constructed_pseudo_absence
NER-2016-001140,2016-11-10 00:00:00,2016,11,-0.866,0.5,0,0,1,25.49828,94.76124,Manipur,none,none,non_event,1078.3,27.8,2.0,0,78.75,0,constructed_pseudo_absence
NER-2019-001141,2019-08-26 00:00:00,2019,8,-0.5,-0.866,1,0,0,25.22545,91.99567,Meghalaya,continuous_rain,small,debris_flow,1712.3,22.2,453.7,0,60.21,1,observed_historical_event
NER-2021-001142,2021-10-13 00:00:00,2021,10,-1.0,-0.0,0,0,1,28.72088,95.57025,Arunachal Pradesh,none,none,non_event,2248.8,33.8,147.6,1,16.54,0,constructed_pseudo_absence
NER-2015-001143,2015-09-14 00:00:00,2015,9,-0.866,-0.5,1,0,0,25.82379,95.09443,Assam,none,none,non_event,493.1,23.1,325.8,0,67.09,0,constructed_pseudo_absence
NER-2019-001144,2019-11-04 00:00:00,2019,11,-0.866,0.5,0,0,1,22.6886,92.87875,Mizoram,none,none,non_event,1332.4,32.6,24.1,4,33.96,0,constructed_pseudo_absence
NER-2014-001145,2014-07-04 00:00:00,2014,7,0.0,-1.0,1,0,0,26.67008,94.63676,Nagaland,road_cutting,medium,debris_flow,1668.4,36.9,475.7,2,7.88,1,observed_historical_event
NER-2016-001146,2016-08-20 00:00:00,2016,8,-0.5,-0.866,1,0,0,24.26685,91.00344,Assam,continuous_rain,medium,slope_failure,561.1,23.5,488.4,1,3.29,1,observed_historical_event
NER-2018-001147,2018-07-14 00:00:00,2018,7,0.0,-1.0,1,0,0,24.88284,93.48458,Assam,monsoon,medium,debris_flow,538.0,19.1,605.5,3,16.66,1,observed_historical_event
NER-2016-001148,2016-04-13 00:00:00,2016,4,1.0,0.0,0,1,0,28.98452,94.94329,Arunachal Pradesh,downpour,very_large,mudslide,1940.6,35.5,224.1,1,10.28,1,observed_historical_event
NER-2020-001149,2020-07-02 00:00:00,2020,7,0.0,-1.0,1,0,0,23.93039,91.59827,Tripura,downpour,large,slope_failure,591.7,21.2,563.5,3,1.44,1,observed_historical_event
NER-2010-001150,2010-08-12 00:00:00,2010,8,-0.5,-0.866,1,0,0,26.31031,94.72739,Nagaland,none,none,non_event,1515.6,25.8,311.5,2,21.29,0,constructed_pseudo_absence
NER-2008-001151,2008-07-03 00:00:00,2008,7,0.0,-1.0,1,0,0,22.37154,93.09027,Mizoram,continuous_rain,medium,rockfall,774.6,23.6,516.3,3,8.38,1,observed_historical_event
NER-2019-001152,2019-04-14 00:00:00,2019,4,1.0,0.0,0,1,0,27.60286,88.1352,Sikkim,monsoon,medium,rockfall,2273.6,29.1,278.3,5,10.73,1,observed_historical_event
NER-2020-001153,2020-05-11 00:00:00,2020,5,0.866,-0.5,0,1,0,22.96451,92.15397,Tripura,continuous_rain,medium,debris_flow,358.7,7.1,421.5,2,35.84,1,observed_historical_event
NER-2021-001154,2021-05-28 00:00:00,2021,5,0.866,-0.5,0,1,0,27.40212,88.3732,Sikkim,none,none,non_event,2680.5,37.9,234.6,4,7.75,0,constructed_pseudo_absence
NER-2018-001155,2018-06-16 00:00:00,2018,6,0.5,-0.866,1,0,0,22.37971,92.96071,Mizoram,continuous_rain,large,mudslide,986.5,34.9,378.8,3,7.56,1,observed_historical_event
NER-2010-001156,2010-06-01 00:00:00,2010,6,0.5,-0.866,1,0,0,26.89863,94.56253,Nagaland,none,none,non_event,1431.5,29.0,435.0,2,6.9,0,constructed_pseudo_absence
NER-2022-001157,2022-05-05 00:00:00,2022,5,0.866,-0.5,0,1,0,26.54813,93.12294,Assam,none,none,non_event,531.3,8.0,326.3,1,6.91,0,constructed_pseudo_absence
NER-2018-001158,2018-10-13 00:00:00,2018,10,-1.0,-0.0,0,0,1,27.78685,88.46369,Sikkim,none,none,non_event,2501.0,37.2,165.0,5,13.21,0,constructed_pseudo_absence
NER-2016-001159,2016-03-11 00:00:00,2016,3,0.866,0.5,0,0,0,25.87343,91.89936,Meghalaya,none,none,non_event,1152.5,33.6,171.8,3,7.0,0,constructed_pseudo_absence
NER-2020-001160,2020-06-24 00:00:00,2020,6,0.5,-0.866,1,0,0,24.14699,92.36418,Mizoram,downpour,medium,slope_failure,965.1,14.6,701.2,0,72.52,1,observed_historical_event
NER-2019-001161,2019-09-21 00:00:00,2019,9,-0.866,-0.5,1,0,0,22.33639,92.69308,Mizoram,monsoon,medium,rockfall,684.7,29.2,417.7,2,7.34,1,observed_historical_event
NER-2019-001162,2019-03-15 00:00:00,2019,3,0.866,0.5,0,0,0,27.43478,88.18644,Sikkim,none,none,non_event,2408.5,37.9,116.2,3,8.35,0,constructed_pseudo_absence
NER-2018-001163,2018-06-08 00:00:00,2018,6,0.5,-0.866,1,0,0,25.63394,92.58152,Meghalaya,downpour,small,debris_flow,1493.5,23.9,783.5,1,6.93,1,observed_historical_event
NER-2015-001164,2015-05-17 00:00:00,2015,5,0.866,-0.5,0,1,0,26.99466,94.15252,Nagaland,none,none,non_event,1644.8,35.6,318.9,1,34.78,0,constructed_pseudo_absence
NER-2011-001165,2011-08-13 00:00:00,2011,8,-0.5,-0.866,1,0,0,25.55659,92.65694,Meghalaya,continuous_rain,medium,slope_failure,1143.3,20.4,585.1,1,5.13,1,observed_historical_event
NER-2021-001166,2021-06-12 00:00:00,2021,6,0.5,-0.866,1,0,0,25.28568,90.84056,Meghalaya,none,none,non_event,1444.6,23.0,794.8,0,63.35,0,constructed_pseudo_absence
NER-2019-001167,2019-06-09 00:00:00,2019,6,0.5,-0.866,1,0,0,22.7171,93.01817,Mizoram,continuous_rain,medium,mudslide,936.4,23.3,326.3,2,23.9,1,observed_historical_event
NER-2022-001168,2022-07-05 00:00:00,2022,7,0.0,-1.0,1,0,0,27.5507,88.78127,Sikkim,continuous_rain,medium,landslide,2619.0,41.6,730.9,1,30.7,1,observed_historical_event
NER-2019-001169,2019-06-04 00:00:00,2019,6,0.5,-0.866,1,0,0,22.17718,92.39726,Mizoram,continuous_rain,medium,landslide,1346.6,34.9,694.1,1,38.28,1,observed_historical_event
NER-2020-001170,2020-01-19 00:00:00,2020,1,0.0,1.0,0,0,0,24.79877,89.8864,Assam,none,none,non_event,625.7,15.0,7.5,0,126.0,0,constructed_pseudo_absence
NER-2022-001171,2022-03-14 00:00:00,2022,3,0.866,0.5,0,0,0,26.72527,94.53869,Nagaland,monsoon,large,landslide,1283.4,28.7,135.7,2,18.16,1,observed_historical_event
NER-2017-001172,2017-05-09 00:00:00,2017,5,0.866,-0.5,0,1,0,26.28715,94.43647,Nagaland,continuous_rain,large,landslide,1135.7,27.5,370.2,2,16.71,1,observed_historical_event
NER-2018-001173,2018-07-20 00:00:00,2018,7,0.0,-1.0,1,0,0,27.62754,88.14242,Sikkim,downpour,large,mudslide,2112.3,26.3,430.2,5,8.22,1,observed_historical_event
NER-2022-001174,2022-07-14 00:00:00,2022,7,0.0,-1.0,1,0,0,27.8911,88.1204,Sikkim,downpour,medium,slope_failure,2414.8,36.9,566.5,4,8.39,1,observed_historical_event
NER-2021-001175,2021-01-28 00:00:00,2021,1,0.0,1.0,0,0,0,23.58889,92.83288,Mizoram,none,none,non_event,1074.8,28.5,29.4,1,8.71,0,constructed_pseudo_absence
NER-2022-001176,2022-09-20 00:00:00,2022,9,-0.866,-0.5,1,0,0,24.32167,90.84127,Assam,continuous_rain,small,mudslide,494.2,3.0,498.9,1,17.11,1,observed_historical_event
NER-2011-001177,2011-05-01 00:00:00,2011,5,0.866,-0.5,0,1,0,22.53616,92.28068,Mizoram,continuous_rain,medium,debris_flow,1208.4,28.9,283.2,2,43.11,1,observed_historical_event
NER-2019-001178,2019-07-27 00:00:00,2019,7,0.0,-1.0,1,0,0,27.63828,88.64087,Sikkim,downpour,small,rockfall,2119.4,43.2,721.8,4,16.82,1,observed_historical_event
NER-2021-001179,2021-08-21 00:00:00,2021,8,-0.5,-0.866,1,0,0,27.45301,88.1722,Sikkim,downpour,large,slope_failure,2418.1,42.0,642.5,3,6.69,1,observed_historical_event
NER-2019-001180,2019-06-03 00:00:00,2019,6,0.5,-0.866,1,0,0,29.22954,93.48469,Arunachal Pradesh,downpour,medium,slope_failure,2211.4,31.9,372.1,1,6.12,1,observed_historical_event
NER-2019-001181,2019-03-08 00:00:00,2019,3,0.866,0.5,0,0,0,29.29355,93.59904,Arunachal Pradesh,cloudburst,small,landslide,2240.8,34.5,66.8,1,7.88,1,observed_historical_event
NER-2014-001182,2014-04-26 00:00:00,2014,4,1.0,0.0,0,1,0,27.07777,88.53542,Sikkim,downpour,medium,landslide,2610.3,48.1,202.3,1,41.04,1,observed_historical_event
NER-2013-001183,2013-01-04 00:00:00,2013,1,0.0,1.0,0,0,0,25.67495,92.69214,Meghalaya,none,none,non_event,1363.8,38.2,36.9,1,12.48,0,constructed_pseudo_absence
NER-2017-001184,2017-06-24 00:00:00,2017,6,0.5,-0.866,1,0,0,24.30765,93.59211,Manipur,monsoon,medium,landslide,1137.0,18.5,393.7,3,4.57,1,observed_historical_event
NER-2019-001185,2019-07-13 00:00:00,2019,7,0.0,-1.0,1,0,0,23.21724,91.35076,Tripura,continuous_rain,small,debris_flow,80.0,24.4,414.5,1,19.4,1,observed_historical_event
NER-2012-001186,2012-02-17 00:00:00,2012,2,0.5,0.866,0,0,0,24.99741,93.61013,Manipur,none,none,non_event,801.1,19.8,54.8,3,8.05,0,constructed_pseudo_absence
NER-2017-001187,2017-01-17 00:00:00,2017,1,0.0,1.0,0,0,0,27.02523,92.22641,Arunachal Pradesh,none,none,non_event,2156.2,31.1,25.3,1,11.64,0,constructed_pseudo_absence
NER-2017-001188,2017-04-28 00:00:00,2017,4,1.0,0.0,0,1,0,26.81025,94.47251,Nagaland,none,none,non_event,1083.7,26.5,187.1,2,8.15,0,constructed_pseudo_absence
NER-2018-001189,2018-09-21 00:00:00,2018,9,-0.866,-0.5,1,0,0,25.59861,92.56682,Meghalaya,continuous_rain,medium,rockfall,1390.9,31.0,446.3,1,6.28,1,observed_historical_event
NER-2018-001190,2018-10-11 00:00:00,2018,10,-1.0,-0.0,0,0,1,25.29471,94.40335,Nagaland,none,none,non_event,1487.0,28.9,142.3,0,79.43,0,constructed_pseudo_absence
NER-2016-001191,2016-07-08 00:00:00,2016,7,0.0,-1.0,1,0,0,27.33522,88.28303,Sikkim,continuous_rain,medium,landslide,2284.7,49.0,455.1,3,6.23,1,observed_historical_event
NER-2016-001192,2016-06-09 00:00:00,2016,6,0.5,-0.866,1,0,0,24.29346,91.63537,Tripura,downpour,medium,mudslide,617.7,18.8,382.8,3,3.67,1,observed_historical_event
NER-2016-001193,2016-06-14 00:00:00,2016,6,0.5,-0.866,1,0,0,25.94313,91.81989,Meghalaya,continuous_rain,medium,landslide,1019.2,41.4,484.5,3,18.78,1,observed_historical_event
NER-2009-001194,2009-06-09 00:00:00,2009,6,0.5,-0.866,1,0,0,27.43435,96.90082,Arunachal Pradesh,continuous_rain,large,landslide,2422.0,43.1,481.2,0,206.03,1,observed_historical_event
NER-2016-001195,2016-09-14 00:00:00,2016,9,-0.866,-0.5,1,0,0,24.69942,94.54503,Manipur,continuous_rain,small,mudslide,1204.2,25.3,275.8,0,92.61,1,observed_historical_event
NER-2019-001196,2019-06-25 00:00:00,2019,6,0.5,-0.866,1,0,0,24.10281,93.59987,Manipur,monsoon,small,debris_flow,779.2,35.9,322.5,3,6.47,1,observed_historical_event
NER-2019-001197,2019-09-05 00:00:00,2019,9,-0.866,-0.5,1,0,0,22.51018,92.71092,Mizoram,downpour,medium,slope_failure,1151.1,37.0,444.8,3,14.47,1,observed_historical_event
NER-2018-001198,2018-04-13 00:00:00,2018,4,1.0,0.0,0,1,0,22.50959,93.13628,Mizoram,none,none,non_event,1028.4,32.6,155.6,3,14.71,0,constructed_pseudo_absence
NER-2022-001199,2022-08-14 00:00:00,2022,8,-0.5,-0.866,1,0,0,27.35828,88.43727,Sikkim,continuous_rain,medium,debris_flow,2572.3,27.4,449.8,4,14.07,1,observed_historical_event
NER-2017-001200,2017-08-13 00:00:00,2017,8,-0.5,-0.866,1,0,0,25.92744,95.05677,Nagaland,monsoon,medium,slope_failure,1361.3,24.3,409.3,0,57.35,1,observed_historical_event
NER-2021-001201,2021-04-27 00:00:00,2021,4,1.0,0.0,0,1,0,28.97997,95.06287,Arunachal Pradesh,monsoon,medium,debris_flow,1984.2,41.8,252.3,1,2.02,1,observed_historical_event
NER-2019-001202,2019-07-08 00:00:00,2019,7,0.0,-1.0,1,0,0,25.7608,91.64101,Meghalaya,downpour,medium,rockfall,1566.8,41.8,707.2,4,9.67,1,observed_historical_event
NER-2020-001203,2020-01-17 00:00:00,2020,1,0.0,1.0,0,0,0,24.92976,93.70733,Manipur,none,none,non_event,1190.8,16.8,45.6,2,5.55,0,constructed_pseudo_absence
NER-2017-001204,2017-08-23 00:00:00,2017,8,-0.5,-0.866,1,0,0,25.41085,94.36069,Manipur,monsoon,medium,slope_failure,1058.9,32.6,499.2,0,67.69,1,observed_historical_event
NER-2016-001205,2016-05-28 00:00:00,2016,5,0.866,-0.5,0,1,0,27.08348,94.51851,Assam,downpour,small,mudslide,408.6,18.7,375.2,1,21.84,1,observed_historical_event
NER-2022-001206,2022-07-06 00:00:00,2022,7,0.0,-1.0,1,0,0,27.58442,88.57335,Sikkim,continuous_rain,very_large,mudslide,2309.3,24.5,557.4,4,20.67,1,observed_historical_event
NER-2022-001207,2022-09-20 00:00:00,2022,9,-0.866,-0.5,1,0,0,27.86836,88.18207,Sikkim,continuous_rain,small,debris_flow,2365.9,43.1,391.2,4,5.82,1,observed_historical_event
NER-2018-001208,2018-08-20 00:00:00,2018,8,-0.5,-0.866,1,0,0,27.52212,88.8948,Sikkim,road_cutting,medium,debris_flow,2743.5,34.8,456.6,1,40.96,1,observed_historical_event
NER-2017-001209,2017-09-23 00:00:00,2017,9,-0.866,-0.5,1,0,0,25.00052,93.19448,Manipur,continuous_rain,medium,debris_flow,834.9,25.1,470.7,4,11.3,1,observed_historical_event
NER-2021-001210,2021-09-25 00:00:00,2021,9,-0.866,-0.5,1,0,0,27.80885,88.17063,Sikkim,continuous_rain,large,mudslide,2210.1,40.1,384.0,5,10.71,1,observed_historical_event
NER-2020-001211,2020-07-02 00:00:00,2020,7,0.0,-1.0,1,0,0,27.6157,88.18926,Sikkim,downpour,medium,landslide,2108.8,27.7,570.6,5,8.54,1,observed_historical_event
NER-2020-001212,2020-08-11 00:00:00,2020,8,-0.5,-0.866,1,0,0,23.19416,91.87622,Tripura,continuous_rain,large,rockfall,80.0,7.8,414.2,2,29.85,1,observed_historical_event
NER-2016-001213,2016-07-27 00:00:00,2016,7,0.0,-1.0,1,0,0,29.00818,95.05998,Arunachal Pradesh,downpour,medium,slope_failure,2002.3,35.1,859.5,1,2.4,1,observed_historical_event
NER-2018-001214,2018-12-22 00:00:00,2018,12,-0.5,0.866,0,0,0,28.0052,91.53463,Arunachal Pradesh,none,none,non_event,2437.1,41.2,2.2,0,102.58,0,constructed_pseudo_absence
NER-2020-001215,2020-03-05 00:00:00,2020,3,0.866,0.5,0,0,0,26.02535,93.77242,Nagaland,downpour,medium,rockfall,1647.4,46.1,43.3,1,26.3,1,observed_historical_event
NER-2018-001216,2018-04-25 00:00:00,2018,4,1.0,0.0,0,1,0,24.38584,93.63348,Manipur,none,none,non_event,1281.3,37.8,167.3,3,13.7,0,constructed_pseudo_absence
NER-2017-001217,2017-09-27 00:00:00,2017,9,-0.866,-0.5,1,0,0,25.39676,94.61795,Manipur,none,none,non_event,1141.6,20.1,330.4,0,87.99,0,constructed_pseudo_absence
NER-2017-001218,2017-11-08 00:00:00,2017,11,-0.866,0.5,0,0,1,25.59319,93.50558,Nagaland,none,none,non_event,1404.5,29.9,27.8,2,9.78,0,constructed_pseudo_absence
NER-2016-001219,2016-10-06 00:00:00,2016,10,-1.0,-0.0,0,0,1,27.72216,92.47813,Arunachal Pradesh,none,none,non_event,1991.4,42.7,116.5,1,11.44,0,constructed_pseudo_absence
NER-2014-001220,2014-07-19 00:00:00,2014,7,0.0,-1.0,1,0,0,26.04278,91.77191,Meghalaya,monsoon,medium,rockfall,1271.9,34.7,720.0,3,25.37,1,observed_historical_event
NER-2019-001221,2019-07-12 00:00:00,2019,7,0.0,-1.0,1,0,0,23.59413,91.46133,Tripura,none,none,non_event,231.5,14.5,379.9,2,25.67,0,constructed_pseudo_absence
NER-2020-001222,2020-08-25 00:00:00,2020,8,-0.5,-0.866,1,0,0,22.30237,92.35127,Mizoram,continuous_rain,medium,slope_failure,925.8,31.5,334.2,1,35.51,1,observed_historical_event
NER-2012-001223,2012-08-22 00:00:00,2012,8,-0.5,-0.866,1,0,0,25.09814,92.78855,Assam,downpour,medium,slope_failure,283.7,5.7,320.5,2,13.71,1,observed_historical_event
NER-2020-001224,2020-06-11 00:00:00,2020,6,0.5,-0.866,1,0,0,27.45293,88.1858,Sikkim,continuous_rain,small,mudslide,2439.3,35.3,401.4,3,7.34,1,observed_historical_event
NER-2019-001225,2019-12-14 00:00:00,2019,12,-0.5,0.866,0,0,0,25.88044,91.66716,Meghalaya,none,none,non_event,1152.5,29.1,45.5,3,6.13,0,constructed_pseudo_absence
NER-2017-001226,2017-09-03 00:00:00,2017,9,-0.866,-0.5,1,0,0,23.55998,93.09625,Mizoram,downpour,medium,debris_flow,892.6,37.7,249.8,1,20.04,1,observed_historical_event
NER-2018-001227,2018-07-04 00:00:00,2018,7,0.0,-1.0,1,0,0,24.40418,94.73586,Manipur,continuous_rain,small,mudslide,1475.7,31.1,449.3,0,118.63,1,observed_historical_event
NER-2019-001228,2019-03-19 00:00:00,2019,3,0.866,0.5,0,0,0,22.36628,92.25399,Mizoram,none,none,non_event,710.8,29.0,70.6,1,44.02,0,constructed_pseudo_absence
NER-2016-001229,2016-05-24 00:00:00,2016,5,0.866,-0.5,0,1,0,25.48185,91.39036,Meghalaya,none,none,non_event,1036.2,19.7,421.9,3,6.25,0,constructed_pseudo_absence
NER-2011-001230,2011-06-03 00:00:00,2011,6,0.5,-0.866,1,0,0,26.79274,94.61447,Nagaland,road_cutting,medium,debris_flow,1271.6,25.5,532.3,2,16.34,1,observed_historical_event
NER-2010-001231,2010-09-19 00:00:00,2010,9,-0.866,-0.5,1,0,0,25.40948,91.48772,Meghalaya,continuous_rain,small,landslide,1306.3,28.8,387.1,1,5.15,1,observed_historical_event
NER-2022-001232,2022-07-22 00:00:00,2022,7,0.0,-1.0,1,0,0,24.8901,93.52746,Manipur,monsoon,small,debris_flow,1169.0,36.2,446.9,3,18.19,1,observed_historical_event
NER-2016-001233,2016-12-08 00:00:00,2016,12,-0.5,0.866,0,0,0,27.175,93.13937,Assam,none,none,non_event,214.0,13.0,17.2,0,63.98,0,constructed_pseudo_absence
NER-2018-001234,2018-10-18 00:00:00,2018,10,-1.0,-0.0,0,0,1,27.76872,88.2869,Sikkim,none,none,non_event,2288.4,36.2,157.9,5,14.31,0,constructed_pseudo_absence
NER-2019-001235,2019-05-14 00:00:00,2019,5,0.866,-0.5,0,1,0,22.43728,92.44447,Mizoram,downpour,large,slope_failure,1277.3,39.9,254.1,1,25.64,1,observed_historical_event
NER-2021-001236,2021-11-18 00:00:00,2021,11,-0.866,0.5,0,0,1,23.27635,92.1297,Tripura,none,none,non_event,80.0,8.5,64.3,1,3.15,0,constructed_pseudo_absence
NER-2017-001237,2017-08-05 00:00:00,2017,8,-0.5,-0.866,1,0,0,25.41643,90.08875,Meghalaya,continuous_rain,small,rockfall,1106.7,23.5,571.8,0,135.78,1,observed_historical_event
NER-2021-001238,2021-12-05 00:00:00,2021,12,-0.5,0.866,0,0,0,24.15415,91.46138,Tripura,none,none,non_event,183.9,22.5,10.3,4,10.18,0,constructed_pseudo_absence
NER-2011-001239,2011-03-25 00:00:00,2011,3,0.866,0.5,0,0,0,26.94658,92.00249,Arunachal Pradesh,none,none,non_event,2264.1,24.0,48.0,1,15.36,0,constructed_pseudo_absence
NER-2018-001240,2018-08-19 00:00:00,2018,8,-0.5,-0.866,1,0,0,26.74032,94.65363,Nagaland,continuous_rain,medium,mudslide,1522.0,27.2,540.3,2,12.08,1,observed_historical_event
NER-2022-001241,2022-02-08 00:00:00,2022,2,0.5,0.866,0,0,0,25.67714,93.6046,Nagaland,none,none,non_event,1481.6,26.0,14.6,2,14.94,0,constructed_pseudo_absence
NER-2017-001242,2017-07-19 00:00:00,2017,7,0.0,-1.0,1,0,0,24.4208,91.0603,Assam,none,none,non_event,659.8,5.9,350.7,1,14.83,0,constructed_pseudo_absence
NER-2021-001243,2021-07-08 00:00:00,2021,7,0.0,-1.0,1,0,0,23.39364,93.18926,Mizoram,continuous_rain,large,rockfall,1156.4,28.6,498.2,1,34.48,1,observed_historical_event
NER-2018-001244,2018-08-20 00:00:00,2018,8,-0.5,-0.866,1,0,0,29.3355,93.49288,Arunachal Pradesh,continuous_rain,medium,debris_flow,2244.8,31.2,467.1,1,5.98,1,observed_historical_event
NER-2019-001245,2019-04-06 00:00:00,2019,4,1.0,0.0,0,1,0,23.68315,92.37929,Mizoram,none,none,non_event,916.6,29.9,186.4,1,50.34,0,constructed_pseudo_absence
NER-2018-001246,2018-07-01 00:00:00,2018,7,0.0,-1.0,1,0,0,26.54,94.7553,Nagaland,downpour,medium,landslide,1743.4,25.2,504.7,3,13.58,1,observed_historical_event
NER-2017-001247,2017-08-21 00:00:00,2017,8,-0.5,-0.866,1,0,0,27.49432,88.73762,Sikkim,downpour,small,slope_failure,2581.6,36.1,451.8,2,33.9,1,observed_historical_event
NER-2016-001248,2016-08-09 00:00:00,2016,8,-0.5,-0.866,1,0,0,23.48459,91.21649,Tripura,downpour,large,landslide,508.2,5.8,727.8,1,27.12,1,observed_historical_event
NER-2012-001249,2012-09-13 00:00:00,2012,9,-0.866,-0.5,1,0,0,25.97343,94.03785,Nagaland,continuous_rain,medium,landslide,1142.6,26.8,532.6,1,26.44,1,observed_historical_event
NER-2017-001250,2017-11-24 00:00:00,2017,11,-0.866,0.5,0,0,1,24.2561,92.06155,Tripura,none,none,non_event,501.2,23.9,45.3,1,40.28,0,constructed_pseudo_absence
NER-2017-001251,2017-05-28 00:00:00,2017,5,0.866,-0.5,0,1,0,23.69453,92.92445,Mizoram,none,none,non_event,972.5,34.3,205.5,1,15.14,0,constructed_pseudo_absence
NER-2022-001252,2022-04-13 00:00:00,2022,4,1.0,0.0,0,1,0,29.19773,94.21512,Arunachal Pradesh,cloudburst,small,slope_failure,2289.6,28.4,169.9,0,67.74,1,observed_historical_event
NER-2017-001253,2017-08-01 00:00:00,2017,8,-0.5,-0.866,1,0,0,27.32895,97.35029,Arunachal Pradesh,downpour,medium,landslide,2180.8,42.7,366.3,0,244.02,1,observed_historical_event
NER-2019-001254,2019-06-11 00:00:00,2019,6,0.5,-0.866,1,0,0,27.39467,88.27842,Sikkim,continuous_rain,small,slope_failure,2340.0,47.4,402.2,3,2.18,1,observed_historical_event
NER-2022-001255,2022-06-10 00:00:00,2022,6,0.5,-0.866,1,0,0,27.27412,88.18152,Sikkim,none,none,non_event,2010.8,24.8,491.0,3,16.55,0,constructed_pseudo_absence
NER-2016-001256,2016-06-24 00:00:00,2016,6,0.5,-0.866,1,0,0,25.90429,91.92059,Meghalaya,downpour,medium,debris_flow,1188.0,30.8,961.6,3,8.67,1,observed_historical_event
NER-2022-001257,2022-06-21 00:00:00,2022,6,0.5,-0.866,1,0,0,28.78569,95.47013,Arunachal Pradesh,continuous_rain,medium,slope_failure,2234.4,33.6,735.4,2,15.35,1,observed_historical_event
NER-2018-001258,2018-07-01 00:00:00,2018,7,0.0,-1.0,1,0,0,23.58752,91.29188,Tripura,none,none,non_event,80.0,17.4,442.0,2,28.52,0,constructed_pseudo_absence
NER-2018-001259,2018-07-09 00:00:00,2018,7,0.0,-1.0,1,0,0,25.6331,93.41116,Nagaland,monsoon,medium,slope_failure,1679.0,33.4,495.8,2,6.22,1,observed_historical_event
NER-2021-001260,2021-07-02 00:00:00,2021,7,0.0,-1.0,1,0,0,24.97842,93.56699,Manipur,monsoon,medium,mudslide,799.1,29.3,448.3,3,12.42,1,observed_historical_event
NER-2012-001261,2012-09-04 00:00:00,2012,9,-0.866,-0.5,1,0,0,25.56179,92.52058,Meghalaya,downpour,large,mudslide,1451.0,34.6,452.2,1,10.36,1,observed_historical_event
NER-2021-001262,2021-12-06 00:00:00,2021,12,-0.5,0.866,0,0,0,24.31395,91.31905,Tripura,none,none,non_event,286.4,19.6,34.0,3,22.34,0,constructed_pseudo_absence
NER-2021-001263,2021-07-28 00:00:00,2021,7,0.0,-1.0,1,0,0,23.19807,91.41775,Tripura,road_cutting,medium,rockfall,80.0,23.8,427.9,1,19.75,1,observed_historical_event
NER-2021-001264,2021-05-24 00:00:00,2021,5,0.866,-0.5,0,1,0,26.57563,94.77162,Nagaland,downpour,medium,rockfall,1821.3,25.8,609.9,3,10.15,1,observed_historical_event
NER-2021-001265,2021-07-01 00:00:00,2021,7,0.0,-1.0,1,0,0,26.74454,94.14507,Nagaland,downpour,medium,landslide,1381.6,44.7,368.4,1,36.64,1,observed_historical_event
NER-2018-001266,2018-08-22 00:00:00,2018,8,-0.5,-0.866,1,0,0,23.49789,93.01269,Mizoram,none,none,non_event,1224.2,21.6,430.7,1,12.04,0,constructed_pseudo_absence
NER-2016-001267,2016-01-13 00:00:00,2016,1,0.0,1.0,0,0,0,23.77325,91.57645,Tripura,none,none,non_event,447.1,10.8,25.2,2,15.94,0,constructed_pseudo_absence
NER-2018-001268,2018-09-09 00:00:00,2018,9,-0.866,-0.5,1,0,0,27.11813,89.79179,Assam,road_cutting,small,mudslide,675.7,12.3,412.4,1,10.58,1,observed_historical_event
NER-2009-001269,2009-06-08 00:00:00,2009,6,0.5,-0.866,1,0,0,23.34501,92.0974,Tripura,none,none,non_event,375.9,6.9,298.0,1,6.31,0,constructed_pseudo_absence
NER-2021-001270,2021-07-01 00:00:00,2021,7,0.0,-1.0,1,0,0,27.8657,88.28628,Sikkim,continuous_rain,medium,slope_failure,2515.9,29.7,533.6,4,8.3,1,observed_historical_event
NER-2017-001271,2017-07-04 00:00:00,2017,7,0.0,-1.0,1,0,0,23.99608,93.48268,Manipur,continuous_rain,very_large,landslide,1160.9,32.5,423.2,3,5.02,1,observed_historical_event
NER-2021-001272,2021-01-11 00:00:00,2021,1,0.0,1.0,0,0,0,25.69073,91.44552,Meghalaya,none,none,non_event,1667.2,33.5,20.1,3,21.04,0,constructed_pseudo_absence
NER-2020-001273,2020-07-25 00:00:00,2020,7,0.0,-1.0,1,0,0,27.16577,89.99041,Assam,continuous_rain,medium,slope_failure,231.9,8.9,464.7,1,15.75,1,observed_historical_event
NER-2016-001274,2016-08-03 00:00:00,2016,8,-0.5,-0.866,1,0,0,22.39133,92.77625,Mizoram,continuous_rain,medium,slope_failure,898.2,21.2,309.2,2,9.21,1,observed_historical_event
NER-2019-001275,2019-04-21 00:00:00,2019,4,1.0,0.0,0,1,0,24.1198,94.6047,Manipur,continuous_rain,large,debris_flow,1101.1,33.6,196.5,0,106.84,1,observed_historical_event
NER-2019-001276,2019-06-27 00:00:00,2019,6,0.5,-0.866,1,0,0,25.72292,91.72672,Meghalaya,continuous_rain,medium,debris_flow,1398.5,27.4,1176.4,4,17.23,1,observed_historical_event
NER-2020-001277,2020-06-20 00:00:00,2020,6,0.5,-0.866,1,0,0,23.05613,92.43514,Mizoram,cloudburst,small,mudslide,1437.2,27.5,347.1,2,20.39,1,observed_historical_event
NER-2020-001278,2020-02-23 00:00:00,2020,2,0.5,0.866,0,0,0,24.12066,91.6141,Tripura,none,none,non_event,227.4,6.1,22.3,3,15.88,0,constructed_pseudo_absence
NER-2013-001279,2013-08-03 00:00:00,2013,8,-0.5,-0.866,1,0,0,23.61227,91.69568,Tripura,none,none,non_event,80.0,25.8,310.5,2,35.53,0,constructed_pseudo_absence
NER-2019-001280,2019-07-12 00:00:00,2019,7,0.0,-1.0,1,0,0,23.41265,91.82303,Tripura,none,none,non_event,283.9,19.3,407.5,2,34.94,0,constructed_pseudo_absence
NER-2020-001281,2020-07-14 00:00:00,2020,7,0.0,-1.0,1,0,0,25.95676,91.78817,Meghalaya,cloudburst,medium,slope_failure,962.8,32.7,531.6,3,19.23,1,observed_historical_event
NER-2020-001282,2020-09-18 00:00:00,2020,9,-0.866,-0.5,1,0,0,22.33207,92.5999,Mizoram,downpour,large,landslide,735.3,31.7,475.6,2,11.19,1,observed_historical_event
NER-2008-001283,2008-06-05 00:00:00,2008,6,0.5,-0.866,1,0,0,27.34603,88.27131,Sikkim,continuous_rain,medium,rockfall,2135.2,40.9,406.2,3,5.67,1,observed_historical_event
NER-2019-001284,2019-06-17 00:00:00,2019,6,0.5,-0.866,1,0,0,24.14186,93.13953,Mizoram,continuous_rain,medium,mudslide,822.3,20.0,339.5,3,36.4,1,observed_historical_event
NER-2018-001285,2018-06-02 00:00:00,2018,6,0.5,-0.866,1,0,0,25.84439,91.11993,Meghalaya,continuous_rain,medium,debris_flow,1452.8,30.7,581.6,1,40.19,1,observed_historical_event
NER-2020-001286,2020-07-04 00:00:00,2020,7,0.0,-1.0,1,0,0,24.39159,93.55542,Manipur,continuous_rain,medium,landslide,1189.4,23.0,719.6,3,11.06,1,observed_historical_event
NER-2021-001287,2021-08-27 00:00:00,2021,8,-0.5,-0.866,1,0,0,23.7541,91.18958,Tripura,monsoon,small,debris_flow,324.1,23.4,456.7,1,44.23,1,observed_historical_event
NER-2018-001288,2018-05-16 00:00:00,2018,5,0.866,-0.5,0,1,0,22.66296,93.29798,Mizoram,none,none,non_event,1330.6,36.3,333.1,2,7.39,0,constructed_pseudo_absence
NER-2013-001289,2013-07-25 00:00:00,2013,7,0.0,-1.0,1,0,0,25.63342,92.56966,Meghalaya,continuous_rain,small,slope_failure,1528.7,22.5,928.3,1,8.24,1,observed_historical_event
NER-2017-001290,2017-07-03 00:00:00,2017,7,0.0,-1.0,1,0,0,25.54455,91.39011,Meghalaya,continuous_rain,small,debris_flow,1016.4,19.6,560.8,3,13.54,1,observed_historical_event
NER-2020-001291,2020-06-13 00:00:00,2020,6,0.5,-0.866,1,0,0,24.12883,93.5087,Manipur,continuous_rain,medium,debris_flow,898.9,21.3,480.4,3,7.02,1,observed_historical_event
NER-2020-001292,2020-04-03 00:00:00,2020,4,1.0,0.0,0,1,0,23.96495,91.59954,Tripura,none,none,non_event,588.1,21.7,122.5,3,5.95,0,constructed_pseudo_absence
NER-2018-001293,2018-09-22 00:00:00,2018,9,-0.866,-0.5,1,0,0,25.80937,91.88426,Meghalaya,monsoon,large,slope_failure,1249.9,33.5,610.6,3,5.46,1,observed_historical_event
NER-2016-001294,2016-09-14 00:00:00,2016,9,-0.866,-0.5,1,0,0,25.69786,92.70773,Meghalaya,monsoon,medium,rockfall,1405.7,31.6,447.9,1,14.51,1,observed_historical_event
NER-2014-001295,2014-06-03 00:00:00,2014,6,0.5,-0.866,1,0,0,26.64477,94.54149,Nagaland,continuous_rain,very_large,debris_flow,1493.6,44.9,714.6,2,16.92,1,observed_historical_event
NER-2019-001296,2019-07-14 00:00:00,2019,7,0.0,-1.0,1,0,0,25.87339,91.48115,Meghalaya,downpour,small,mudslide,1309.3,32.4,685.4,4,3.36,1,observed_historical_event
NER-2018-001297,2018-09-12 00:00:00,2018,9,-0.866,-0.5,1,0,0,23.648,93.02136,Mizoram,continuous_rain,medium,debris_flow,884.4,35.4,333.9,1,14.83,1,observed_historical_event
NER-2013-001298,2013-06-25 00:00:00,2013,6,0.5,-0.866,1,0,0,26.10548,94.57141,Nagaland,road_cutting,large,slope_failure,1631.7,22.5,340.8,1,10.41,1,observed_historical_event
NER-2021-001299,2021-08-07 00:00:00,2021,8,-0.5,-0.866,1,0,0,23.93267,92.5253,Mizoram,continuous_rain,medium,debris_flow,1371.7,29.3,548.0,0,57.4,1,observed_historical_event
NER-2018-001300,2018-05-24 00:00:00,2018,5,0.866,-0.5,0,1,0,25.09206,91.85991,Meghalaya,continuous_rain,medium,slope_failure,1129.4,37.3,347.1,0,57.46,1,observed_historical_event
NER-2021-001301,2021-01-01 00:00:00,2021,1,0.0,1.0,0,0,0,25.21312,92.47712,Assam,none,none,non_event,757.3,17.3,42.2,2,43.43,0,constructed_pseudo_absence
NER-2020-001302,2020-07-08 00:00:00,2020,7,0.0,-1.0,1,0,0,24.23658,90.97787,Assam,monsoon,medium,slope_failure,419.3,16.0,444.1,1,6.92,1,observed_historical_event
NER-2020-001303,2020-08-21 00:00:00,2020,8,-0.5,-0.866,1,0,0,24.2577,91.72686,Tripura,monsoon,medium,mudslide,199.0,22.8,366.4,3,8.07,1,observed_historical_event
NER-2010-001304,2010-08-07 00:00:00,2010,8,-0.5,-0.866,1,0,0,22.93829,92.52668,Mizoram,continuous_rain,medium,mudslide,1355.6,26.0,587.3,1,5.49,1,observed_historical_event
NER-2022-001305,2022-04-13 00:00:00,2022,4,1.0,0.0,0,1,0,25.03422,92.90178,Assam,downpour,large,slope_failure,355.7,12.5,169.5,3,3.25,1,observed_historical_event
NER-2018-001306,2018-05-19 00:00:00,2018,5,0.866,-0.5,0,1,0,27.4583,88.31786,Sikkim,monsoon,small,debris_flow,2629.1,28.0,326.6,4,7.74,1,observed_historical_event
NER-2021-001307,2021-04-06 00:00:00,2021,4,1.0,0.0,0,1,0,25.02252,92.8377,Assam,none,none,non_event,309.1,5.4,208.4,2,4.03,0,constructed_pseudo_absence
NER-2022-001308,2022-06-15 00:00:00,2022,6,0.5,-0.866,1,0,0,26.93234,94.58183,Nagaland,downpour,medium,rockfall,1427.5,37.8,378.7,2,11.69,1,observed_historical_event
NER-2020-001309,2020-07-12 00:00:00,2020,7,0.0,-1.0,1,0,0,24.10803,93.47905,Manipur,monsoon,medium,landslide,954.3,20.5,500.6,3,7.61,1,observed_historical_event
NER-2013-001310,2013-08-28 00:00:00,2013,8,-0.5,-0.866,1,0,0,25.30904,95.04063,Nagaland,continuous_rain,medium,debris_flow,1585.5,25.4,432.3,0,108.9,1,observed_historical_event
NER-2018-001311,2018-08-11 00:00:00,2018,8,-0.5,-0.866,1,0,0,25.76545,93.73745,Nagaland,downpour,small,rockfall,1614.5,41.3,632.0,2,13.06,1,observed_historical_event
NER-2018-001312,2018-07-06 00:00:00,2018,7,0.0,-1.0,1,0,0,29.10389,95.61727,Arunachal Pradesh,continuous_rain,medium,debris_flow,2062.6,42.3,544.1,1,25.06,1,observed_historical_event
NER-2016-001313,2016-06-18 00:00:00,2016,6,0.5,-0.866,1,0,0,27.39642,88.19049,Sikkim,monsoon,medium,slope_failure,2217.6,37.6,629.8,3,9.61,1,observed_historical_event
NER-2011-001314,2011-08-03 00:00:00,2011,8,-0.5,-0.866,1,0,0,26.82858,94.48899,Nagaland,downpour,medium,rockfall,1070.4,30.6,423.6,2,6.96,1,observed_historical_event
NER-2017-001315,2017-06-09 00:00:00,2017,6,0.5,-0.866,1,0,0,27.17372,88.88233,Sikkim,none,none,non_event,2558.0,36.7,390.4,0,62.44,0,constructed_pseudo_absence
NER-2021-001316,2021-07-27 00:00:00,2021,7,0.0,-1.0,1,0,0,24.53834,94.26456,Manipur,cloudburst,large,slope_failure,1150.2,36.7,713.9,0,75.59,1,observed_historical_event
NER-2021-001317,2021-03-22 00:00:00,2021,3,0.866,0.5,0,0,0,24.04858,93.46958,Manipur,none,none,non_event,1056.2,24.8,38.1,3,1.29,0,constructed_pseudo_absence
NER-2020-001318,2020-04-04 00:00:00,2020,4,1.0,0.0,0,1,0,25.11818,90.84971,Meghalaya,none,none,non_event,1145.0,35.6,255.9,0,69.38,0,constructed_pseudo_absence
NER-2017-001319,2017-05-09 00:00:00,2017,5,0.866,-0.5,0,1,0,25.07406,93.29316,Assam,monsoon,small,landslide,405.7,23.4,278.5,4,12.23,1,observed_historical_event
NER-2016-001320,2016-03-09 00:00:00,2016,3,0.866,0.5,0,0,0,23.04583,91.58055,Tripura,none,none,non_event,691.5,19.4,79.9,1,37.69,0,constructed_pseudo_absence
NER-2008-001321,2008-04-18 00:00:00,2008,4,1.0,0.0,0,1,0,27.80996,93.96026,Arunachal Pradesh,downpour,medium,landslide,2019.8,33.1,395.9,0,115.72,1,observed_historical_event
NER-2018-001322,2018-09-02 00:00:00,2018,9,-0.866,-0.5,1,0,0,22.66614,93.24953,Mizoram,none,none,non_event,980.6,34.2,299.5,2,2.32,0,constructed_pseudo_absence
NER-2022-001323,2022-07-28 00:00:00,2022,7,0.0,-1.0,1,0,0,27.14073,88.47119,Sikkim,downpour,small,rockfall,2567.6,45.0,702.7,1,32.84,1,observed_historical_event
NER-2009-001324,2009-05-04 00:00:00,2009,5,0.866,-0.5,0,1,0,28.87878,95.0698,Arunachal Pradesh,continuous_rain,large,debris_flow,2324.1,44.9,547.9,2,11.91,1,observed_historical_event
NER-2022-001325,2022-11-02 00:00:00,2022,11,-0.866,0.5,0,0,1,26.04734,93.5724,Assam,none,none,non_event,403.7,13.7,12.8,2,38.58,0,constructed_pseudo_absence
NER-2016-001326,2016-03-08 00:00:00,2016,3,0.866,0.5,0,0,0,23.56051,92.93459,Mizoram,none,none,non_event,1221.6,19.9,60.0,1,2.17,0,constructed_pseudo_absence
NER-2010-001327,2010-08-16 00:00:00,2010,8,-0.5,-0.866,1,0,0,29.19092,91.5119,Arunachal Pradesh,continuous_rain,medium,slope_failure,2278.7,24.6,612.2,0,195.15,1,observed_historical_event
NER-2020-001328,2020-07-20 00:00:00,2020,7,0.0,-1.0,1,0,0,26.9204,94.49524,Nagaland,downpour,medium,slope_failure,1333.7,25.1,446.9,2,5.03,1,observed_historical_event
NER-2021-001329,2021-03-05 00:00:00,2021,3,0.866,0.5,0,0,0,27.62364,92.4106,Arunachal Pradesh,none,none,non_event,2155.7,30.6,73.8,1,6.64,0,constructed_pseudo_absence
NER-2022-001330,2022-06-21 00:00:00,2022,6,0.5,-0.866,1,0,0,25.46308,90.3401,Meghalaya,none,none,non_event,1157.9,22.9,623.6,0,110.04,0,constructed_pseudo_absence
NER-2016-001331,2016-08-26 00:00:00,2016,8,-0.5,-0.866,1,0,0,26.07455,94.31897,Nagaland,continuous_rain,small,mudslide,1726.5,27.8,332.7,1,28.41,1,observed_historical_event
NER-2017-001332,2017-05-18 00:00:00,2017,5,0.866,-0.5,0,1,0,29.34973,93.4458,Arunachal Pradesh,monsoon,small,slope_failure,2232.2,30.4,332.4,1,9.2,1,observed_historical_event
NER-2009-001333,2009-08-08 00:00:00,2009,8,-0.5,-0.866,1,0,0,22.97723,92.33803,Mizoram,continuous_rain,small,landslide,1284.8,38.3,546.4,2,20.68,1,observed_historical_event
NER-2021-001334,2021-10-12 00:00:00,2021,10,-1.0,-0.0,0,0,1,24.8574,93.07368,Manipur,none,none,non_event,1213.2,17.1,106.9,3,24.74,0,constructed_pseudo_absence
NER-2013-001335,2013-05-03 00:00:00,2013,5,0.866,-0.5,0,1,0,25.45602,93.22725,Manipur,none,none,non_event,963.3,21.7,203.9,2,32.79,0,constructed_pseudo_absence
NER-2021-001336,2021-04-02 00:00:00,2021,4,1.0,0.0,0,1,0,24.89683,93.52138,Manipur,road_cutting,medium,mudslide,1111.2,38.4,172.3,3,18.67,1,observed_historical_event
NER-2016-001337,2016-05-22 00:00:00,2016,5,0.866,-0.5,0,1,0,27.62911,92.50119,Assam,downpour,medium,debris_flow,574.2,16.8,334.3,1,1.51,1,observed_historical_event
NER-2016-001338,2016-07-09 00:00:00,2016,7,0.0,-1.0,1,0,0,25.15259,93.07945,Manipur,continuous_rain,small,landslide,1052.5,22.4,436.7,3,11.46,1,observed_historical_event
NER-2019-001339,2019-05-15 00:00:00,2019,5,0.866,-0.5,0,1,0,25.86826,94.99799,Nagaland,downpour,medium,slope_failure,1234.3,41.0,307.0,0,56.63,1,observed_historical_event
NER-2016-001340,2016-07-07 00:00:00,2016,7,0.0,-1.0,1,0,0,22.3754,92.99759,Mizoram,downpour,large,landslide,928.9,26.3,467.1,3,5.81,1,observed_historical_event
NER-2010-001341,2010-05-17 00:00:00,2010,5,0.866,-0.5,0,1,0,28.86253,95.66646,Arunachal Pradesh,downpour,medium,rockfall,2416.7,27.7,317.7,1,8.8,1,observed_historical_event
NER-2022-001342,2022-07-26 00:00:00,2022,7,0.0,-1.0,1,0,0,27.37055,88.3707,Sikkim,continuous_rain,medium,mudslide,2686.6,37.1,426.3,4,7.29,1,observed_historical_event
NER-2017-001343,2017-02-01 00:00:00,2017,2,0.5,0.866,0,0,0,27.00548,94.06699,Arunachal Pradesh,none,none,non_event,2188.9,34.5,45.1,1,43.86,0,constructed_pseudo_absence
NER-2016-001344,2016-06-14 00:00:00,2016,6,0.5,-0.866,1,0,0,27.68114,92.44388,Arunachal Pradesh,downpour,small,mudslide,2082.4,41.7,444.0,1,9.08,1,observed_historical_event
NER-2009-001345,2009-09-19 00:00:00,2009,9,-0.866,-0.5,1,0,0,27.64876,88.29813,Sikkim,continuous_rain,medium,mudslide,2258.9,42.0,275.8,5,13.0,1,observed_historical_event
NER-2019-001346,2019-03-02 00:00:00,2019,3,0.866,0.5,0,0,0,25.86909,92.03988,Meghalaya,none,none,non_event,1324.9,23.0,94.1,2,11.21,0,constructed_pseudo_absence
NER-2021-001347,2021-06-20 00:00:00,2021,6,0.5,-0.866,1,0,0,24.18241,91.60551,Tripura,none,none,non_event,297.6,6.3,384.0,3,11.41,0,constructed_pseudo_absence
NER-2019-001348,2019-08-15 00:00:00,2019,8,-0.5,-0.866,1,0,0,25.88308,91.45151,Meghalaya,continuous_rain,large,debris_flow,1139.3,37.4,591.7,4,7.04,1,observed_historical_event
NER-2019-001349,2019-06-14 00:00:00,2019,6,0.5,-0.866,1,0,0,25.42593,91.87099,Assam,continuous_rain,large,debris_flow,149.0,11.2,522.9,2,42.89,1,observed_historical_event
NER-2017-001350,2017-03-04 00:00:00,2017,3,0.866,0.5,0,0,0,27.47173,88.09126,Sikkim,continuous_rain,small,debris_flow,2506.8,43.2,87.0,4,8.03,1,observed_historical_event
NER-2014-001351,2014-09-17 00:00:00,2014,9,-0.866,-0.5,1,0,0,26.62377,92.0161,Assam,none,none,non_event,805.8,12.8,264.7,1,38.11,0,constructed_pseudo_absence
NER-2018-001352,2018-08-08 00:00:00,2018,8,-0.5,-0.866,1,0,0,25.59166,92.52359,Meghalaya,continuous_rain,medium,rockfall,1501.4,36.4,595.7,1,9.88,1,observed_historical_event
NER-2019-001353,2019-08-18 00:00:00,2019,8,-0.5,-0.866,1,0,0,25.11361,91.77733,Meghalaya,downpour,medium,landslide,1134.5,28.5,554.2,1,49.02,1,observed_historical_event
NER-2016-001354,2016-09-26 00:00:00,2016,9,-0.866,-0.5,1,0,0,24.0318,93.57655,Manipur,downpour,small,debris_flow,872.6,26.1,248.2,3,4.78,1,observed_historical_event
NER-2013-001355,2013-08-11 00:00:00,2013,8,-0.5,-0.866,1,0,0,23.51744,91.66311,Tripura,monsoon,medium,debris_flow,366.7,15.8,357.2,2,27.01,1,observed_historical_event
NER-2017-001356,2017-06-14 00:00:00,2017,6,0.5,-0.866,1,0,0,25.64432,93.75385,Manipur,monsoon,medium,rockfall,1429.4,35.2,523.7,2,21.25,1,observed_historical_event
NER-2017-001357,2017-08-23 00:00:00,2017,8,-0.5,-0.866,1,0,0,26.90231,92.12312,Arunachal Pradesh,monsoon,medium,landslide,1989.0,30.6,365.6,1,5.91,1,observed_historical_event
NER-2019-001358,2019-06-28 00:00:00,2019,6,0.5,-0.866,1,0,0,25.94006,91.80439,Meghalaya,downpour,small,slope_failure,958.3,33.2,583.1,3,19.5,1,observed_historical_event
NER-2017-001359,2017-05-20 00:00:00,2017,5,0.866,-0.5,0,1,0,27.66657,88.2645,Sikkim,monsoon,medium,slope_failure,2201.9,34.0,531.9,5,10.42,1,observed_historical_event
NER-2021-001360,2021-10-16 00:00:00,2021,10,-1.0,-0.0,0,0,1,24.12457,93.54867,Manipur,none,none,non_event,760.8,28.4,176.0,3,5.74,0,constructed_pseudo_absence
NER-2010-001361,2010-02-27 00:00:00,2010,2,0.5,0.866,0,0,0,27.14802,90.01236,Assam,none,none,non_event,331.7,12.8,48.7,1,18.85,0,constructed_pseudo_absence
NER-2019-001362,2019-01-26 00:00:00,2019,1,0.0,1.0,0,0,0,23.29663,91.38888,Tripura,none,none,non_event,80.0,11.2,32.5,1,10.5,0,constructed_pseudo_absence
NER-2010-001363,2010-01-12 00:00:00,2010,1,0.0,1.0,0,0,0,25.70388,94.65887,Nagaland,none,none,non_event,1918.4,27.4,2.0,0,54.19,0,constructed_pseudo_absence
NER-2021-001364,2021-11-28 00:00:00,2021,11,-0.866,0.5,0,0,1,22.94193,92.47008,Mizoram,none,none,non_event,1459.2,26.0,51.3,1,7.47,0,constructed_pseudo_absence
NER-2008-001365,2008-05-21 00:00:00,2008,5,0.866,-0.5,0,1,0,25.49585,91.46813,Meghalaya,continuous_rain,medium,debris_flow,1178.9,35.3,429.9,3,6.19,1,observed_historical_event
NER-2019-001366,2019-06-17 00:00:00,2019,6,0.5,-0.866,1,0,0,25.81759,91.93448,Meghalaya,continuous_rain,small,landslide,1469.2,33.5,607.1,3,2.0,1,observed_historical_event
NER-2009-001367,2009-06-20 00:00:00,2009,6,0.5,-0.866,1,0,0,28.95532,94.99834,Arunachal Pradesh,continuous_rain,medium,landslide,1975.7,34.9,349.8,1,6.51,1,observed_historical_event
NER-2020-001368,2020-08-17 00:00:00,2020,8,-0.5,-0.866,1,0,0,26.20695,94.58872,Nagaland,downpour,medium,slope_failure,1651.9,30.4,516.0,1,2.46,1,observed_historical_event
NER-2019-001369,2019-08-18 00:00:00,2019,8,-0.5,-0.866,1,0,0,23.78114,92.83865,Mizoram,downpour,medium,rockfall,1139.8,31.3,563.0,1,25.92,1,observed_historical_event
NER-2018-001370,2018-07-09 00:00:00,2018,7,0.0,-1.0,1,0,0,27.49914,88.46215,Sikkim,downpour,large,rockfall,2760.6,43.0,721.0,4,20.92,1,observed_historical_event
NER-2016-001371,2016-07-26 00:00:00,2016,7,0.0,-1.0,1,0,0,25.06735,90.75981,Meghalaya,continuous_rain,small,landslide,1234.1,19.8,707.6,0,81.11,1,observed_historical_event
NER-2021-001372,2021-09-21 00:00:00,2021,9,-0.866,-0.5,1,0,0,24.1078,91.47131,Tripura,downpour,medium,debris_flow,163.6,23.3,263.3,3,14.47,1,observed_historical_event
NER-2019-001373,2019-08-13 00:00:00,2019,8,-0.5,-0.866,1,0,0,29.06835,95.07382,Arunachal Pradesh,continuous_rain,medium,landslide,1995.5,28.9,580.0,1,8.84,1,observed_historical_event
NER-2021-001374,2021-08-16 00:00:00,2021,8,-0.5,-0.866,1,0,0,23.4415,91.32578,Tripura,none,none,non_event,414.8,3.0,347.5,1,14.38,0,constructed_pseudo_absence
NER-2019-001375,2019-06-15 00:00:00,2019,6,0.5,-0.866,1,0,0,26.78301,94.40796,Nagaland,downpour,small,debris_flow,1070.1,43.7,345.1,2,13.91,1,observed_historical_event
NER-2018-001376,2018-05-15 00:00:00,2018,5,0.866,-0.5,0,1,0,26.92294,93.64637,Nagaland,downpour,medium,rockfall,1372.6,32.3,384.8,0,61.81,1,observed_historical_event
NER-2016-001377,2016-06-26 00:00:00,2016,6,0.5,-0.866,1,0,0,25.40572,95.02496,Nagaland,continuous_rain,small,landslide,1251.7,37.5,372.9,0,99.6,1,observed_historical_event
NER-2021-001378,2021-05-09 00:00:00,2021,5,0.866,-0.5,0,1,0,24.26531,92.91745,Mizoram,downpour,large,slope_failure,1438.9,16.4,232.0,0,62.26,1,observed_historical_event
NER-2019-001379,2019-05-23 00:00:00,2019,5,0.866,-0.5,0,1,0,25.09447,93.38704,Assam,cloudburst,medium,rockfall,444.4,23.9,369.2,3,9.68,1,observed_historical_event
NER-2017-001380,2017-06-18 00:00:00,2017,6,0.5,-0.866,1,0,0,29.18309,94.90271,Arunachal Pradesh,continuous_rain,small,rockfall,1933.9,35.0,381.0,1,25.98,1,observed_historical_event
NER-2019-001381,2019-08-11 00:00:00,2019,8,-0.5,-0.866,1,0,0,25.03013,93.1468,Manipur,monsoon,medium,mudslide,816.9,27.0,467.1,3,8.44,1,observed_historical_event
NER-2017-001382,2017-06-23 00:00:00,2017,6,0.5,-0.866,1,0,0,26.81417,94.84246,Nagaland,downpour,medium,slope_failure,1162.9,31.7,539.0,2,22.3,1,observed_historical_event
NER-2018-001383,2018-09-18 00:00:00,2018,9,-0.866,-0.5,1,0,0,27.23216,88.59714,Sikkim,monsoon,medium,landslide,2093.5,28.3,626.5,1,35.16,1,observed_historical_event
NER-2018-001384,2018-08-21 00:00:00,2018,8,-0.5,-0.866,1,0,0,25.963,91.7043,Meghalaya,downpour,medium,slope_failure,1034.1,35.8,555.2,3,14.13,1,observed_historical_event
NER-2021-001385,2021-11-25 00:00:00,2021,11,-0.866,0.5,0,0,1,25.21979,93.04632,Manipur,cloudburst,medium,mudslide,1356.3,31.4,90.7,3,19.0,1,observed_historical_event
NER-2017-001386,2017-07-20 00:00:00,2017,7,0.0,-1.0,1,0,0,26.27894,94.62326,Nagaland,monsoon,medium,landslide,1500.5,39.9,474.2,2,11.24,1,observed_historical_event
NER-2022-001387,2022-03-16 00:00:00,2022,3,0.866,0.5,0,0,0,26.13655,94.47996,Nagaland,none,none,non_event,1539.8,29.2,17.3,1,10.67,0,constructed_pseudo_absence
NER-2010-001388,2010-06-13 00:00:00,2010,6,0.5,-0.866,1,0,0,26.22538,94.64177,Nagaland,downpour,large,debris_flow,1579.0,41.8,402.9,2,8.55,1,observed_historical_event
NER-2020-001389,2020-07-26 00:00:00,2020,7,0.0,-1.0,1,0,0,27.56419,88.21313,Sikkim,downpour,medium,mudslide,2297.9,26.5,429.6,5,7.53,1,observed_historical_event
NER-2016-001390,2016-10-10 00:00:00,2016,10,-1.0,-0.0,0,0,1,28.05836,88.3296,Sikkim,none,none,non_event,2400.2,41.9,116.4,3,19.88,0,constructed_pseudo_absence
NER-2020-001391,2020-07-03 00:00:00,2020,7,0.0,-1.0,1,0,0,24.08794,92.57004,Mizoram,downpour,medium,mudslide,877.4,37.2,504.3,0,68.75,1,observed_historical_event
NER-2019-001392,2019-12-21 00:00:00,2019,12,-0.5,0.866,0,0,0,23.31138,92.03734,Tripura,none,none,non_event,384.7,17.5,17.0,1,11.21,0,constructed_pseudo_absence
NER-2017-001393,2017-07-01 00:00:00,2017,7,0.0,-1.0,1,0,0,27.36142,88.38707,Sikkim,downpour,large,landslide,2572.3,37.6,554.5,3,9.54,1,observed_historical_event
NER-2019-001394,2019-08-14 00:00:00,2019,8,-0.5,-0.866,1,0,0,24.92426,93.70158,Manipur,monsoon,small,debris_flow,1265.1,19.2,413.3,2,6.51,1,observed_historical_event
NER-2015-001395,2015-05-24 00:00:00,2015,5,0.866,-0.5,0,1,0,22.42912,92.95556,Mizoram,continuous_rain,medium,slope_failure,1158.0,34.9,238.4,3,7.6,1,observed_historical_event
NER-2011-001396,2011-08-28 00:00:00,2011,8,-0.5,-0.866,1,0,0,22.66413,93.13662,Mizoram,none,none,non_event,968.3,18.0,658.4,2,10.85,0,constructed_pseudo_absence
NER-2019-001397,2019-09-17 00:00:00,2019,9,-0.866,-0.5,1,0,0,24.34291,91.53628,Tripura,none,none,non_event,627.2,14.4,333.4,3,12.66,0,constructed_pseudo_absence
NER-2020-001398,2020-07-22 00:00:00,2020,7,0.0,-1.0,1,0,0,25.65328,93.76332,Nagaland,monsoon,medium,debris_flow,1846.1,36.0,479.1,2,18.9,1,observed_historical_event
NER-2008-001399,2008-07-18 00:00:00,2008,7,0.0,-1.0,1,0,0,22.48634,93.1573,Mizoram,downpour,medium,mudslide,1101.7,37.4,430.3,2,15.02,1,observed_historical_event
NER-2020-001400,2020-06-21 00:00:00,2020,6,0.5,-0.866,1,0,0,27.60154,95.21043,Arunachal Pradesh,downpour,medium,mudslide,2194.5,25.0,749.2,0,107.26,1,observed_historical_event
NER-2017-001401,2017-11-04 00:00:00,2017,11,-0.866,0.5,0,0,1,23.5595,92.93809,Mizoram,none,none,non_event,1320.9,19.5,37.4,1,3.64,0,constructed_pseudo_absence
NER-2022-001402,2022-08-04 00:00:00,2022,8,-0.5,-0.866,1,0,0,22.58283,93.1493,Mizoram,continuous_rain,large,rockfall,1114.1,34.2,437.3,2,10.57,1,observed_historical_event
NER-2020-001403,2020-05-23 00:00:00,2020,5,0.866,-0.5,0,1,0,22.80626,92.61067,Mizoram,downpour,small,landslide,852.8,26.0,328.7,2,14.64,1,observed_historical_event
NER-2018-001404,2018-06-22 00:00:00,2018,6,0.5,-0.866,1,0,0,24.01402,93.37263,Manipur,downpour,small,mudslide,1311.8,36.7,405.7,3,9.92,1,observed_historical_event
NER-2018-001405,2018-11-24 00:00:00,2018,11,-0.866,0.5,0,0,1,24.16067,92.40014,Mizoram,none,none,non_event,951.2,29.2,8.9,0,76.39,0,constructed_pseudo_absence
NER-2016-001406,2016-07-02 00:00:00,2016,7,0.0,-1.0,1,0,0,24.35759,91.59068,Tripura,continuous_rain,large,debris_flow,661.0,27.7,332.3,3,10.17,1,observed_historical_event
NER-2010-001407,2010-10-23 00:00:00,2010,10,-1.0,-0.0,0,0,1,27.87807,95.49252,Arunachal Pradesh,cloudburst,medium,landslide,2299.0,38.4,197.5,0,111.81,1,observed_historical_event
NER-2009-001408,2009-08-21 00:00:00,2009,8,-0.5,-0.866,1,0,0,22.54047,93.34439,Mizoram,downpour,small,rockfall,1457.7,30.8,564.6,2,16.15,1,observed_historical_event
NER-2017-001409,2017-07-03 00:00:00,2017,7,0.0,-1.0,1,0,0,23.9129,91.61273,Tripura,downpour,large,debris_flow,611.4,15.6,660.1,3,2.11,1,observed_historical_event
NER-2020-001410,2020-07-04 00:00:00,2020,7,0.0,-1.0,1,0,0,26.91089,91.59322,Arunachal Pradesh,monsoon,medium,landslide,2242.7,38.2,869.9,0,55.28,1,observed_historical_event
NER-2022-001411,2022-06-22 00:00:00,2022,6,0.5,-0.866,1,0,0,28.75655,95.81381,Arunachal Pradesh,monsoon,medium,rockfall,1927.2,28.9,390.2,1,26.2,1,observed_historical_event
NER-2019-001412,2019-04-01 00:00:00,2019,4,1.0,0.0,0,1,0,23.28352,91.43901,Tripura,none,none,non_event,191.3,8.8,139.0,1,10.2,0,constructed_pseudo_absence
NER-2018-001413,2018-02-26 00:00:00,2018,2,0.5,0.866,0,0,0,27.05617,88.7097,Sikkim,none,none,non_event,2453.2,34.5,2.0,0,55.62,0,constructed_pseudo_absence
NER-2010-001414,2010-07-17 00:00:00,2010,7,0.0,-1.0,1,0,0,22.52137,93.06296,Mizoram,continuous_rain,medium,landslide,1191.4,34.9,659.0,3,13.15,1,observed_historical_event
NER-2019-001415,2019-07-04 00:00:00,2019,7,0.0,-1.0,1,0,0,27.67575,92.38259,Arunachal Pradesh,downpour,medium,mudslide,1991.8,31.8,680.6,1,11.58,1,observed_historical_event
NER-2021-001416,2021-07-12 00:00:00,2021,7,0.0,-1.0,1,0,0,24.77787,94.55697,Assam,none,none,non_event,560.8,3.2,365.1,0,90.17,0,constructed_pseudo_absence
NER-2022-001417,2022-01-18 00:00:00,2022,1,0.0,1.0,0,0,0,26.40162,93.46331,Nagaland,none,none,non_event,1306.0,35.4,14.1,1,41.1,0,constructed_pseudo_absence
NER-2019-001418,2019-07-02 00:00:00,2019,7,0.0,-1.0,1,0,0,24.07802,93.51725,Manipur,downpour,medium,landslide,879.2,16.6,729.3,3,2.75,1,observed_historical_event
NER-2017-001419,2017-06-17 00:00:00,2017,6,0.5,-0.866,1,0,0,22.96666,92.43801,Mizoram,continuous_rain,medium,debris_flow,1505.7,26.0,410.8,2,11.21,1,observed_historical_event
NER-2019-001420,2019-06-03 00:00:00,2019,6,0.5,-0.866,1,0,0,25.00131,93.24922,Assam,none,none,non_event,207.7,3.0,399.0,4,12.65,0,constructed_pseudo_absence
NER-2019-001421,2019-08-13 00:00:00,2019,8,-0.5,-0.866,1,0,0,25.81842,91.07818,Assam,continuous_rain,medium,landslide,595.0,9.5,330.5,1,45.03,1,observed_historical_event
NER-2021-001422,2021-10-25 00:00:00,2021,10,-1.0,-0.0,0,0,1,28.53493,97.17235,Arunachal Pradesh,downpour,large,landslide,1786.0,45.1,255.8,0,160.37,1,observed_historical_event
NER-2021-001423,2021-03-06 00:00:00,2021,3,0.866,0.5,0,0,0,24.34853,93.61534,Manipur,none,none,non_event,1217.2,24.1,86.8,3,9.3,0,constructed_pseudo_absence
NER-2020-001424,2020-06-17 00:00:00,2020,6,0.5,-0.866,1,0,0,26.86855,93.71126,Nagaland,continuous_rain,medium,rockfall,1265.5,33.0,369.0,0,65.25,1,observed_historical_event
NER-2020-001425,2020-11-24 00:00:00,2020,11,-0.866,0.5,0,0,1,27.13991,94.15377,Assam,none,none,non_event,526.7,14.4,27.3,1,43.37,0,constructed_pseudo_absence
NER-2018-001426,2018-02-24 00:00:00,2018,2,0.5,0.866,0,0,0,24.6661,90.29338,Assam,none,none,non_event,403.6,19.9,28.4,0,82.91,0,constructed_pseudo_absence
NER-2020-001427,2020-08-13 00:00:00,2020,8,-0.5,-0.866,1,0,0,27.40713,92.72689,Assam,continuous_rain,large,slope_failure,346.0,16.5,516.4,1,32.92,1,observed_historical_event
NER-2010-001428,2010-03-04 00:00:00,2010,3,0.866,0.5,0,0,0,29.07399,94.92875,Arunachal Pradesh,none,none,non_event,1752.2,41.2,79.6,1,13.71,0,constructed_pseudo_absence
NER-2021-001429,2021-09-28 00:00:00,2021,9,-0.866,-0.5,1,0,0,26.85561,92.26021,Assam,downpour,medium,mudslide,80.0,32.5,271.6,1,16.05,1,observed_historical_event
NER-2018-001430,2018-07-07 00:00:00,2018,7,0.0,-1.0,1,0,0,27.16045,89.8381,Assam,downpour,medium,mudslide,495.6,18.7,585.7,1,4.61,1,observed_historical_event
NER-2021-001431,2021-09-16 00:00:00,2021,9,-0.866,-0.5,1,0,0,24.93328,93.51082,Assam,monsoon,small,rockfall,223.5,19.2,262.4,3,15.72,1,observed_historical_event
NER-2016-001432,2016-08-02 00:00:00,2016,8,-0.5,-0.866,1,0,0,22.42246,92.62807,Mizoram,downpour,medium,mudslide,875.5,21.1,533.0,2,6.27,1,observed_historical_event
NER-2022-001433,2022-05-24 00:00:00,2022,5,0.866,-0.5,0,1,0,24.34125,91.06879,Assam,downpour,medium,landslide,839.5,7.9,268.3,2,7.82,1,observed_historical_event
NER-2022-001434,2022-06-06 00:00:00,2022,6,0.5,-0.866,1,0,0,24.00196,94.26579,Manipur,continuous_rain,medium,landslide,1414.6,22.6,523.1,0,73.1,1,observed_historical_event
NER-2016-001435,2016-06-07 00:00:00,2016,6,0.5,-0.866,1,0,0,24.9459,93.01562,Manipur,downpour,medium,debris_flow,1092.1,20.6,378.9,3,16.04,1,observed_historical_event
NER-2018-001436,2018-10-02 00:00:00,2018,10,-1.0,-0.0,0,0,1,24.09881,91.82642,Tripura,none,none,non_event,80.0,21.0,128.1,3,26.69,0,constructed_pseudo_absence
NER-2016-001437,2016-09-07 00:00:00,2016,9,-0.866,-0.5,1,0,0,26.04684,95.07518,Nagaland,downpour,large,debris_flow,1545.7,32.6,254.8,0,53.1,1,observed_historical_event
NER-2020-001438,2020-07-26 00:00:00,2020,7,0.0,-1.0,1,0,0,24.23611,94.45688,Manipur,downpour,medium,debris_flow,933.3,33.0,356.9,0,91.6,1,observed_historical_event
NER-2020-001439,2020-09-09 00:00:00,2020,9,-0.866,-0.5,1,0,0,28.91133,95.6335,Arunachal Pradesh,none,none,non_event,2390.3,21.3,271.3,1,6.29,0,constructed_pseudo_absence
NER-2018-001440,2018-06-09 00:00:00,2018,6,0.5,-0.866,1,0,0,25.78972,93.92228,Nagaland,downpour,medium,debris_flow,1430.2,33.6,442.5,2,6.0,1,observed_historical_event
NER-2020-001441,2020-02-27 00:00:00,2020,2,0.5,0.866,0,0,0,24.93526,92.75365,Assam,none,none,non_event,318.0,22.3,23.7,2,15.87,0,constructed_pseudo_absence
NER-2017-001442,2017-05-13 00:00:00,2017,5,0.866,-0.5,0,1,0,27.50442,88.61437,Sikkim,downpour,small,landslide,2512.1,29.7,417.3,4,30.37,1,observed_historical_event
NER-2016-001443,2016-09-26 00:00:00,2016,9,-0.866,-0.5,1,0,0,25.52212,91.52903,Meghalaya,continuous_rain,small,debris_flow,1381.9,33.4,464.5,3,11.7,1,observed_historical_event
NER-2012-001444,2012-05-12 00:00:00,2012,5,0.866,-0.5,0,1,0,25.74877,91.63377,Meghalaya,downpour,medium,rockfall,1588.7,37.4,430.7,4,10.22,1,observed_historical_event
NER-2019-001445,2019-05-11 00:00:00,2019,5,0.866,-0.5,0,1,0,21.95644,93.23436,Mizoram,none,none,non_event,1031.9,34.4,322.4,0,55.0,0,constructed_pseudo_absence
NER-2015-001446,2015-09-28 00:00:00,2015,9,-0.866,-0.5,1,0,0,24.8253,93.76054,Manipur,continuous_rain,small,rockfall,1593.2,17.5,299.4,2,19.66,1,observed_historical_event
NER-2022-001447,2022-07-19 00:00:00,2022,7,0.0,-1.0,1,0,0,25.39684,92.56375,Meghalaya,continuous_rain,medium,rockfall,1245.9,28.6,692.3,1,21.88,1,observed_historical_event
NER-2019-001448,2019-08-15 00:00:00,2019,8,-0.5,-0.866,1,0,0,25.42476,93.04005,Manipur,downpour,small,mudslide,1020.5,27.5,390.8,4,38.63,1,observed_historical_event
NER-2021-001449,2021-10-15 00:00:00,2021,10,-1.0,-0.0,0,0,1,23.99689,93.554,Manipur,none,none,non_event,1029.4,21.3,158.1,3,8.22,0,constructed_pseudo_absence
NER-2021-001450,2021-05-19 00:00:00,2021,5,0.866,-0.5,0,1,0,26.76405,90.98778,Assam,none,none,non_event,194.2,11.8,317.2,0,112.13,0,constructed_pseudo_absence
NER-2016-001451,2016-07-26 00:00:00,2016,7,0.0,-1.0,1,0,0,24.99537,93.62789,Manipur,continuous_rain,small,slope_failure,852.9,21.8,577.1,3,5.22,1,observed_historical_event
NER-2016-001452,2016-06-02 00:00:00,2016,6,0.5,-0.866,1,0,0,22.75914,93.37641,Mizoram,monsoon,large,debris_flow,1039.2,19.9,434.6,1,19.95,1,observed_historical_event
NER-2018-001453,2018-07-25 00:00:00,2018,7,0.0,-1.0,1,0,0,25.9454,92.40452,Meghalaya,monsoon,large,mudslide,1270.9,29.2,701.8,2,45.14,1,observed_historical_event
NER-2011-001454,2011-01-10 00:00:00,2011,1,0.0,1.0,0,0,0,26.06449,92.0239,Assam,none,none,non_event,784.2,17.0,7.6,2,27.62,0,constructed_pseudo_absence
NER-2016-001455,2016-10-24 00:00:00,2016,10,-1.0,-0.0,0,0,1,23.53363,92.97044,Mizoram,none,none,non_event,1260.5,20.1,119.9,1,7.13,0,constructed_pseudo_absence
NER-2017-001456,2017-05-12 00:00:00,2017,5,0.866,-0.5,0,1,0,25.12303,93.46153,Assam,none,none,non_event,391.6,5.5,459.7,3,13.32,0,constructed_pseudo_absence
NER-2019-001457,2019-04-14 00:00:00,2019,4,1.0,0.0,0,1,0,23.521,92.23184,Tripura,none,none,non_event,178.8,11.3,96.6,1,27.51,0,constructed_pseudo_absence
NER-2019-001458,2019-11-28 00:00:00,2019,11,-0.866,0.5,0,0,1,23.871,91.48949,Tripura,none,none,non_event,682.4,13.4,54.2,3,11.35,0,constructed_pseudo_absence
NER-2008-001459,2008-11-26 00:00:00,2008,11,-0.866,0.5,0,0,1,23.97189,93.56659,Manipur,none,none,non_event,1127.3,22.8,48.7,3,11.25,0,constructed_pseudo_absence
NER-2018-001460,2018-03-11 00:00:00,2018,3,0.866,0.5,0,0,0,24.12645,91.88209,Tripura,none,none,non_event,80.0,26.0,83.0,3,28.52,0,constructed_pseudo_absence
NER-2018-001461,2018-06-24 00:00:00,2018,6,0.5,-0.866,1,0,0,27.37964,88.16708,Sikkim,downpour,small,mudslide,2203.5,40.4,758.1,3,12.38,1,observed_historical_event
NER-2016-001462,2016-07-22 00:00:00,2016,7,0.0,-1.0,1,0,0,26.75106,93.36996,Nagaland,downpour,very_large,debris_flow,1391.2,38.6,498.2,1,28.85,1,observed_historical_event
NER-2016-001463,2016-03-04 00:00:00,2016,3,0.866,0.5,0,0,0,25.77291,93.70857,Nagaland,none,none,non_event,1687.7,37.8,58.3,2,14.71,0,constructed_pseudo_absence
NER-2022-001464,2022-08-17 00:00:00,2022,8,-0.5,-0.866,1,0,0,24.99192,92.97004,Assam,none,none,non_event,276.8,9.3,391.5,3,9.78,0,constructed_pseudo_absence
NER-2021-001465,2021-04-13 00:00:00,2021,4,1.0,0.0,0,1,0,27.49602,88.16178,Sikkim,none,none,non_event,2440.1,41.4,259.9,4,0.6,0,constructed_pseudo_absence
NER-2018-001466,2018-09-11 00:00:00,2018,9,-0.866,-0.5,1,0,0,26.90309,92.05003,Arunachal Pradesh,continuous_rain,medium,debris_flow,2070.6,30.2,295.7,1,12.09,1,observed_historical_event
NER-2011-001467,2011-07-27 00:00:00,2011,7,0.0,-1.0,1,0,0,24.27046,91.56513,Tripura,downpour,small,mudslide,589.8,12.1,562.3,3,6.7,1,observed_historical_event
NER-2022-001468,2022-06-03 00:00:00,2022,6,0.5,-0.866,1,0,0,24.12418,91.75306,Tripura,continuous_rain,small,mudslide,80.0,10.3,313.8,3,19.55,1,observed_historical_event
NER-2019-001469,2019-08-18 00:00:00,2019,8,-0.5,-0.866,1,0,0,22.80808,93.34104,Mizoram,downpour,large,slope_failure,1159.1,19.6,433.4,1,21.57,1,observed_historical_event
NER-2014-001470,2014-06-26 00:00:00,2014,6,0.5,-0.866,1,0,0,24.95633,92.93413,Assam,none,none,non_event,419.2,4.9,335.4,3,7.44,0,constructed_pseudo_absence
NER-2021-001471,2021-08-24 00:00:00,2021,8,-0.5,-0.866,1,0,0,24.32662,91.00571,Assam,none,none,non_event,657.7,21.7,371.3,1,2.59,0,constructed_pseudo_absence
NER-2021-001472,2021-09-25 00:00:00,2021,9,-0.866,-0.5,1,0,0,24.08508,93.08261,Mizoram,downpour,medium,landslide,776.6,23.9,331.5,2,39.14,1,observed_historical_event
NER-2021-001473,2021-06-07 00:00:00,2021,6,0.5,-0.866,1,0,0,27.81385,91.72058,Assam,continuous_rain,large,slope_failure,278.7,17.0,420.5,0,77.61,1,observed_historical_event
NER-2019-001474,2019-08-23 00:00:00,2019,8,-0.5,-0.866,1,0,0,23.47904,93.05753,Mizoram,continuous_rain,large,debris_flow,1244.6,26.6,849.4,1,17.16,1,observed_historical_event
NER-2009-001475,2009-01-04 00:00:00,2009,1,0.0,1.0,0,0,0,27.01803,95.88787,Assam,none,none,non_event,477.2,21.7,48.3,0,123.72,0,constructed_pseudo_absence
NER-2018-001476,2018-04-24 00:00:00,2018,4,1.0,0.0,0,1,0,29.08231,95.15701,Arunachal Pradesh,none,none,non_event,2094.1,29.5,165.4,2,15.64,0,constructed_pseudo_absence
NER-2020-001477,2020-08-05 00:00:00,2020,8,-0.5,-0.866,1,0,0,26.12757,94.49495,Nagaland,monsoon,medium,debris_flow,1518.3,24.1,569.5,1,9.14,1,observed_historical_event
NER-2019-001478,2019-02-07 00:00:00,2019,2,0.5,0.866,0,0,0,28.986,95.61266,Arunachal Pradesh,none,none,non_event,2067.1,33.2,10.8,1,12.19,0,constructed_pseudo_absence
NER-2010-001479,2010-07-03 00:00:00,2010,7,0.0,-1.0,1,0,0,24.34565,91.42951,Tripura,cloudburst,large,rockfall,385.8,18.5,692.6,3,16.63,1,observed_historical_event
NER-2022-001480,2022-04-01 00:00:00,2022,4,1.0,0.0,0,1,0,29.38016,93.38189,Arunachal Pradesh,continuous_rain,small,landslide,2301.4,35.7,249.6,1,16.08,1,observed_historical_event
NER-2012-001481,2012-05-04 00:00:00,2012,5,0.866,-0.5,0,1,0,25.79261,94.8979,Nagaland,none,none,non_event,1295.7,25.3,271.4,0,55.5,0,constructed_pseudo_absence
NER-2020-001482,2020-07-08 00:00:00,2020,7,0.0,-1.0,1,0,0,22.39652,93.00704,Mizoram,none,none,non_event,928.2,19.0,368.3,3,3.75,0,constructed_pseudo_absence
NER-2016-001483,2016-10-16 00:00:00,2016,10,-1.0,-0.0,0,0,1,25.3048,92.05971,Meghalaya,none,none,non_event,1641.4,35.6,226.7,0,58.58,0,constructed_pseudo_absence
NER-2013-001484,2013-08-18 00:00:00,2013,8,-0.5,-0.866,1,0,0,24.97292,93.714,Manipur,downpour,small,mudslide,1087.9,26.4,371.6,2,2.89,1,observed_historical_event
NER-2014-001485,2014-07-21 00:00:00,2014,7,0.0,-1.0,1,0,0,27.16722,89.88896,Assam,none,none,non_event,304.7,17.4,327.3,1,6.29,0,constructed_pseudo_absence
NER-2018-001486,2018-06-22 00:00:00,2018,6,0.5,-0.866,1,0,0,26.11162,94.65115,Nagaland,cloudburst,medium,landslide,1755.9,25.7,583.2,1,12.85,1,observed_historical_event
NER-2017-001487,2017-02-17 00:00:00,2017,2,0.5,0.866,0,0,0,26.88475,92.13653,Arunachal Pradesh,none,none,non_event,1972.8,31.3,41.2,1,7.67,0,constructed_pseudo_absence
NER-2017-001488,2017-07-09 00:00:00,2017,7,0.0,-1.0,1,0,0,23.39378,93.19714,Mizoram,monsoon,medium,debris_flow,1130.7,30.2,397.8,1,34.38,1,observed_historical_event
NER-2015-001489,2015-05-23 00:00:00,2015,5,0.866,-0.5,0,1,0,29.38848,93.58186,Arunachal Pradesh,none,none,non_event,1933.7,38.5,293.8,1,12.4,0,constructed_pseudo_absence
NER-2021-001490,2021-04-20 00:00:00,2021,4,1.0,0.0,0,1,0,25.75516,91.80826,Assam,none,none,non_event,392.2,10.3,239.2,3,15.95,0,constructed_pseudo_absence
NER-2020-001491,2020-06-24 00:00:00,2020,6,0.5,-0.866,1,0,0,26.83339,94.46616,Nagaland,downpour,medium,slope_failure,1049.4,25.7,371.4,2,6.63,1,observed_historical_event
NER-2018-001492,2018-04-17 00:00:00,2018,4,1.0,0.0,0,1,0,29.00271,94.98749,Arunachal Pradesh,monsoon,medium,landslide,1848.5,36.5,192.7,1,5.73,1,observed_historical_event
NER-2022-001493,2022-05-10 00:00:00,2022,5,0.866,-0.5,0,1,0,27.12559,88.77618,Sikkim,none,none,non_event,2581.9,34.9,271.7,0,55.35,0,constructed_pseudo_absence
NER-2013-001494,2013-05-14 00:00:00,2013,5,0.866,-0.5,0,1,0,25.4457,93.39035,Assam,road_cutting,medium,mudslide,375.5,16.1,422.1,3,25.88,1,observed_historical_event
NER-2021-001495,2021-05-23 00:00:00,2021,5,0.866,-0.5,0,1,0,27.36386,88.53738,Sikkim,continuous_rain,medium,slope_failure,2390.9,40.9,438.6,3,23.92,1,observed_historical_event
NER-2016-001496,2016-09-12 00:00:00,2016,9,-0.866,-0.5,1,0,0,27.80879,88.77232,Sikkim,monsoon,medium,landslide,2360.9,31.0,396.4,1,18.22,1,observed_historical_event
NER-2017-001497,2017-10-12 00:00:00,2017,10,-1.0,-0.0,0,0,1,28.97407,95.17338,Arunachal Pradesh,none,none,non_event,2250.6,27.8,222.9,2,12.64,0,constructed_pseudo_absence
NER-2018-001498,2018-06-05 00:00:00,2018,6,0.5,-0.866,1,0,0,26.78317,91.58329,Assam,continuous_rain,small,mudslide,406.9,13.6,321.7,0,60.17,1,observed_historical_event
NER-2019-001499,2019-05-15 00:00:00,2019,5,0.866,-0.5,0,1,0,22.43063,92.9253,Mizoram,downpour,large,mudslide,1250.9,31.0,300.0,3,11.49,1,observed_historical_event
NER-2019-001500,2019-09-06 00:00:00,2019,9,-0.866,-0.5,1,0,0,26.9311,94.92943,Assam,downpour,small,mudslide,244.2,23.4,450.3,2,38.1,1,observed_historical_event
NER-2016-001501,2016-08-04 00:00:00,2016,8,-0.5,-0.866,1,0,0,23.86231,91.52575,Tripura,continuous_rain,medium,rockfall,691.3,7.5,364.8,3,10.03,1,observed_historical_event
NER-2015-001502,2015-11-11 00:00:00,2015,11,-0.866,0.5,0,0,1,22.89906,92.57213,Mizoram,none,none,non_event,1182.5,21.3,23.8,1,6.82,0,constructed_pseudo_absence
NER-2022-001503,2022-04-12 00:00:00,2022,4,1.0,0.0,0,1,0,22.80875,92.22118,Mizoram,none,none,non_event,736.0,22.0,257.7,1,31.04,0,constructed_pseudo_absence
NER-2009-001504,2009-08-13 00:00:00,2009,8,-0.5,-0.866,1,0,0,22.40132,92.6177,Mizoram,road_cutting,medium,landslide,810.2,24.6,430.8,2,6.74,1,observed_historical_event
NER-2019-001505,2019-09-15 00:00:00,2019,9,-0.866,-0.5,1,0,0,23.05363,91.97544,Tripura,none,none,non_event,542.1,13.6,394.5,1,32.82,0,constructed_pseudo_absence
NER-2020-001506,2020-06-02 00:00:00,2020,6,0.5,-0.866,1,0,0,22.57544,93.23694,Mizoram,downpour,medium,slope_failure,1294.4,18.7,379.8,2,7.04,1,observed_historical_event
NER-2019-001507,2019-08-13 00:00:00,2019,8,-0.5,-0.866,1,0,0,27.69332,88.54797,Sikkim,continuous_rain,small,debris_flow,2071.6,38.3,739.1,5,9.87,1,observed_historical_event
NER-2021-001508,2021-05-07 00:00:00,2021,5,0.866,-0.5,0,1,0,26.07625,93.75629,Nagaland,downpour,medium,mudslide,1795.3,34.9,378.7,1,30.89,1,observed_historical_event
NER-2018-001509,2018-09-25 00:00:00,2018,9,-0.866,-0.5,1,0,0,25.87272,91.96663,Meghalaya,continuous_rain,large,mudslide,1241.7,20.5,458.4,3,5.88,1,observed_historical_event
NER-2022-001510,2022-09-23 00:00:00,2022,9,-0.866,-0.5,1,0,0,26.92871,94.61689,Nagaland,downpour,medium,debris_flow,1604.7,38.3,361.9,2,13.2,1,observed_historical_event
NER-2020-001511,2020-04-28 00:00:00,2020,4,1.0,0.0,0,1,0,25.6768,93.58352,Nagaland,none,none,non_event,1529.6,17.9,243.3,2,12.99,0,constructed_pseudo_absence
NER-2020-001512,2020-03-26 00:00:00,2020,3,0.866,0.5,0,0,0,26.32873,94.52565,Nagaland,none,none,non_event,1148.5,41.8,68.6,2,15.52,0,constructed_pseudo_absence
NER-2020-001513,2020-07-05 00:00:00,2020,7,0.0,-1.0,1,0,0,24.19602,92.13818,Tripura,cloudburst,medium,mudslide,80.0,26.1,459.4,1,49.04,1,observed_historical_event
NER-2016-001514,2016-04-04 00:00:00,2016,4,1.0,0.0,0,1,0,23.68758,92.99888,Mizoram,downpour,medium,landslide,927.7,31.5,135.1,1,17.34,1,observed_historical_event
NER-2017-001515,2017-06-24 00:00:00,2017,6,0.5,-0.866,1,0,0,26.62337,93.02665,Assam,cloudburst,small,slope_failure,665.2,3.0,636.5,1,9.25,1,observed_historical_event
NER-2016-001516,2016-10-04 00:00:00,2016,10,-1.0,-0.0,0,0,1,25.41248,92.5791,Meghalaya,none,none,non_event,1163.1,30.0,210.8,1,19.4,0,constructed_pseudo_absence
NER-2015-001517,2015-06-18 00:00:00,2015,6,0.5,-0.866,1,0,0,27.81416,88.29812,Sikkim,cloudburst,medium,landslide,2317.2,33.2,480.2,5,13.65,1,observed_historical_event
NER-2021-001518,2021-06-17 00:00:00,2021,6,0.5,-0.866,1,0,0,25.81462,93.91159,Nagaland,continuous_rain,medium,slope_failure,1436.1,29.7,539.5,2,5.27,1,observed_historical_event
NER-2021-001519,2021-10-25 00:00:00,2021,10,-1.0,-0.0,0,0,1,26.74963,94.60298,Nagaland,none,none,non_event,1382.6,21.6,223.2,2,16.4,0,constructed_pseudo_absence
NER-2021-001520,2021-12-23 00:00:00,2021,12,-0.5,0.866,0,0,0,27.90682,91.81317,Arunachal Pradesh,none,none,non_event,2062.1,30.9,6.1,0,74.56,0,constructed_pseudo_absence
NER-2016-001521,2016-07-06 00:00:00,2016,7,0.0,-1.0,1,0,0,26.67487,94.70522,Nagaland,monsoon,small,landslide,1715.3,32.1,643.1,2,2.58,1,observed_historical_event
NER-2020-001522,2020-06-26 00:00:00,2020,6,0.5,-0.866,1,0,0,27.79048,88.28584,Sikkim,downpour,large,landslide,2231.4,33.0,933.8,5,15.91,1,observed_historical_event
NER-2015-001523,2015-06-09 00:00:00,2015,6,0.5,-0.866,1,0,0,22.6576,93.11261,Mizoram,downpour,medium,mudslide,1017.4,28.2,558.7,2,13.4,1,observed_historical_event
NER-2021-001524,2021-07-16 00:00:00,2021,7,0.0,-1.0,1,0,0,21.93103,92.46466,Mizoram,continuous_rain,small,debris_flow,1148.9,15.6,480.7,0,56.56,1,observed_historical_event
NER-2012-001525,2012-03-09 00:00:00,2012,3,0.866,0.5,0,0,0,24.01784,91.10578,Tripura,none,none,non_event,479.8,9.9,68.0,2,32.68,0,constructed_pseudo_absence
NER-2020-001526,2020-05-25 00:00:00,2020,5,0.866,-0.5,0,1,0,25.84036,91.01114,Meghalaya,cloudburst,medium,slope_failure,1218.5,22.6,559.1,0,50.35,1,observed_historical_event
NER-2021-001527,2021-08-25 00:00:00,2021,8,-0.5,-0.866,1,0,0,25.5921,92.68667,Meghalaya,monsoon,small,debris_flow,1225.3,17.1,727.0,1,7.27,1,observed_historical_event
NER-2020-001528,2020-09-19 00:00:00,2020,9,-0.866,-0.5,1,0,0,24.06307,93.48944,Manipur,continuous_rain,medium,slope_failure,1002.7,21.1,321.5,3,3.08,1,observed_historical_event
NER-2019-001529,2019-09-04 00:00:00,2019,9,-0.866,-0.5,1,0,0,24.17205,93.51448,Manipur,downpour,medium,rockfall,829.6,38.0,294.8,3,11.26,1,observed_historical_event
NER-2017-001530,2017-06-11 00:00:00,2017,6,0.5,-0.866,1,0,0,26.88867,94.38277,Nagaland,monsoon,medium,slope_failure,1248.7,34.0,412.3,2,10.29,1,observed_historical_event
NER-2014-001531,2014-03-17 00:00:00,2014,3,0.866,0.5,0,0,0,26.96847,92.06209,Arunachal Pradesh,none,none,non_event,2271.0,29.0,143.3,1,8.81,0,constructed_pseudo_absence
NER-2022-001532,2022-06-13 00:00:00,2022,6,0.5,-0.866,1,0,0,25.70714,91.54434,Meghalaya,downpour,medium,mudslide,1784.4,17.2,488.7,4,17.67,1,observed_historical_event
NER-2021-001533,2021-08-14 00:00:00,2021,8,-0.5,-0.866,1,0,0,26.17997,94.6104,Nagaland,downpour,small,landslide,1746.7,41.6,337.8,1,4.99,1,observed_historical_event
NER-2019-001534,2019-07-09 00:00:00,2019,7,0.0,-1.0,1,0,0,27.76405,88.05196,Sikkim,downpour,medium,mudslide,2238.9,25.4,403.5,4,13.36,1,observed_historical_event
NER-2022-001535,2022-02-26 00:00:00,2022,2,0.5,0.866,0,0,0,25.43669,91.61231,Meghalaya,none,none,non_event,1239.0,34.8,60.6,3,15.97,0,constructed_pseudo_absence
NER-2018-001536,2018-06-10 00:00:00,2018,6,0.5,-0.866,1,0,0,27.60588,88.05549,Sikkim,downpour,medium,rockfall,2439.1,46.0,624.4,4,14.29,1,observed_historical_event
NER-2016-001537,2016-08-02 00:00:00,2016,8,-0.5,-0.866,1,0,0,23.41719,91.43187,Tripura,cloudburst,medium,rockfall,450.3,17.2,374.4,1,6.31,1,observed_historical_event
NER-2019-001538,2019-07-25 00:00:00,2019,7,0.0,-1.0,1,0,0,28.83856,95.044,Arunachal Pradesh,continuous_rain,small,slope_failure,2335.1,27.0,415.4,1,16.46,1,observed_historical_event
NER-2016-001539,2016-05-25 00:00:00,2016,5,0.866,-0.5,0,1,0,24.89046,93.68001,Manipur,none,none,non_event,1257.5,20.9,196.1,2,10.41,0,constructed_pseudo_absence
NER-2021-001540,2021-08-25 00:00:00,2021,8,-0.5,-0.866,1,0,0,26.90137,92.20993,Arunachal Pradesh,downpour,large,rockfall,1839.1,44.9,427.4,1,8.36,1,observed_historical_event
NER-2018-001541,2018-04-22 00:00:00,2018,4,1.0,0.0,0,1,0,27.51968,88.28441,Sikkim,downpour,medium,mudslide,2574.5,26.3,292.4,5,11.95,1,observed_historical_event
NER-2019-001542,2019-04-08 00:00:00,2019,4,1.0,0.0,0,1,0,22.46204,92.84189,Mizoram,none,none,non_event,1255.6,33.4,257.6,3,19.37,0,constructed_pseudo_absence
NER-2016-001543,2016-05-22 00:00:00,2016,5,0.866,-0.5,0,1,0,28.95627,94.93449,Arunachal Pradesh,monsoon,medium,mudslide,1874.6,30.8,270.1,1,11.19,1,observed_historical_event
NER-2020-001544,2020-04-04 00:00:00,2020,4,1.0,0.0,0,1,0,27.04874,95.77055,Arunachal Pradesh,none,none,non_event,2155.4,30.0,278.9,0,112.4,0,constructed_pseudo_absence
NER-2020-001545,2020-06-06 00:00:00,2020,6,0.5,-0.866,1,0,0,25.11345,91.40658,Meghalaya,monsoon,medium,landslide,1305.1,19.0,977.4,1,37.28,1,observed_historical_event
NER-2015-001546,2015-06-15 00:00:00,2015,6,0.5,-0.866,1,0,0,29.08118,95.57283,Arunachal Pradesh,downpour,medium,slope_failure,2098.1,37.2,612.9,1,22.17,1,observed_historical_event
NER-2021-001547,2021-07-26 00:00:00,2021,7,0.0,-1.0,1,0,0,26.93771,91.1845,Assam,downpour,medium,debris_flow,579.6,16.9,551.8,0,95.36,1,observed_historical_event
NER-2017-001548,2017-07-28 00:00:00,2017,7,0.0,-1.0,1,0,0,24.41359,91.76952,Tripura,none,none,non_event,235.3,3.0,315.8,2,17.66,0,constructed_pseudo_absence
NER-2017-001549,2017-05-18 00:00:00,2017,5,0.866,-0.5,0,1,0,27.72274,88.15656,Sikkim,downpour,small,debris_flow,1921.9,35.9,507.5,5,3.52,1,observed_historical_event
NER-2018-001550,2018-09-13 00:00:00,2018,9,-0.866,-0.5,1,0,0,24.27073,91.55899,Tripura,none,none,non_event,572.2,9.1,289.8,3,7.15,0,constructed_pseudo_absence
NER-2013-001551,2013-04-08 00:00:00,2013,4,1.0,0.0,0,1,0,27.6942,88.11519,Sikkim,none,none,non_event,2113.5,31.3,125.5,5,4.87,0,constructed_pseudo_absence
NER-2017-001552,2017-10-26 00:00:00,2017,10,-1.0,-0.0,0,0,1,26.42662,92.97537,Assam,none,none,non_event,351.3,23.1,81.0,1,25.38,0,constructed_pseudo_absence
NER-2021-001553,2021-06-23 00:00:00,2021,6,0.5,-0.866,1,0,0,22.42044,92.9974,Mizoram,continuous_rain,medium,mudslide,1021.0,29.1,363.2,3,4.26,1,observed_historical_event
NER-2017-001554,2017-04-19 00:00:00,2017,4,1.0,0.0,0,1,0,27.66052,88.05739,Sikkim,none,none,non_event,2198.2,38.4,226.0,4,10.93,0,constructed_pseudo_absence
NER-2021-001555,2021-08-11 00:00:00,2021,8,-0.5,-0.866,1,0,0,23.28087,92.07913,Tripura,none,none,non_event,195.7,14.4,341.1,1,7.21,0,constructed_pseudo_absence
NER-2012-001556,2012-10-08 00:00:00,2012,10,-1.0,-0.0,0,0,1,23.38924,91.37744,Tripura,none,none,non_event,223.7,5.6,145.9,1,7.7,0,constructed_pseudo_absence
NER-2019-001557,2019-07-08 00:00:00,2019,7,0.0,-1.0,1,0,0,22.64244,93.37976,Mizoram,continuous_rain,large,mudslide,1226.0,34.2,416.5,2,14.37,1,observed_historical_event
NER-2017-001558,2017-05-16 00:00:00,2017,5,0.866,-0.5,0,1,0,24.18439,93.29136,Assam,cloudburst,medium,mudslide,343.1,15.9,287.2,3,23.82,1,observed_historical_event
NER-2016-001559,2016-07-03 00:00:00,2016,7,0.0,-1.0,1,0,0,23.48402,93.0506,Mizoram,downpour,medium,debris_flow,1268.7,24.9,785.8,1,16.0,1,observed_historical_event
NER-2020-001560,2020-07-12 00:00:00,2020,7,0.0,-1.0,1,0,0,25.42612,93.23687,Manipur,monsoon,large,debris_flow,1026.1,31.2,331.2,3,34.69,1,observed_historical_event
NER-2018-001561,2018-10-03 00:00:00,2018,10,-1.0,-0.0,0,0,1,25.46152,93.19814,Manipur,none,none,non_event,850.8,18.1,119.3,2,35.23,0,constructed_pseudo_absence
NER-2010-001562,2010-11-14 00:00:00,2010,11,-0.866,0.5,0,0,1,27.01026,92.20771,Arunachal Pradesh,none,none,non_event,2139.5,31.3,21.0,1,9.59,0,constructed_pseudo_absence
NER-2022-001563,2022-08-15 00:00:00,2022,8,-0.5,-0.866,1,0,0,22.86308,92.57055,Mizoram,continuous_rain,medium,landslide,1072.5,24.1,409.6,1,7.16,1,observed_historical_event
NER-2019-001564,2019-01-17 00:00:00,2019,1,0.0,1.0,0,0,0,25.89889,91.52226,Meghalaya,none,none,non_event,1373.0,30.9,34.3,3,2.09,0,constructed_pseudo_absence
NER-2017-001565,2017-02-26 00:00:00,2017,2,0.5,0.866,0,0,0,25.62388,90.42186,Assam,none,none,non_event,424.0,14.8,46.5,0,104.8,0,constructed_pseudo_absence
NER-2008-001566,2008-12-21 00:00:00,2008,12,-0.5,0.866,0,0,0,22.2058,92.85052,Mizoram,none,none,non_event,1269.6,20.3,2.0,2,26.21,0,constructed_pseudo_absence
NER-2016-001567,2016-08-18 00:00:00,2016,8,-0.5,-0.866,1,0,0,23.81057,91.63233,Tripura,monsoon,large,mudslide,392.6,8.5,353.3,2,12.92,1,observed_historical_event
NER-2018-001568,2018-06-10 00:00:00,2018,6,0.5,-0.866,1,0,0,22.43149,92.75374,Mizoram,continuous_rain,medium,landslide,1031.8,30.3,461.8,2,8.85,1,observed_historical_event
NER-2016-001569,2016-03-10 00:00:00,2016,3,0.866,0.5,0,0,0,22.82351,92.59759,Mizoram,cloudburst,medium,mudslide,812.4,25.9,151.4,2,11.57,1,observed_historical_event
NER-2017-001570,2017-06-27 00:00:00,2017,6,0.5,-0.866,1,0,0,27.49995,88.69466,Sikkim,downpour,medium,slope_failure,2510.8,36.5,613.1,2,32.74,1,observed_historical_event
NER-2016-001571,2016-06-18 00:00:00,2016,6,0.5,-0.866,1,0,0,27.65595,92.48919,Arunachal Pradesh,continuous_rain,very_large,debris_flow,2102.8,42.2,755.1,1,3.8,1,observed_historical_event
NER-2019-001572,2019-06-15 00:00:00,2019,6,0.5,-0.866,1,0,0,25.80728,91.52595,Meghalaya,monsoon,small,landslide,1539.6,36.0,491.6,4,7.7,1,observed_historical_event
NER-2017-001573,2017-07-20 00:00:00,2017,7,0.0,-1.0,1,0,0,25.67324,93.88509,Manipur,road_cutting,medium,rockfall,1515.1,26.6,397.5,2,14.75,1,observed_historical_event
NER-2018-001574,2018-03-20 00:00:00,2018,3,0.866,0.5,0,0,0,23.15082,91.50419,Tripura,none,none,non_event,263.1,17.7,75.2,1,24.24,0,constructed_pseudo_absence
NER-2021-001575,2021-07-28 00:00:00,2021,7,0.0,-1.0,1,0,0,28.05113,88.20678,Sikkim,monsoon,small,slope_failure,2264.1,40.1,567.0,3,16.72,1,observed_historical_event
NER-2019-001576,2019-02-18 00:00:00,2019,2,0.5,0.866,0,0,0,27.41422,91.07031,Assam,none,none,non_event,730.7,20.1,25.9,0,117.78,0,constructed_pseudo_absence
NER-2018-001577,2018-04-13 00:00:00,2018,4,1.0,0.0,0,1,0,25.91204,92.23094,Meghalaya,continuous_rain,small,slope_failure,976.0,28.9,272.8,1,31.27,1,observed_historical_event
NER-2017-001578,2017-09-08 00:00:00,2017,9,-0.866,-0.5,1,0,0,25.40224,91.48823,Meghalaya,downpour,medium,landslide,1412.1,26.4,350.3,1,5.8,1,observed_historical_event
NER-2019-001579,2019-01-03 00:00:00,2019,1,0.0,1.0,0,0,0,25.97421,91.57241,Meghalaya,none,none,non_event,1414.4,18.3,55.6,3,12.92,0,constructed_pseudo_absence
NER-2019-001580,2019-10-22 00:00:00,2019,10,-1.0,-0.0,0,0,1,24.20982,93.07154,Mizoram,downpour,small,landslide,839.7,31.3,178.2,1,44.5,1,observed_historical_event
NER-2009-001581,2009-06-11 00:00:00,2009,6,0.5,-0.866,1,0,0,26.81989,91.15817,Assam,none,none,non_event,324.9,14.8,510.3,0,99.46,0,constructed_pseudo_absence
NER-2021-001582,2021-05-02 00:00:00,2021,5,0.866,-0.5,0,1,0,26.82492,94.16115,Nagaland,monsoon,medium,rockfall,1268.6,33.8,296.2,1,32.28,1,observed_historical_event
NER-2022-001583,2022-04-11 00:00:00,2022,4,1.0,0.0,0,1,0,23.65583,91.42255,Tripura,downpour,medium,slope_failure,92.6,10.2,143.4,2,31.68,1,observed_historical_event
NER-2017-001584,2017-05-04 00:00:00,2017,5,0.866,-0.5,0,1,0,27.46284,88.87422,Sikkim,downpour,small,rockfall,2766.7,42.4,416.6,1,43.7,1,observed_historical_event
NER-2008-001585,2008-06-13 00:00:00,2008,6,0.5,-0.866,1,0,0,26.06089,92.07449,Meghalaya,downpour,large,landslide,1482.6,29.0,611.8,1,28.64,1,observed_historical_event
NER-2018-001586,2018-09-13 00:00:00,2018,9,-0.866,-0.5,1,0,0,26.34507,94.85099,Nagaland,monsoon,small,landslide,1089.8,36.9,294.3,2,32.85,1,observed_historical_event
NER-2019-001587,2019-07-25 00:00:00,2019,7,0.0,-1.0,1,0,0,27.73653,88.31622,Sikkim,downpour,large,landslide,2285.3,35.0,736.4,5,15.41,1,observed_historical_event
NER-2012-001588,2012-07-06 00:00:00,2012,7,0.0,-1.0,1,0,0,27.33145,88.29967,Sikkim,downpour,medium,debris_flow,2351.6,41.3,533.7,3,5.29,1,observed_historical_event
NER-2013-001589,2013-06-06 00:00:00,2013,6,0.5,-0.866,1,0,0,26.76347,94.5031,Nagaland,downpour,medium,slope_failure,1156.6,31.2,464.6,2,13.92,1,observed_historical_event
NER-2018-001590,2018-05-13 00:00:00,2018,5,0.866,-0.5,0,1,0,26.92304,94.4655,Nagaland,monsoon,medium,mudslide,1222.6,21.4,187.2,2,5.69,1,observed_historical_event
NER-2017-001591,2017-10-07 00:00:00,2017,10,-1.0,-0.0,0,0,1,24.19886,92.08722,Tripura,none,none,non_event,271.0,17.8,105.9,1,43.68,0,constructed_pseudo_absence
NER-2021-001592,2021-03-23 00:00:00,2021,3,0.866,0.5,0,0,0,26.18325,94.61682,Nagaland,downpour,medium,landslide,1774.6,39.2,81.7,1,5.22,1,observed_historical_event
NER-2017-001593,2017-04-23 00:00:00,2017,4,1.0,0.0,0,1,0,22.59832,93.30444,Mizoram,none,none,non_event,1444.0,27.1,175.0,2,8.19,0,constructed_pseudo_absence
NER-2018-001594,2018-08-21 00:00:00,2018,8,-0.5,-0.866,1,0,0,23.47699,91.10588,Tripura,none,none,non_event,711.7,19.1,281.8,1,37.4,0,constructed_pseudo_absence
NER-2021-001595,2021-07-05 00:00:00,2021,7,0.0,-1.0,1,0,0,26.0671,94.46847,Nagaland,downpour,large,landslide,1388.9,39.3,782.1,1,15.85,1,observed_historical_event
NER-2016-001596,2016-09-15 00:00:00,2016,9,-0.866,-0.5,1,0,0,26.69791,94.51524,Nagaland,continuous_rain,medium,mudslide,1317.7,34.6,306.2,2,19.79,1,observed_historical_event
NER-2019-001597,2019-09-20 00:00:00,2019,9,-0.866,-0.5,1,0,0,25.03553,93.61084,Manipur,continuous_rain,large,rockfall,865.7,30.6,241.4,3,8.8,1,observed_historical_event
NER-2014-001598,2014-03-05 00:00:00,2014,3,0.866,0.5,0,0,0,22.90205,92.4121,Mizoram,none,none,non_event,1310.6,37.0,75.7,1,11.06,0,constructed_pseudo_absence
NER-2016-001599,2016-07-21 00:00:00,2016,7,0.0,-1.0,1,0,0,24.97104,89.88305,Assam,none,none,non_event,237.4,18.1,345.8,0,136.37,0,constructed_pseudo_absence
NER-2019-001600,2019-06-01 00:00:00,2019,6,0.5,-0.866,1,0,0,24.67463,94.62378,Assam,none,none,non_event,446.1,3.0,488.8,0,100.07,0,constructed_pseudo_absence
NER-2016-001601,2016-04-20 00:00:00,2016,4,1.0,0.0,0,1,0,25.79498,94.00952,Nagaland,monsoon,small,slope_failure,1218.9,36.5,152.6,1,15.72,1,observed_historical_event
NER-2021-001602,2021-07-17 00:00:00,2021,7,0.0,-1.0,1,0,0,27.00811,94.55102,Nagaland,continuous_rain,small,debris_flow,1569.9,40.6,472.9,2,14.87,1,observed_historical_event
NER-2021-001603,2021-08-02 00:00:00,2021,8,-0.5,-0.866,1,0,0,24.2656,93.03832,Mizoram,downpour,small,debris_flow,1158.5,35.3,418.9,0,50.65,1,observed_historical_event
NER-2019-001604,2019-04-24 00:00:00,2019,4,1.0,0.0,0,1,0,23.53243,91.12698,Tripura,none,none,non_event,567.7,18.6,159.7,1,37.48,0,constructed_pseudo_absence
NER-2017-001605,2017-08-26 00:00:00,2017,8,-0.5,-0.866,1,0,0,23.86263,91.5308,Tripura,downpour,medium,landslide,577.0,11.8,523.9,3,9.62,1,observed_historical_event
NER-2019-001606,2019-11-15 00:00:00,2019,11,-0.866,0.5,0,0,1,23.18864,91.53845,Tripura,none,none,non_event,206.7,11.6,51.5,1,23.22,0,constructed_pseudo_absence
NER-2016-001607,2016-08-18 00:00:00,2016,8,-0.5,-0.866,1,0,0,26.97007,92.14574,Arunachal Pradesh,downpour,medium,mudslide,2222.9,39.7,456.5,1,2.53,1,observed_historical_event
NER-2020-001608,2020-07-03 00:00:00,2020,7,0.0,-1.0,1,0,0,24.29119,91.74255,Tripura,downpour,medium,landslide,211.1,25.2,432.9,3,7.84,1,observed_historical_event
NER-2018-001609,2018-09-03 00:00:00,2018,9,-0.866,-0.5,1,0,0,27.49509,92.49396,Arunachal Pradesh,downpour,small,landslide,2472.4,24.1,386.4,1,14.22,1,observed_historical_event
NER-2016-001610,2016-07-23 00:00:00,2016,7,0.0,-1.0,1,0,0,26.59413,93.08345,Assam,downpour,medium,mudslide,515.0,6.3,365.5,1,4.11,1,observed_historical_event
NER-2017-001611,2017-08-22 00:00:00,2017,8,-0.5,-0.866,1,0,0,25.46932,91.52934,Meghalaya,downpour,medium,rockfall,1321.4,31.4,1184.4,3,9.89,1,observed_historical_event
NER-2022-001612,2022-10-14 00:00:00,2022,10,-1.0,-0.0,0,0,1,25.91976,91.21374,Meghalaya,none,none,non_event,1138.7,25.7,181.8,2,31.51,0,constructed_pseudo_absence
NER-2019-001613,2019-05-15 00:00:00,2019,5,0.866,-0.5,0,1,0,25.77188,93.99236,Nagaland,continuous_rain,medium,mudslide,1381.9,37.1,282.3,1,13.81,1,observed_historical_event
NER-2016-001614,2016-06-11 00:00:00,2016,6,0.5,-0.866,1,0,0,28.49717,97.18951,Arunachal Pradesh,downpour,small,debris_flow,1880.7,39.5,626.5,0,161.99,1,observed_historical_event
NER-2017-001615,2017-08-18 00:00:00,2017,8,-0.5,-0.866,1,0,0,25.35681,92.31236,Meghalaya,downpour,medium,debris_flow,1301.5,36.9,585.4,1,39.71,1,observed_historical_event
NER-2011-001616,2011-07-02 00:00:00,2011,7,0.0,-1.0,1,0,0,26.85212,96.89635,Arunachal Pradesh,none,none,non_event,2069.7,27.0,513.1,0,217.28,0,constructed_pseudo_absence
NER-2019-001617,2019-05-19 00:00:00,2019,5,0.866,-0.5,0,1,0,27.55736,88.31687,Sikkim,downpour,medium,landslide,2497.6,39.8,498.6,5,15.71,1,observed_historical_event
NER-2017-001618,2017-06-23 00:00:00,2017,6,0.5,-0.866,1,0,0,29.24396,93.45408,Arunachal Pradesh,continuous_rain,medium,landslide,2318.0,33.1,588.3,1,7.35,1,observed_historical_event
NER-2020-001619,2020-08-08 00:00:00,2020,8,-0.5,-0.866,1,0,0,25.44553,91.356,Meghalaya,downpour,medium,debris_flow,1026.5,23.5,594.8,1,8.2,1,observed_historical_event
NER-2008-001620,2008-08-04 00:00:00,2008,8,-0.5,-0.866,1,0,0,23.95488,92.25711,Tripura,none,none,non_event,305.7,17.0,287.0,0,67.11,0,constructed_pseudo_absence
NER-2019-001621,2019-08-03 00:00:00,2019,8,-0.5,-0.866,1,0,0,25.7653,91.39056,Meghalaya,downpour,small,mudslide,1280.0,20.7,496.6,3,17.37,1,observed_historical_event
NER-2022-001622,2022-09-05 00:00:00,2022,9,-0.866,-0.5,1,0,0,23.85528,91.41925,Tripura,none,none,non_event,486.6,18.9,213.3,2,19.31,0,constructed_pseudo_absence
NER-2010-001623,2010-07-24 00:00:00,2010,7,0.0,-1.0,1,0,0,24.3528,93.23294,Mizoram,continuous_rain,medium,mudslide,1246.9,23.4,405.4,3,33.7,1,observed_historical_event
NER-2019-001624,2019-05-19 00:00:00,2019,5,0.866,-0.5,0,1,0,27.66317,88.15006,Sikkim,continuous_rain,large,debris_flow,2146.3,26.8,327.5,5,4.53,1,observed_historical_event
NER-2022-001625,2022-04-14 00:00:00,2022,4,1.0,0.0,0,1,0,26.63594,94.77598,Nagaland,continuous_rain,small,slope_failure,1719.2,18.7,384.4,2,6.69,1,observed_historical_event
NER-2013-001626,2013-10-21 00:00:00,2013,10,-1.0,-0.0,0,0,1,25.62446,89.96257,Meghalaya,none,none,non_event,1332.4,29.5,181.6,0,149.84,0,constructed_pseudo_absence
NER-2021-001627,2021-12-18 00:00:00,2021,12,-0.5,0.866,0,0,0,24.01814,91.61521,Tripura,none,none,non_event,385.5,25.4,28.2,3,10.47,0,constructed_pseudo_absence
NER-2022-001628,2022-07-13 00:00:00,2022,7,0.0,-1.0,1,0,0,24.29082,91.02955,Assam,continuous_rain,medium,debris_flow,619.8,16.6,447.1,2,1.26,1,observed_historical_event
NER-2020-001629,2020-07-05 00:00:00,2020,7,0.0,-1.0,1,0,0,25.36633,92.09748,Meghalaya,downpour,small,rockfall,1363.0,26.1,949.6,0,53.81,1,observed_historical_event
NER-2018-001630,2018-07-05 00:00:00,2018,7,0.0,-1.0,1,0,0,22.9679,92.70438,Mizoram,continuous_rain,medium,debris_flow,1131.5,38.8,378.8,1,22.6,1,observed_historical_event
NER-2008-001631,2008-10-05 00:00:00,2008,10,-1.0,-0.0,0,0,1,24.32641,91.6987,Tripura,none,none,non_event,460.0,28.8,143.3,3,6.07,0,constructed_pseudo_absence
NER-2016-001632,2016-07-08 00:00:00,2016,7,0.0,-1.0,1,0,0,26.42856,95.72628,Assam,continuous_rain,small,mudslide,272.5,15.8,613.5,0,102.19,1,observed_historical_event
NER-2021-001633,2021-02-13 00:00:00,2021,2,0.5,0.866,0,0,0,25.77666,91.6055,Meghalaya,downpour,very_large,mudslide,1518.7,29.2,25.2,4,8.36,1,observed_historical_event
NER-2020-001634,2020-09-10 00:00:00,2020,9,-0.866,-0.5,1,0,0,23.24622,91.8754,Tripura,none,none,non_event,80.0,8.4,235.0,2,28.22,0,constructed_pseudo_absence
NER-2021-001635,2021-08-08 00:00:00,2021,8,-0.5,-0.866,1,0,0,27.86678,87.98187,Sikkim,downpour,small,rockfall,2756.8,23.6,472.6,3,23.45,1,observed_historical_event
NER-2019-001636,2019-08-02 00:00:00,2019,8,-0.5,-0.866,1,0,0,28.03481,88.22553,Sikkim,downpour,small,rockfall,2361.7,37.4,400.2,3,13.6,1,observed_historical_event
NER-2014-001637,2014-04-03 00:00:00,2014,4,1.0,0.0,0,1,0,27.16155,92.90226,Arunachal Pradesh,none,none,non_event,2237.6,29.7,262.2,0,65.54,0,constructed_pseudo_absence
NER-2022-001638,2022-06-01 00:00:00,2022,6,0.5,-0.866,1,0,0,27.65723,92.55999,Arunachal Pradesh,continuous_rain,small,landslide,2027.6,32.9,378.5,1,8.36,1,observed_historical_event
NER-2020-001639,2020-07-15 00:00:00,2020,7,0.0,-1.0,1,0,0,24.21573,93.32024,Mizoram,none,none,non_event,1235.7,23.0,383.1,3,25.79,0,constructed_pseudo_absence
NER-2020-001640,2020-07-10 00:00:00,2020,7,0.0,-1.0,1,0,0,26.88043,92.22999,Arunachal Pradesh,monsoon,medium,debris_flow,1851.4,46.9,553.8,1,11.66,1,observed_historical_event
NER-2013-001641,2013-04-15 00:00:00,2013,4,1.0,0.0,0,1,0,24.9213,93.6967,Manipur,none,none,non_event,1076.5,20.9,132.5,2,7.13,0,constructed_pseudo_absence
NER-2019-001642,2019-08-02 00:00:00,2019,8,-0.5,-0.866,1,0,0,22.12467,93.28586,Mizoram,downpour,medium,slope_failure,1354.0,23.7,695.2,1,41.15,1,observed_historical_event
NER-2016-001643,2016-08-25 00:00:00,2016,8,-0.5,-0.866,1,0,0,26.87945,94.48957,Nagaland,continuous_rain,medium,landslide,1156.6,28.8,423.1,2,0.4,1,observed_historical_event
NER-2021-001644,2021-06-10 00:00:00,2021,6,0.5,-0.866,1,0,0,27.88072,93.33654,Assam,none,none,non_event,738.0,22.4,356.8,0,89.36,0,constructed_pseudo_absence
NER-2018-001645,2018-05-12 00:00:00,2018,5,0.866,-0.5,0,1,0,27.38317,96.44688,Arunachal Pradesh,none,none,non_event,2270.9,25.1,342.0,0,186.02,0,constructed_pseudo_absence
NER-2021-001646,2021-04-01 00:00:00,2021,4,1.0,0.0,0,1,0,24.14711,91.92219,Tripura,none,none,non_event,80.0,15.0,183.8,3,29.75,0,constructed_pseudo_absence
NER-2017-001647,2017-05-18 00:00:00,2017,5,0.866,-0.5,0,1,0,25.19082,94.07478,Manipur,downpour,small,slope_failure,1197.0,21.5,400.9,1,45.45,1,observed_historical_event
NER-2016-001648,2016-07-24 00:00:00,2016,7,0.0,-1.0,1,0,0,24.25196,91.51654,Tripura,none,none,non_event,462.0,11.2,414.0,3,2.25,0,constructed_pseudo_absence
NER-2016-001649,2016-12-06 00:00:00,2016,12,-0.5,0.866,0,0,0,29.16852,93.6504,Arunachal Pradesh,none,none,non_event,1953.5,24.6,2.0,1,18.49,0,constructed_pseudo_absence
NER-2014-001650,2014-06-28 00:00:00,2014,6,0.5,-0.866,1,0,0,25.49644,90.7277,Meghalaya,none,none,non_event,1260.1,25.2,471.5,0,72.87,0,constructed_pseudo_absence
NER-2016-001651,2016-06-04 00:00:00,2016,6,0.5,-0.866,1,0,0,27.59756,92.49447,Arunachal Pradesh,cloudburst,very_large,mudslide,2281.2,30.7,515.2,1,1.96,1,observed_historical_event
NER-2016-001652,2016-08-13 00:00:00,2016,8,-0.5,-0.866,1,0,0,22.90768,91.73623,Tripura,downpour,medium,rockfall,142.2,23.1,451.3,0,58.5,1,observed_historical_event
NER-2020-001653,2020-07-17 00:00:00,2020,7,0.0,-1.0,1,0,0,26.5556,93.12312,Assam,continuous_rain,small,debris_flow,425.9,3.0,455.5,1,5.68,1,observed_historical_event
NER-2019-001654,2019-08-04 00:00:00,2019,8,-0.5,-0.866,1,0,0,23.06137,92.62006,Mizoram,continuous_rain,large,slope_failure,1171.3,31.6,589.9,1,21.81,1,observed_historical_event
NER-2016-001655,2016-05-27 00:00:00,2016,5,0.866,-0.5,0,1,0,25.12956,91.79803,Meghalaya,continuous_rain,large,landslide,1235.7,29.4,548.0,1,50.39,1,observed_historical_event
NER-2019-001656,2019-08-05 00:00:00,2019,8,-0.5,-0.866,1,0,0,29.24136,93.66191,Arunachal Pradesh,continuous_rain,small,landslide,2246.9,34.3,682.8,1,15.44,1,observed_historical_event
NER-2020-001657,2020-05-10 00:00:00,2020,5,0.866,-0.5,0,1,0,24.06323,93.52619,Manipur,monsoon,small,rockfall,889.8,22.4,372.8,3,3.08,1,observed_historical_event
NER-2020-001658,2020-02-09 00:00:00,2020,2,0.5,0.866,0,0,0,27.49542,92.36829,Arunachal Pradesh,none,none,non_event,2298.9,42.2,28.5,1,18.27,0,constructed_pseudo_absence
NER-2013-001659,2013-05-11 00:00:00,2013,5,0.866,-0.5,0,1,0,24.29148,91.45067,Tripura,road_cutting,very_large,rockfall,456.3,11.8,424.4,4,10.55,1,observed_historical_event
NER-2018-001660,2018-08-03 00:00:00,2018,8,-0.5,-0.866,1,0,0,28.28614,92.98189,Arunachal Pradesh,downpour,medium,slope_failure,2261.2,35.6,368.3,0,89.72,1,observed_historical_event
NER-2016-001661,2016-11-14 00:00:00,2016,11,-0.866,0.5,0,0,1,22.94536,93.0463,Mizoram,none,none,non_event,1165.9,34.3,96.2,1,38.15,0,constructed_pseudo_absence
NER-2022-001662,2022-06-08 00:00:00,2022,6,0.5,-0.866,1,0,0,25.12648,93.2044,Manipur,monsoon,large,rockfall,1071.4,24.9,315.7,3,4.82,1,observed_historical_event
NER-2022-001663,2022-09-14 00:00:00,2022,9,-0.866,-0.5,1,0,0,25.10938,93.13744,Manipur,continuous_rain,medium,landslide,927.5,18.3,264.7,3,3.95,1,observed_historical_event
NER-2018-001664,2018-06-28 00:00:00,2018,6,0.5,-0.866,1,0,0,27.14762,89.87338,Assam,continuous_rain,medium,debris_flow,359.3,23.7,394.2,1,6.48,1,observed_historical_event
NER-2014-001665,2014-06-02 00:00:00,2014,6,0.5,-0.866,1,0,0,27.51669,97.11849,Arunachal Pradesh,monsoon,very_large,slope_failure,2151.0,41.1,583.6,0,213.58,1,observed_historical_event
NER-2021-001666,2021-05-22 00:00:00,2021,5,0.866,-0.5,0,1,0,27.35307,88.12902,Sikkim,downpour,medium,rockfall,2122.3,31.0,446.9,3,17.59,1,observed_historical_event
NER-2019-001667,2019-10-24 00:00:00,2019,10,-1.0,-0.0,0,0,1,24.19794,93.69011,Manipur,none,none,non_event,1073.4,14.3,117.4,3,16.04,0,constructed_pseudo_absence
NER-2020-001668,2020-12-16 00:00:00,2020,12,-0.5,0.866,0,0,0,25.6245,92.54981,Meghalaya,none,none,non_event,1584.2,29.7,15.9,1,8.28,0,constructed_pseudo_absence
NER-2022-001669,2022-08-21 00:00:00,2022,8,-0.5,-0.866,1,0,0,23.14888,92.61055,Mizoram,none,none,non_event,857.7,25.2,453.1,1,30.66,0,constructed_pseudo_absence
NER-2018-001670,2018-05-17 00:00:00,2018,5,0.866,-0.5,0,1,0,27.48078,88.17471,Sikkim,monsoon,large,landslide,2481.3,45.4,425.5,4,3.24,1,observed_historical_event
NER-2018-001671,2018-05-14 00:00:00,2018,5,0.866,-0.5,0,1,0,27.76026,92.46934,Arunachal Pradesh,continuous_rain,large,landslide,2212.2,30.8,314.3,1,15.78,1,observed_historical_event
NER-2021-001672,2021-06-17 00:00:00,2021,6,0.5,-0.866,1,0,0,24.02731,93.48029,Manipur,continuous_rain,small,mudslide,1144.1,21.3,415.0,3,1.08,1,observed_historical_event
NER-2020-001673,2020-06-18 00:00:00,2020,6,0.5,-0.866,1,0,0,27.06586,92.17256,Arunachal Pradesh,continuous_rain,small,mudslide,2151.5,30.8,460.7,1,13.69,1,observed_historical_event
NER-2016-001674,2016-07-20 00:00:00,2016,7,0.0,-1.0,1,0,0,27.85878,88.2642,Sikkim,cloudburst,medium,rockfall,2504.4,31.5,410.9,4,7.39,1,observed_historical_event
NER-2019-001675,2019-07-02 00:00:00,2019,7,0.0,-1.0,1,0,0,25.88051,91.48524,Meghalaya,monsoon,medium,rockfall,1251.7,36.3,562.5,4,2.74,1,observed_historical_event
NER-2020-001676,2020-08-03 00:00:00,2020,8,-0.5,-0.866,1,0,0,24.3816,91.53898,Tripura,road_cutting,medium,debris_flow,587.4,21.0,392.9,2,16.15,1,observed_historical_event
NER-2008-001677,2008-09-11 00:00:00,2008,9,-0.866,-0.5,1,0,0,22.52398,92.95503,Mizoram,cloudburst,medium,landslide,1487.1,26.9,293.6,3,15.47,1,observed_historical_event
NER-2013-001678,2013-04-28 00:00:00,2013,4,1.0,0.0,0,1,0,22.85413,93.17081,Mizoram,none,none,non_event,903.0,35.8,135.2,1,24.0,0,constructed_pseudo_absence
NER-2016-001679,2016-09-20 00:00:00,2016,9,-0.866,-0.5,1,0,0,25.53295,93.8688,Nagaland,monsoon,medium,rockfall,1460.9,32.6,434.1,2,29.66,1,observed_historical_event
NER-2016-001680,2016-07-25 00:00:00,2016,7,0.0,-1.0,1,0,0,24.08494,93.45682,Manipur,road_cutting,large,debris_flow,1014.3,14.8,353.7,3,5.04,1,observed_historical_event
NER-2021-001681,2021-09-26 00:00:00,2021,9,-0.866,-0.5,1,0,0,26.76911,94.79597,Nagaland,none,none,non_event,1361.1,41.8,263.2,2,15.13,0,constructed_pseudo_absence
NER-2018-001682,2018-10-16 00:00:00,2018,10,-1.0,-0.0,0,0,1,27.31552,88.16585,Sikkim,none,none,non_event,2094.2,28.1,128.0,3,14.96,0,constructed_pseudo_absence
NER-2018-001683,2018-08-24 00:00:00,2018,8,-0.5,-0.866,1,0,0,25.12175,92.86474,Assam,none,none,non_event,530.5,15.3,313.1,2,13.05,0,constructed_pseudo_absence
NER-2019-001684,2019-05-27 00:00:00,2019,5,0.866,-0.5,0,1,0,26.96373,94.59988,Nagaland,downpour,large,slope_failure,1518.6,34.6,319.9,2,13.33,1,observed_historical_event
NER-2021-001685,2021-07-03 00:00:00,2021,7,0.0,-1.0,1,0,0,27.7613,88.30672,Sikkim,continuous_rain,small,mudslide,2221.0,37.2,738.0,5,15.93,1,observed_historical_event
NER-2011-001686,2011-03-05 00:00:00,2011,3,0.866,0.5,0,0,0,25.74875,93.37828,Nagaland,none,none,non_event,1619.8,40.2,140.2,2,11.06,0,constructed_pseudo_absence
NER-2011-001687,2011-08-19 00:00:00,2011,8,-0.5,-0.866,1,0,0,27.80172,88.07426,Sikkim,downpour,medium,mudslide,2321.0,34.3,624.5,3,14.47,1,observed_historical_event
NER-2019-001688,2019-03-17 00:00:00,2019,3,0.866,0.5,0,0,0,22.32663,93.15297,Mizoram,none,none,non_event,666.8,22.9,73.4,3,15.72,0,constructed_pseudo_absence
NER-2017-001689,2017-04-01 00:00:00,2017,4,1.0,0.0,0,1,0,26.39185,95.12339,Nagaland,none,none,non_event,1394.8,36.9,204.4,1,49.85,0,constructed_pseudo_absence
NER-2008-001690,2008-10-25 00:00:00,2008,10,-1.0,-0.0,0,0,1,23.87928,92.13166,Tripura,none,none,non_event,467.3,24.7,182.0,0,54.87,0,constructed_pseudo_absence
NER-2020-001691,2020-05-23 00:00:00,2020,5,0.866,-0.5,0,1,0,26.20878,94.65105,Nagaland,continuous_rain,large,debris_flow,1750.2,39.8,292.6,2,7.97,1,observed_historical_event
NER-2017-001692,2017-09-26 00:00:00,2017,9,-0.866,-0.5,1,0,0,27.57917,94.65365,Arunachal Pradesh,continuous_rain,small,debris_flow,2274.1,40.8,352.0,0,79.34,1,observed_historical_event
NER-2020-001693,2020-09-11 00:00:00,2020,9,-0.866,-0.5,1,0,0,24.24155,91.26965,Tripura,continuous_rain,small,slope_failure,96.7,17.2,338.0,4,24.12,1,observed_historical_event
NER-2010-001694,2010-08-08 00:00:00,2010,8,-0.5,-0.866,1,0,0,25.82509,91.49632,Meghalaya,continuous_rain,small,mudslide,1406.2,31.2,776.2,4,6.87,1,observed_historical_event
NER-2018-001695,2018-06-26 00:00:00,2018,6,0.5,-0.866,1,0,0,24.26598,91.46747,Tripura,continuous_rain,medium,mudslide,428.1,16.1,382.8,4,5.92,1,observed_historical_event
NER-2016-001696,2016-05-17 00:00:00,2016,5,0.866,-0.5,0,1,0,23.47678,91.52715,Tripura,downpour,medium,landslide,640.1,23.0,263.5,2,13.99,1,observed_historical_event
NER-2018-001697,2018-06-01 00:00:00,2018,6,0.5,-0.866,1,0,0,26.77941,93.44464,Nagaland,continuous_rain,medium,debris_flow,1272.1,35.5,577.5,1,36.99,1,observed_historical_event
NER-2017-001698,2017-06-25 00:00:00,2017,6,0.5,-0.866,1,0,0,26.15648,94.56388,Nagaland,downpour,medium,slope_failure,1613.6,26.4,435.4,1,4.22,1,observed_historical_event
NER-2016-001699,2016-01-01 00:00:00,2016,1,0.0,1.0,0,0,0,25.36689,95.11503,Nagaland,none,none,non_event,1567.2,36.7,28.8,0,107.03,0,constructed_pseudo_absence
NER-2010-001700,2010-08-21 00:00:00,2010,8,-0.5,-0.866,1,0,0,24.44545,91.63402,Tripura,downpour,medium,rockfall,427.4,11.3,479.6,2,19.1,1,observed_historical_event
